// Generated by tools/gen_splash_logo.py — do not edit by hand.
#pragma once

#include <stdint.h>

static constexpr int kSplashLogoW = 206;
static constexpr int kSplashLogoH = 130;

static const uint16_t kSplashLogo[] = {
    0x0000, 0x0000, 0x0000, 0x0000, 0x0000, 0x0000, 0x0000, 0x0000, 0x0000, 0x0000, 0x0000, 0x0000,
    0x0000, 0x0000, 0x0000, 0x0000, 0x0000, 0x0000, 0x0000, 0x0000, 0x0000, 0x0000, 0x0000, 0x0000,
    0x0000, 0x0000, 0x0000, 0x0000, 0x0000, 0x0000, 0x0000, 0x0000, 0x0000, 0x0000, 0x0000, 0x0000,
    0x0000, 0x0000, 0x0000, 0x0000, 0x0000, 0x0000, 0x0000, 0x0000, 0x0000, 0x0000, 0x0000, 0x0000,
    0x0000, 0x0000, 0x0000, 0x0000, 0x0000, 0x0000, 0x0000, 0x0000, 0x0000, 0x0000, 0x0000, 0x0000,
    0x0000, 0x0000, 0x0000, 0x0000, 0x0000, 0x0000, 0x0000, 0x0000, 0x0000, 0x0000, 0x0000, 0x0000,
    0x0000, 0x0000, 0x0000, 0x0000, 0x0000, 0x0000, 0x0000, 0x0000, 0x0000, 0x0000, 0x0000, 0x0000,
    0x0000, 0x0000, 0x0000, 0x0000, 0x0000, 0x0000, 0x0000, 0x0000, 0x0000, 0x1082, 0x10A2, 0x18A3,
    0x18C3, 0x18E3, 0x2104, 0x2124, 0x2945, 0x2945, 0x2945, 0x2945, 0x2945, 0x2945, 0x2124, 0x2104,
    0x18E3, 0x18C3, 0x18C3, 0x18A3, 0x1082, 0x0000, 0x0000, 0x0000, 0x0000, 0x0000, 0x0000, 0x0000,
    0x0000, 0x0000, 0x0000, 0x0000, 0x0000, 0x0000, 0x0000, 0x0000, 0x0000, 0x0000, 0x0000, 0x0000,
    0x0000, 0x0000, 0x0000, 0x0000, 0x0000, 0x0000, 0x0000, 0x0000, 0x0000, 0x0000, 0x0000, 0x0000,
    0x0000, 0x0000, 0x0000, 0x0000, 0x0000, 0x0000, 0x0000, 0x0000, 0x0000, 0x0000, 0x0000, 0x0000,
    0x0000, 0x0000, 0x0000, 0x0000, 0x0000, 0x0000, 0x0000, 0x0000, 0x0000, 0x0000, 0x0000, 0x0000,
    0x0000, 0x0000, 0x0000, 0x0000, 0x0000, 0x0000, 0x0000, 0x0000, 0x0000, 0x0000, 0x0000, 0x0000,
    0x0000, 0x0000, 0x0000, 0x0000, 0x0000, 0x0000, 0x0000, 0x0000, 0x0000, 0x0000, 0x0000, 0x0000,
    0x0000, 0x0000, 0x0000, 0x0000, 0x0000, 0x0000, 0x0000, 0x0000, 0x0000, 0x0000, 0x0000, 0x0000,
    0x0000, 0x0000, 0x0000, 0x0000, 0x0000, 0x0000, 0x0000, 0x0000, 0x0000, 0x0000, 0x0000, 0x0000,
    0x0000, 0x0000, 0x0000, 0x0000, 0x0000, 0x0000, 0x0000, 0x0000, 0x0000, 0x0000, 0x0000, 0x0000,
    0x0000, 0x0000, 0x0000, 0x0000, 0x0000, 0x0000, 0x0000, 0x0000, 0x0000, 0x0000, 0x0000, 0x0000,
    0x0000, 0x0000, 0x0000, 0x0000, 0x0000, 0x0000, 0x0000, 0x0000, 0x0000, 0x0000, 0x0000, 0x0000,
    0x0000, 0x0000, 0x0000, 0x0000, 0x0000, 0x0000, 0x0000, 0x0000, 0x0000, 0x0000, 0x0000, 0x0000,
    0x0000, 0x0000, 0x0000, 0x0000, 0x0000, 0x0000, 0x0000, 0x0000, 0x0000, 0x0000, 0x0000, 0x0000,
    0x0000, 0x0000, 0x0000, 0x0000, 0x0000, 0x0000, 0x0000, 0x0000, 0x0000, 0x0000, 0x0000, 0x0000,
    0x0000, 0x0000, 0x0020, 0x1082, 0x2104, 0x2124, 0x2945, 0x2965, 0x3165, 0x31A6, 0x39E7, 0x4228,
    0x4A49, 0x5269, 0x5289, 0x4A69, 0x4A49, 0x4A49, 0x4A69, 0x5269, 0x4A49, 0x4A69, 0x4A49, 0x4A49,
    0x4A49, 0x4A49, 0x4A49, 0x4A69, 0x4A69, 0x4A49, 0x4228, 0x39E7, 0x3185, 0x2965, 0x2945, 0x2945,
    0x2124, 0x18E3, 0x0862, 0x0000, 0x0000, 0x0000, 0x0000, 0x0000, 0x0000, 0x0000, 0x0000, 0x0000,
    0x0000, 0x0000, 0x0000, 0x0000, 0x0000, 0x0000, 0x0000, 0x0000, 0x0000, 0x0000, 0x0000, 0x0000,
    0x0000, 0x0000, 0x0000, 0x0000, 0x0000, 0x0000, 0x0000, 0x0000, 0x0000, 0x0000, 0x0000, 0x0000,
    0x0000, 0x0000, 0x0000, 0x0000, 0x0000, 0x0000, 0x0000, 0x0000, 0x0000, 0x0000, 0x0000, 0x0000,
    0x0000, 0x0000, 0x0000, 0x0000, 0x0000, 0x0000, 0x0000, 0x0000, 0x0000, 0x0000, 0x0000, 0x0000,
    0x0000, 0x0000, 0x0000, 0x0000, 0x0000, 0x0000, 0x0000, 0x0000, 0x0000, 0x0000, 0x0000, 0x0000,
    0x0000, 0x0000, 0x0000, 0x0000, 0x0000, 0x0000, 0x0000, 0x0000, 0x0000, 0x0000, 0x0000, 0x0000,
    0x0000, 0x0000, 0x0000, 0x0000, 0x0000, 0x0000, 0x0000, 0x0000, 0x0000, 0x0000, 0x0000, 0x0000,
    0x0000, 0x0000, 0x0000, 0x0000, 0x0000, 0x0000, 0x0000, 0x0000, 0x0000, 0x0000, 0x0000, 0x0000,
    0x0000, 0x0000, 0x0000, 0x0000, 0x0000, 0x0000, 0x0000, 0x0000, 0x0000, 0x0000, 0x0000, 0x0000,
    0x0000, 0x0000, 0x0000, 0x0000, 0x0000, 0x0000, 0x0000, 0x0000, 0x0000, 0x0000, 0x0000, 0x0000,
    0x0000, 0x0000, 0x0000, 0x0000, 0x0000, 0x0000, 0x0000, 0x0000, 0x0000, 0x0000, 0x0000, 0x0000,
    0x0000, 0x0000, 0x0000, 0x0000, 0x0000, 0x0000, 0x0000, 0x0000, 0x0000, 0x0000, 0x0000, 0x0000,
    0x0000, 0x0000, 0x0000, 0x0000, 0x0000, 0x0000, 0x0000, 0x0000, 0x0000, 0x0000, 0x0000, 0x1082,
    0x18E3, 0x18E3, 0x2104, 0x39C7, 0x4A6A, 0x4A49, 0x4A69, 0x528A, 0x52AA, 0x528A, 0x528A, 0x528A,
    0x4A69, 0x4A49, 0x4A49, 0x4A49, 0x4A49, 0x4A69, 0x4A69, 0x4A69, 0x526A, 0x528A, 0x526A, 0x528A,
    0x528A, 0x4A6A, 0x4A69, 0x4A69, 0x4A69, 0x4A69, 0x4A69, 0x4A49, 0x4A69, 0x4A69, 0x528A, 0x528A,
    0x52AA, 0x52AA, 0x4A6A, 0x4A49, 0x4A49, 0x4229, 0x3186, 0x18C3, 0x18C3, 0x18C3, 0x0861, 0x0000,
    0x0000, 0x0000, 0x0000, 0x0000, 0x0000, 0x0000, 0x0000, 0x0000, 0x0000, 0x0000, 0x0000, 0x0000,
    0x0000, 0x0000, 0x0000, 0x0000, 0x0000, 0x0000, 0x0000, 0x0000, 0x0000, 0x0000, 0x0000, 0x0000,
    0x0000, 0x0000, 0x0000, 0x0000, 0x0000, 0x0000, 0x0000, 0x0000, 0x0000, 0x0000, 0x0000, 0x0000,
    0x0000, 0x0000, 0x0000, 0x0000, 0x0000, 0x0000, 0x0000, 0x0000, 0x0000, 0x0000, 0x0000, 0x0000,
    0x0000, 0x0000, 0x0000, 0x0000, 0x0000, 0x0000, 0x0000, 0x0000, 0x0000, 0x0000, 0x0000, 0x0000,
    0x0000, 0x0000, 0x0000, 0x0000, 0x0000, 0x0000, 0x0000, 0x0000, 0x0000, 0x0000, 0x0000, 0x0000,
    0x0000, 0x0000, 0x0000, 0x0000, 0x0000, 0x0000, 0x0000, 0x0000, 0x0000, 0x0000, 0x0000, 0x0000,
    0x0000, 0x0000, 0x0000, 0x0000, 0x0000, 0x0000, 0x0000, 0x0000, 0x0000, 0x0000, 0x0000, 0x0000,
    0x0000, 0x0000, 0x0000, 0x0000, 0x0000, 0x0000, 0x0000, 0x0000, 0x0000, 0x0000, 0x0000, 0x0000,
    0x0000, 0x0000, 0x0000, 0x0000, 0x0000, 0x0000, 0x0000, 0x0000, 0x0000, 0x0000, 0x0000, 0x0000,
    0x0000, 0x0000, 0x0000, 0x0000, 0x0000, 0x0000, 0x0000, 0x0000, 0x0000, 0x0000, 0x0000, 0x0000,
    0x0000, 0x0000, 0x0000, 0x0000, 0x0000, 0x0000, 0x0000, 0x0000, 0x0000, 0x0000, 0x0000, 0x0000,
    0x0000, 0x0000, 0x0000, 0x0000, 0x0000, 0x0000, 0x0000, 0x0000, 0x0000, 0x0841, 0x1082, 0x2966,
    0x39E7, 0x4228, 0x4A49, 0x528A, 0x4A6A, 0x4A6A, 0x528A, 0x528A, 0x528B, 0x4A8B, 0x4A8A, 0x4A6A,
    0x4A6A, 0x4A6A, 0x4A6A, 0x4A6A, 0x4A49, 0x4A49, 0x4A6A, 0x4A6A, 0x4A6A, 0x4A6A, 0x4A8A, 0x4A8A,
    0x4A8A, 0x4A8A, 0x4A6A, 0x4A6A, 0x4A6A, 0x4A6A, 0x4A6A, 0x4A6A, 0x4A6A, 0x4A69, 0x4A6A, 0x4A6A,
    0x4A6A, 0x4A6A, 0x4A6A, 0x4A6A, 0x4A6A, 0x526A, 0x4A69, 0x4A49, 0x4A6A, 0x4A49, 0x4A49, 0x4A29,
    0x39E8, 0x39C7, 0x2945, 0x0861, 0x0841, 0x0000, 0x0000, 0x0000, 0x0000, 0x0000, 0x0000, 0x0000,
    0x0000, 0x0000, 0x0000, 0x0000, 0x0000, 0x0000, 0x0000, 0x0000, 0x0000, 0x0000, 0x0000, 0x0000,
    0x0000, 0x0000, 0x0000, 0x0000, 0x0000, 0x0000, 0x0000, 0x0000, 0x0000, 0x0000, 0x0000, 0x0000,
    0x0000, 0x0000, 0x0000, 0x0000, 0x0000, 0x0000, 0x0000, 0x0000, 0x0000, 0x0000, 0x0000, 0x0000,
    0x0000, 0x0000, 0x0000, 0x0000, 0x0000, 0x0000, 0x0000, 0x0000, 0x0000, 0x0000, 0x0000, 0x0000,
    0x0000, 0x0000, 0x0000, 0x0000, 0x0000, 0x0000, 0x0000, 0x0000, 0x0000, 0x0000, 0x0000, 0x0000,
    0x0000, 0x0000, 0x0000, 0x0000, 0x0000, 0x0000, 0x0000, 0x0000, 0x0000, 0x0000, 0x0000, 0x0000,
    0x0000, 0x0000, 0x0000, 0x0000, 0x0000, 0x0000, 0x0000, 0x0000, 0x0000, 0x0000, 0x0000, 0x0000,
    0x0000, 0x0000, 0x0000, 0x0000, 0x0000, 0x0000, 0x0000, 0x0000, 0x0000, 0x0000, 0x0000, 0x0000,
    0x0000, 0x0000, 0x0000, 0x0000, 0x0000, 0x0000, 0x0000, 0x0000, 0x0000, 0x0000, 0x0000, 0x0000,
    0x0000, 0x0000, 0x0000, 0x0000, 0x0000, 0x0000, 0x0000, 0x0000, 0x0000, 0x0000, 0x0000, 0x0000,
    0x0000, 0x0000, 0x0000, 0x0000, 0x0000, 0x0000, 0x0000, 0x0000, 0x0000, 0x0000, 0x0000, 0x0000,
    0x0000, 0x0000, 0x0000, 0x0000, 0x0000, 0x0000, 0x0000, 0x0000, 0x10A2, 0x2965, 0x4228, 0x4A49,
    0x4A49, 0x4A6A, 0x4A6A, 0x4A49, 0x4A49, 0x4A49, 0x4229, 0x4A69, 0x4A69, 0x4A69, 0x528A, 0x528A,
    0x528A, 0x528A, 0x528A, 0x526A, 0x4A69, 0x4A49, 0x4228, 0x4208, 0x4208, 0x4A28, 0x4A28, 0x4A28,
    0x4A28, 0x4A49, 0x4A49, 0x4A49, 0x4A49, 0x4A48, 0x4A28, 0x4A28, 0x4A08, 0x4A08, 0x4A28, 0x4A28,
    0x4A28, 0x4A49, 0x526A, 0x528A, 0x528A, 0x528A, 0x528A, 0x5269, 0x4A49, 0x4A49, 0x4A29, 0x4A49,
    0x4A49, 0x4A29, 0x4A49, 0x4A6A, 0x4A69, 0x4A49, 0x4A49, 0x4208, 0x2945, 0x1082, 0x0000, 0x0000,
    0x0000, 0x0000, 0x0000, 0x0000, 0x0000, 0x0000, 0x0000, 0x0000, 0x0000, 0x0000, 0x0000, 0x0000,
    0x0000, 0x0000, 0x0000, 0x0000, 0x0000, 0x0000, 0x0000, 0x0000, 0x0000, 0x0000, 0x0000, 0x0000,
    0x0000, 0x0000, 0x0000, 0x0000, 0x0000, 0x0000, 0x0000, 0x0000, 0x0000, 0x0000, 0x0000, 0x0000,
    0x0000, 0x0000, 0x0000, 0x0000, 0x0000, 0x0000, 0x0000, 0x0000, 0x0000, 0x0000, 0x0000, 0x0000,
    0x0000, 0x0000, 0x0000, 0x0000, 0x0000, 0x0000, 0x0000, 0x0000, 0x0000, 0x0000, 0x0000, 0x0000,
    0x0000, 0x0000, 0x0000, 0x0000, 0x0000, 0x0000, 0x0000, 0x0000, 0x0000, 0x0000, 0x0000, 0x0000,
    0x0000, 0x0000, 0x0000, 0x0000, 0x0000, 0x0000, 0x0000, 0x0000, 0x0000, 0x0000, 0x0000, 0x0000,
    0x0000, 0x0000, 0x0000, 0x0000, 0x0000, 0x0000, 0x0000, 0x0000, 0x0000, 0x0000, 0x0000, 0x0000,
    0x0000, 0x0000, 0x0000, 0x0000, 0x0000, 0x0000, 0x0000, 0x0000, 0x0000, 0x0000, 0x0000, 0x0000,
    0x0000, 0x0000, 0x0000, 0x0000, 0x0000, 0x0000, 0x0000, 0x0000, 0x0000, 0x0000, 0x0000, 0x0000,
    0x0000, 0x0000, 0x0000, 0x0000, 0x0000, 0x0000, 0x0000, 0x0000, 0x0000, 0x0000, 0x0000, 0x0000,
    0x0000, 0x0000, 0x0000, 0x0000, 0x0000, 0x0000, 0x0020, 0x18C3, 0x2965, 0x39E7, 0x528A, 0x52AA,
    0x528A, 0x528A, 0x528A, 0x4A49, 0x4A49, 0x4A49, 0x4A49, 0x4A49, 0x4A49, 0x4A49, 0x4A49, 0x4A49,
    0x4A48, 0x4A28, 0x4A08, 0x4A28, 0x5248, 0x5A89, 0x62A9, 0x62C9, 0x6AEA, 0x6AEA, 0x732B, 0x7B4B,
    0x838C, 0x8BAC, 0x8BCD, 0x93CD, 0x93EE, 0x93EE, 0x93EE, 0x93EE, 0x93EE, 0x8BCD, 0x838C, 0x7B4B,
    0x730A, 0x6AEA, 0x6AEA, 0x62A9, 0x5A68, 0x5228, 0x4A07, 0x4A07, 0x4A28, 0x4A28, 0x4A28, 0x4A28,
    0x4A69, 0x4A49, 0x4A69, 0x4A69, 0x4A49, 0x4A49, 0x4A69, 0x528A, 0x528A, 0x528A, 0x528A, 0x4A69,
    0x31A6, 0x2124, 0x10A2, 0x0020, 0x0000, 0x0000, 0x0000, 0x0000, 0x0000, 0x0000, 0x0000, 0x0000,
    0x0000, 0x0000, 0x0000, 0x0000, 0x0000, 0x0000, 0x0000, 0x0000, 0x0000, 0x0000, 0x0000, 0x0000,
    0x0000, 0x0000, 0x0000, 0x0000, 0x0000, 0x0000, 0x0000, 0x0000, 0x0000, 0x0000, 0x0000, 0x0000,
    0x0000, 0x0000, 0x0000, 0x0000, 0x0000, 0x0000, 0x0000, 0x0000, 0x0000, 0x0000, 0x0000, 0x0000,
    0x0000, 0x0000, 0x0000, 0x0000, 0x0000, 0x0000, 0x0000, 0x0000, 0x0000, 0x0000, 0x0000, 0x0000,
    0x0000, 0x0000, 0x0000, 0x0000, 0x0000, 0x0000, 0x0000, 0x0000, 0x0000, 0x0000, 0x0000, 0x0000,
    0x0000, 0x0000, 0x0000, 0x0000, 0x0000, 0x0000, 0x0000, 0x0000, 0x0000, 0x0000, 0x0000, 0x0000,
    0x0000, 0x0000, 0x0000, 0x0000, 0x0000, 0x0000, 0x0000, 0x0000, 0x0000, 0x0000, 0x0000, 0x0000,
    0x0000, 0x0000, 0x0000, 0x0000, 0x0000, 0x0000, 0x0000, 0x0000, 0x0000, 0x0000, 0x0000, 0x0000,
    0x0000, 0x0000, 0x0000, 0x0000, 0x0000, 0x0000, 0x0000, 0x0000, 0x0000, 0x0000, 0x0000, 0x0000,
    0x0000, 0x0000, 0x0000, 0x0000, 0x0000, 0x0000, 0x0000, 0x0000, 0x0000, 0x0000, 0x0000, 0x0000,
    0x0000, 0x0000, 0x0000, 0x0000, 0x0000, 0x0020, 0x10A2, 0x2124, 0x39E7, 0x4A69, 0x52AA, 0x52AA,
    0x528A, 0x4A69, 0x4A69, 0x4A69, 0x4A6A, 0x526A, 0x4A6A, 0x4A49, 0x4A28, 0x4208, 0x4208, 0x4207,
    0x4A48, 0x5A89, 0x730A, 0x8B8C, 0x9C4F, 0xACB1, 0xBD11, 0xCD73, 0xD5B4, 0xDDF4, 0xE635, 0xEE56,
    0xEE76, 0xF676, 0xF696, 0xF676, 0xF676, 0xF676, 0xF676, 0xF676, 0xF676, 0xF676, 0xF676, 0xF676,
    0xF676, 0xEE76, 0xEE56, 0xE636, 0xDE15, 0xD5B4, 0xCD73, 0xBD11, 0xACB0, 0x9C70, 0x83AD, 0x6B0B,
    0x5A89, 0x4A28, 0x4A07, 0x4207, 0x4228, 0x4A48, 0x4A69, 0x528A, 0x528A, 0x526A, 0x4A69, 0x4A49,
    0x4A69, 0x4A69, 0x528A, 0x4A6A, 0x4228, 0x31A6, 0x2104, 0x1082, 0x0000, 0x0000, 0x0000, 0x0000,
    0x0000, 0x0000, 0x0000, 0x0000, 0x0000, 0x0000, 0x0000, 0x0000, 0x0000, 0x0000, 0x0000, 0x0000,
    0x0000, 0x0000, 0x0000, 0x0000, 0x0000, 0x0000, 0x0000, 0x0000, 0x0000, 0x0000, 0x0000, 0x0000,
    0x0000, 0x0000, 0x0000, 0x0000, 0x0000, 0x0000, 0x0000, 0x0000, 0x0000, 0x0000, 0x0000, 0x0000,
    0x0000, 0x0000, 0x0000, 0x0000, 0x0000, 0x0000, 0x0000, 0x0000, 0x0000, 0x0000, 0x0000, 0x0000,
    0x0000, 0x0000, 0x0000, 0x0000, 0x0000, 0x0000, 0x0000, 0x0000, 0x0000, 0x0000, 0x0000, 0x0000,
    0x0000, 0x0000, 0x0000, 0x0000, 0x0000, 0x0000, 0x0000, 0x0000, 0x0020, 0x2124, 0x31A6, 0x31A7,
    0x2104, 0x10A2, 0x0841, 0x0000, 0x0000, 0x0000, 0x0000, 0x0000, 0x0000, 0x0000, 0x0000, 0x0000,
    0x0000, 0x0000, 0x0000, 0x0000, 0x0000, 0x0000, 0x0000, 0x0000, 0x0000, 0x0000, 0x0000, 0x0000,
    0x0000, 0x0000, 0x0000, 0x0000, 0x0000, 0x0000, 0x0000, 0x0000, 0x0000, 0x0000, 0x0000, 0x0000,
    0x0000, 0x0000, 0x0000, 0x0000, 0x0000, 0x0000, 0x0000, 0x0000, 0x0000, 0x0000, 0x0000, 0x0000,
    0x0000, 0x0000, 0x0000, 0x0000, 0x0000, 0x0861, 0x2104, 0x31A7, 0x4229, 0x4A4A, 0x4A6A, 0x4A6A,
    0x4A6A, 0x4A6A, 0x4A8A, 0x528A, 0x528A, 0x5269, 0x5269, 0x5248, 0x4A07, 0x5228, 0x62A9, 0x730A,
    0x93CD, 0xB4B0, 0xCD73, 0xDDF5, 0xE635, 0xEE55, 0xF676, 0xF696, 0xF696, 0xF676, 0xF676, 0xEE55,
    0xEE35, 0xEE35, 0xEE35, 0xEE34, 0xEE34, 0xEE34, 0xEE34, 0xEE34, 0xEE34, 0xEE34, 0xEE34, 0xEE34,
    0xEE34, 0xEE35, 0xEE35, 0xEE35, 0xEE35, 0xEE35, 0xEE55, 0xF656, 0xF676, 0xF676, 0xF676, 0xF677,
    0xEE56, 0xE636, 0xDE15, 0xCD73, 0xACD1, 0x8BCD, 0x730A, 0x62A9, 0x5247, 0x4A07, 0x4A49, 0x5269,
    0x5269, 0x5269, 0x5269, 0x4A69, 0x4A49, 0x4A49, 0x4249, 0x4249, 0x4A29, 0x4208, 0x3186, 0x18E4,
    0x0861, 0x0000, 0x0000, 0x0000, 0x0000, 0x0000, 0x0000, 0x0000, 0x0000, 0x0000, 0x0000, 0x0000,
    0x0000, 0x0000, 0x0000, 0x0000, 0x0000, 0x0000, 0x0000, 0x0000, 0x0000, 0x0000, 0x0000, 0x0000,
    0x0000, 0x0000, 0x0000, 0x0000, 0x0000, 0x0000, 0x0000, 0x0000, 0x0000, 0x0000, 0x0000, 0x0000,
    0x0000, 0x0000, 0x0000, 0x0000, 0x0000, 0x0000, 0x0000, 0x0000, 0x0000, 0x0000, 0x0000, 0x0000,
    0x0000, 0x0000, 0x0000, 0x0020, 0x1082, 0x20E4, 0x2945, 0x2945, 0x18E3, 0x0000, 0x0000, 0x0000,
    0x0000, 0x0000, 0x0000, 0x0000, 0x0000, 0x0000, 0x0000, 0x0000, 0x0000, 0x0020, 0x39C7, 0x528A,
    0x5AAB, 0x528A, 0x4249, 0x4229, 0x3A08, 0x2124, 0x1082, 0x0020, 0x0000, 0x0000, 0x0000, 0x0000,
    0x0000, 0x0000, 0x0000, 0x0000, 0x0000, 0x0000, 0x0000, 0x0000, 0x0000, 0x0000, 0x0000, 0x0000,
    0x0000, 0x0000, 0x0000, 0x0000, 0x0000, 0x0000, 0x0000, 0x0000, 0x0000, 0x0000, 0x0000, 0x0000,
    0x0000, 0x0000, 0x0000, 0x0000, 0x0000, 0x0000, 0x0000, 0x0000, 0x0000, 0x0000, 0x0000, 0x0000,
    0x0000, 0x0000, 0x0000, 0x0000, 0x0020, 0x18C3, 0x31A6, 0x4228, 0x4A49, 0x4A4A, 0x4A49, 0x4249,
    0x4A49, 0x4A49, 0x4A6A, 0x528A, 0x5269, 0x5248, 0x5268, 0x5A68, 0x6ACA, 0x8BCD, 0xACB1, 0xBD53,
    0xD5D5, 0xE656, 0xEE56, 0xEE56, 0xEE55, 0xEE55, 0xEE55, 0xEE35, 0xEE34, 0xEE34, 0xEE35, 0xEE34,
    0xEE34, 0xEE34, 0xEE35, 0xEE35, 0xEE35, 0xEE35, 0xEE34, 0xEE34, 0xEE34, 0xEE34, 0xEE34, 0xEE34,
    0xEE34, 0xEE35, 0xEE35, 0xEE35, 0xEE35, 0xEE35, 0xEE35, 0xEE35, 0xEE35, 0xEE35, 0xEE35, 0xEE35,
    0xEE35, 0xEE35, 0xEE35, 0xEE55, 0xF676, 0xEE76, 0xEE76, 0xF6B7, 0xE657, 0xD5D5, 0xBD33, 0xA491,
    0x838D, 0x62A9, 0x5248, 0x4A28, 0x4A08, 0x5269, 0x5269, 0x4A29, 0x4A49, 0x4229, 0x4229, 0x4A29,
    0x4A4A, 0x4A49, 0x4229, 0x3186, 0x1082, 0x0000, 0x0000, 0x0000, 0x0000, 0x0000, 0x0000, 0x0000,
    0x0000, 0x0000, 0x0000, 0x0000, 0x0000, 0x0000, 0x0000, 0x0000, 0x0000, 0x0000, 0x0000, 0x0000,
    0x0000, 0x0000, 0x0000, 0x0000, 0x0000, 0x0000, 0x0000, 0x0000, 0x0000, 0x0000, 0x0000, 0x0000,
    0x0000, 0x0000, 0x0000, 0x0000, 0x0000, 0x0000, 0x0000, 0x0000, 0x0000, 0x0000, 0x0000, 0x0000,
    0x0000, 0x0000, 0x0841, 0x10A2, 0x2104, 0x39E7, 0x4208, 0x4229, 0x526A, 0x526A, 0x526A, 0x2965,
    0x0000, 0x0000, 0x0000, 0x0000, 0x0000, 0x0000, 0x0000, 0x0000, 0x0000, 0x0000, 0x0000, 0x10A2,
    0x528A, 0x526A, 0x4A6A, 0x4A49, 0x4A69, 0x4A6A, 0x4A6A, 0x528A, 0x4A69, 0x4208, 0x39E7, 0x3186,
    0x18C3, 0x0861, 0x0841, 0x0000, 0x0000, 0x0000, 0x0000, 0x0000, 0x0000, 0x0000, 0x0000, 0x0000,
    0x0000, 0x0000, 0x0000, 0x0000, 0x0000, 0x0000, 0x0000, 0x0000, 0x0000, 0x0000, 0x0000, 0x0000,
    0x0000, 0x0000, 0x0000, 0x0000, 0x0000, 0x0000, 0x0000, 0x0000, 0x0000, 0x0000, 0x0000, 0x0000,
    0x0000, 0x0000, 0x0000, 0x0000, 0x0841, 0x2104, 0x4208, 0x4A6A, 0x52AB, 0x4A6A, 0x4A4A, 0x4229,
    0x4A49, 0x4A49, 0x4A49, 0x4A28, 0x4A07, 0x49E6, 0x6289, 0x836C, 0x9C4F, 0xC573, 0xDE16, 0xEE77,
    0xF6B8, 0xEE77, 0xEE77, 0xEE56, 0xEE35, 0xEE35, 0xEE35, 0xEE34, 0xEE35, 0xEE35, 0xEE35, 0xEE35,
    0xEE35, 0xEE35, 0xEE55, 0xEE55, 0xF655, 0xF635, 0xEE35, 0xEE35, 0xEE35, 0xEE35, 0xEE34, 0xEE34,
    0xEE34, 0xEE34, 0xEE35, 0xEE35, 0xEE35, 0xEE35, 0xEE35, 0xEE35, 0xEE35, 0xEE35, 0xEE55, 0xEE55,
    0xEE55, 0xEE35, 0xEE35, 0xEE35, 0xEE55, 0xEE55, 0xEE35, 0xEE35, 0xEE35, 0xEE35, 0xEE35, 0xEE77,
    0xF698, 0xEE97, 0xEE77, 0xDE36, 0xBD32, 0x940E, 0x7B4B, 0x5A68, 0x41C6, 0x4A07, 0x4A07, 0x4A28,
    0x4A49, 0x4A49, 0x4249, 0x4A6A, 0x528A, 0x52AB, 0x4A69, 0x39C7, 0x2104, 0x0841, 0x0000, 0x0000,
    0x0000, 0x0000, 0x0000, 0x0000, 0x0000, 0x0000, 0x0000, 0x0000, 0x0000, 0x0000, 0x0000, 0x0000,
    0x0000, 0x0000, 0x0000, 0x0000, 0x0000, 0x0000, 0x0000, 0x0000, 0x0000, 0x0000, 0x0000, 0x0000,
    0x0000, 0x0000, 0x0000, 0x0000, 0x0000, 0x0000, 0x0000, 0x0000, 0x0000, 0x0000, 0x0000, 0x0020,
    0x0861, 0x18C3, 0x3186, 0x4208, 0x4208, 0x4A8A, 0x52AA, 0x4A69, 0x4A49, 0x4A4A, 0x4A29, 0x4A29,
    0x4A4A, 0x4A69, 0x10A2, 0x0000, 0x0000, 0x0000, 0x0000, 0x0000, 0x0000, 0x0000, 0x0000, 0x0000,
    0x0000, 0x2104, 0x5AAA, 0x526A, 0x4A6A, 0x4A6A, 0x4A49, 0x4A6A, 0x528A, 0x526A, 0x528A, 0x52AA,
    0x52AA, 0x528A, 0x4A69, 0x4A49, 0x4208, 0x31A6, 0x2965, 0x2945, 0x2945, 0x2945, 0x2104, 0x1082,
    0x0841, 0x0020, 0x0000, 0x0000, 0x0000, 0x0000, 0x0000, 0x0000, 0x0000, 0x0000, 0x0000, 0x0000,
    0x0000, 0x0000, 0x0000, 0x0000, 0x0000, 0x0000, 0x0000, 0x0000, 0x0000, 0x0000, 0x0000, 0x0000,
    0x0000, 0x0020, 0x0841, 0x18C3, 0x2124, 0x2945, 0x4208, 0x52AB, 0x52AB, 0x528A, 0x4A6A, 0x526A,
    0x4A49, 0x5269, 0x4A49, 0x4A08, 0x4A07, 0x5A48, 0x836B, 0xB4B0, 0xD5B3, 0xE656, 0xF697, 0xEE56,
    0xF656, 0xEE36, 0xEE35, 0xEE35, 0xEE35, 0xEE35, 0xEE35, 0xEE55, 0xEE55, 0xEE54, 0xEE55, 0xEE35,
    0xEE35, 0xEE55, 0xEE55, 0xEE55, 0xEE55, 0xEE35, 0xEE35, 0xEE55, 0xF655, 0xEE35, 0xEE35, 0xEE35,
    0xEE35, 0xEE35, 0xEE35, 0xEE35, 0xEE35, 0xEE35, 0xEE55, 0xEE55, 0xEE35, 0xEE35, 0xEE35, 0xEE35,
    0xEE35, 0xEE35, 0xEE35, 0xEE35, 0xEE35, 0xEE55, 0xEE34, 0xEE34, 0xEE35, 0xEE55, 0xEE35, 0xEE35,
    0xF655, 0xEE35, 0xEE15, 0xF635, 0xEE55, 0xEE55, 0xEE76, 0xF697, 0xE636, 0xCD94, 0xA490, 0x7B4B,
    0x5A47, 0x49E6, 0x4207, 0x4A48, 0x4A69, 0x4A69, 0x4A69, 0x4A69, 0x4A6A, 0x528A, 0x528A, 0x41E8,
    0x2945, 0x2124, 0x18E3, 0x0861, 0x0020, 0x0000, 0x0000, 0x0000, 0x0000, 0x0000, 0x0000, 0x0000,
    0x0000, 0x0000, 0x0000, 0x0000, 0x0000, 0x0000, 0x0000, 0x0000, 0x0000, 0x0000, 0x0000, 0x0000,
    0x0000, 0x0000, 0x0000, 0x0000, 0x0000, 0x0000, 0x0020, 0x0861, 0x18E3, 0x2945, 0x2945, 0x2945,
    0x3186, 0x39E7, 0x4228, 0x4A49, 0x526A, 0x4A8A, 0x4A8B, 0x4A8A, 0x4A69, 0x4A69, 0x4A29, 0x4A49,
    0x4A4A, 0x4A49, 0x4229, 0x4A6A, 0x2104, 0x0000, 0x0000, 0x0000, 0x0000, 0x0000, 0x0000, 0x0000,
    0x0000, 0x0000, 0x0000, 0x2124, 0x528A, 0x4A49, 0x4A4A, 0x4A6A, 0x4A8A, 0x4A6A, 0x52AA, 0x5A8A,
    0x528A, 0x4A69, 0x4A69, 0x4A49, 0x4A49, 0x4A49, 0x4A6A, 0x4A6A, 0x4A69, 0x4A8A, 0x528A, 0x52AA,
    0x52AA, 0x4A69, 0x4A49, 0x4228, 0x4207, 0x39E7, 0x39C7, 0x39A6, 0x3186, 0x3165, 0x2945, 0x2925,
    0x2104, 0x2104, 0x2104, 0x2104, 0x2104, 0x2104, 0x2124, 0x2944, 0x2965, 0x3185, 0x3186, 0x39A6,
    0x39C6, 0x39C6, 0x39C7, 0x41E7, 0x4A28, 0x4A49, 0x528A, 0x52AA, 0x4A8A, 0x4A6A, 0x4A6A, 0x4A6A,
    0x528A, 0x5269, 0x5249, 0x4A07, 0x5228, 0x730B, 0x9C4F, 0xD594, 0xEE56, 0xF676, 0xEE55, 0xEE35,
    0xEE35, 0xEE35, 0xEE35, 0xF635, 0xF635, 0xEE35, 0xEE35, 0xEE55, 0xEE35, 0xEE34, 0xEE55, 0xEE55,
    0xEE35, 0xEE35, 0xEE35, 0xEE55, 0xEE55, 0xEE35, 0xEE35, 0xEE35, 0xEE35, 0xEE55, 0xEE55, 0xEE55,
    0xEE35, 0xEE35, 0xEE35, 0xEE35, 0xEE35, 0xEE35, 0xEE35, 0xEE55, 0xEE55, 0xEE55, 0xEE55, 0xEE35,
    0xEE35, 0xEE35, 0xEE35, 0xEE35, 0xEE35, 0xEE35, 0xEE55, 0xEE55, 0xEE55, 0xEE55, 0xEE35, 0xEE34,
    0xEE55, 0xF635, 0xF635, 0xF635, 0xF635, 0xF635, 0xEE34, 0xEE34, 0xEE35, 0xEE35, 0xEE55, 0xEE76,
    0xEE77, 0xEE77, 0xCDB4, 0x9C2E, 0x732B, 0x5248, 0x5248, 0x5268, 0x5269, 0x528A, 0x526A, 0x4A49,
    0x4A6A, 0x526A, 0x4A6A, 0x4A69, 0x4A49, 0x4208, 0x39E7, 0x39E7, 0x39C7, 0x39A6, 0x31A6, 0x3186,
    0x3165, 0x2945, 0x2925, 0x2104, 0x2104, 0x20E4, 0x20E4, 0x20E4, 0x18E3, 0x18E4, 0x2104, 0x2104,
    0x2945, 0x2965, 0x3186, 0x3186, 0x39A7, 0x39A7, 0x39C7, 0x4208, 0x4A49, 0x4A89, 0x52AA, 0x5ACB,
    0x52AB, 0x528A, 0x4A69, 0x4A69, 0x4A49, 0x4A49, 0x4A49, 0x424A, 0x4A6A, 0x528A, 0x5269, 0x5A8A,
    0x5269, 0x4A49, 0x4A49, 0x4A4A, 0x4229, 0x4A49, 0x2104, 0x0000, 0x0000, 0x0000, 0x0000, 0x0000,
    0x0000, 0x0000, 0x0000, 0x0000, 0x0000, 0x18E3, 0x4A6A, 0x4A49, 0x4A4A, 0x4A6A, 0x528A, 0x5289,
    0x5248, 0x5248, 0x5A89, 0x5269, 0x4A69, 0x4A69, 0x4A6A, 0x4A6A, 0x4A6A, 0x4A6A, 0x4A6A, 0x4A6A,
    0x4A6A, 0x526A, 0x4A69, 0x4A69, 0x4A69, 0x4A69, 0x4A69, 0x5269, 0x4A69, 0x5269, 0x526A, 0x4A6A,
    0x4A6A, 0x4A6A, 0x526A, 0x526A, 0x4A4A, 0x526A, 0x4A6A, 0x526A, 0x4A4A, 0x4A69, 0x4A69, 0x5269,
    0x5289, 0x5289, 0x5269, 0x5269, 0x5269, 0x4A69, 0x4A69, 0x4A49, 0x4A49, 0x4A6A, 0x4A6A, 0x4A6A,
    0x526A, 0x528A, 0x5248, 0x5248, 0x72EA, 0x9C4F, 0xC573, 0xE636, 0xEE76, 0xEE35, 0xEE34, 0xEE14,
    0xEE14, 0xEE34, 0xEE34, 0xEE35, 0xEE35, 0xEE55, 0xEE35, 0xEE35, 0xEE35, 0xEE55, 0xEE55, 0xEE55,
    0xEE35, 0xEE35, 0xEE35, 0xEE35, 0xEE35, 0xEE35, 0xEE35, 0xEE55, 0xEE55, 0xEE55, 0xEE55, 0xEE55,
    0xEE55, 0xEE55, 0xEE55, 0xEE55, 0xEE55, 0xEE55, 0xEE35, 0xEE35, 0xEE55, 0xEE55, 0xEE55, 0xEE35,
    0xEE35, 0xEE55, 0xEE55, 0xEE55, 0xF655, 0xF655, 0xF655, 0xEE55, 0xEE35, 0xEE55, 0xEE35, 0xEE35,
    0xEE35, 0xEE35, 0xEE35, 0xEE55, 0xF635, 0xEE35, 0xF635, 0xF655, 0xEE35, 0xEE35, 0xEE35, 0xEE35,
    0xEE55, 0xEE35, 0xEE35, 0xEE35, 0xEE55, 0xEE77, 0xE656, 0xC573, 0x9C2E, 0x6AEA, 0x5248, 0x5248,
    0x528A, 0x4A6A, 0x4A6A, 0x4A4A, 0x4A49, 0x4A49, 0x4A49, 0x4A49, 0x4A49, 0x4A49, 0x4A69, 0x4A69,
    0x4A69, 0x4A69, 0x4A6A, 0x526A, 0x528A, 0x526A, 0x4A6A, 0x4A6A, 0x4A4A, 0x4A4A, 0x4A4A, 0x4A4A,
    0x4A4A, 0x4A6A, 0x526A, 0x526A, 0x526A, 0x526A, 0x4A6A, 0x526A, 0x526A, 0x528A, 0x528B, 0x52AA,
    0x528A, 0x4A8A, 0x4A6A, 0x4A6A, 0x4A6A, 0x4A49, 0x4A49, 0x4A6A, 0x4A49, 0x4A49, 0x4A69, 0x5249,
    0x5249, 0x4A28, 0x5269, 0x528A, 0x4A6A, 0x4A6A, 0x4A29, 0x4A49, 0x18E3, 0x0000, 0x0000, 0x0000,
    0x0000, 0x0000, 0x0000, 0x0000, 0x0000, 0x0000, 0x0000, 0x10A2, 0x4A49, 0x4A4A, 0x4A6A, 0x4A6A,
    0x5AAA, 0xAD13, 0x9C91, 0x838C, 0x62A9, 0x5228, 0x4A07, 0x4A28, 0x4A28, 0x4A49, 0x4A6A, 0x528A,
    0x528A, 0x528A, 0x4A8A, 0x4A8A, 0x4A8A, 0x4A6A, 0x4A6A, 0x4A6A, 0x4A49, 0x4A4A, 0x4249, 0x4249,
    0x4249, 0x4A49, 0x4A49, 0x4A6A, 0x4A6A, 0x4A6A, 0x4A6A, 0x4A6A, 0x4A6A, 0x4A6A, 0x4A8A, 0x4A6A,
    0x4A6A, 0x4A69, 0x4A69, 0x4A49, 0x4A49, 0x4A69, 0x4A69, 0x4A69, 0x4A6A, 0x4A49, 0x4A6A, 0x4A6A,
    0x528A, 0x5269, 0x5249, 0x5248, 0x836C, 0xB4D1, 0xE656, 0xF697, 0xF677, 0xEE56, 0xEE14, 0xEE34,
    0xEE14, 0xF634, 0xF634, 0xEE34, 0xEE35, 0xEE55, 0xEE55, 0xEE55, 0xEE35, 0xEE55, 0xEE35, 0xEE55,
    0xEE35, 0xF635, 0xEE35, 0xEE35, 0xEE35, 0xEE35, 0xEE55, 0xEE35, 0xEE35, 0xEE55, 0xEE55, 0xEE55,
    0xEE55, 0xEE55, 0xEE55, 0xEE55, 0xEE55, 0xEE55, 0xEE55, 0xEE55, 0xEE35, 0xEE35, 0xEE55, 0xEE55,
    0xEE55, 0xEE35, 0xEE35, 0xEE35, 0xEE55, 0xEE55, 0xF655, 0xF655, 0xF655, 0xEE55, 0xEE35, 0xEE35,
    0xEE35, 0xEE35, 0xEE35, 0xEE35, 0xEE35, 0xEE55, 0xEE55, 0xEE55, 0xEE55, 0xEE55, 0xEE55, 0xEE55,
    0xEE35, 0xEE55, 0xEE35, 0xEE34, 0xEE34, 0xEE34, 0xEE34, 0xEE34, 0xEE76, 0xF697, 0xF6B8, 0xDE36,
    0xACD1, 0x7B4C, 0x5228, 0x5249, 0x4A49, 0x4A4A, 0x4A49, 0x4A49, 0x4A49, 0x4249, 0x4A49, 0x4249,
    0x4249, 0x4249, 0x4249, 0x4A49, 0x4A69, 0x4A6A, 0x4A6A, 0x4A6A, 0x4A8A, 0x4A8A, 0x4A8A, 0x4A8A,
    0x4A8A, 0x4A8A, 0x4A6A, 0x4A6A, 0x4A6A, 0x4A6A, 0x4A6A, 0x4A6A, 0x4A6A, 0x4A6A, 0x4A4A, 0x4A6A,
    0x4A6A, 0x4A8A, 0x4A8A, 0x528A, 0x52AA, 0x528A, 0x528A, 0x528A, 0x4A49, 0x4228, 0x4228, 0x4A07,
    0x49E6, 0x5A48, 0x730B, 0x940F, 0xAD34, 0x62EB, 0x4A6A, 0x4A6A, 0x4A49, 0x4208, 0x1082, 0x0000,
    0x0000, 0x0000, 0x0000, 0x0000, 0x0000, 0x0000, 0x0000, 0x0000, 0x0000, 0x0841, 0x4208, 0x526A,
    0x4A6A, 0x528A, 0x5269, 0xB533, 0xF71A, 0xE657, 0xD5F5, 0xB4F2, 0x8BEE, 0x734B, 0x62CA, 0x5A89,
    0x5269, 0x5228, 0x4A28, 0x4A28, 0x4A48, 0x4A69, 0x4A69, 0x4A69, 0x4A69, 0x4A69, 0x4A69, 0x4A6A,
    0x4A6A, 0x4A6A, 0x4A6A, 0x4A69, 0x4A69, 0x4A8A, 0x528A, 0x4A8A, 0x528A, 0x528A, 0x4A8A, 0x4A8A,
    0x4A8A, 0x4A8A, 0x4A8A, 0x4A6A, 0x4A6A, 0x4A6A, 0x4A6A, 0x4A69, 0x4A69, 0x4A69, 0x4A69, 0x4A69,
    0x4A48, 0x5248, 0x4A07, 0x5A68, 0x8BAD, 0xC574, 0xE656, 0xF6B7, 0xEE56, 0xEE55, 0xEE35, 0xEE35,
    0xF655, 0xEE34, 0xEE34, 0xEE34, 0xEE34, 0xEE35, 0xEE35, 0xEE55, 0xEE55, 0xEE55, 0xEE35, 0xEE55,
    0xEE55, 0xEE35, 0xEE35, 0xF635, 0xF635, 0xEE35, 0xEE35, 0xEE55, 0xEE55, 0xEE55, 0xEE35, 0xEE55,
    0xEE55, 0xEE55, 0xEE55, 0xEE55, 0xEE55, 0xEE55, 0xEE55, 0xEE55, 0xEE55, 0xEE55, 0xEE35, 0xEE35,
    0xEE55, 0xEE55, 0xEE55, 0xEE35, 0xEE35, 0xEE35, 0xEE35, 0xEE35, 0xEE55, 0xEE55, 0xEE55, 0xEE55,
    0xEE35, 0xEE35, 0xEE35, 0xEE35, 0xEE35, 0xEE35, 0xEE35, 0xEE35, 0xEE55, 0xEE55, 0xEE55, 0xEE55,
    0xEE55, 0xEE55, 0xEE55, 0xEE55, 0xEE35, 0xEE34, 0xEE34, 0xEE35, 0xF634, 0xF655, 0xF655, 0xEE55,
    0xEE55, 0xEE76, 0xEE97, 0xE657, 0xBD53, 0x838C, 0x5A48, 0x49E7, 0x41E7, 0x4208, 0x4A29, 0x4A49,
    0x4A69, 0x4A49, 0x4A6A, 0x4A6A, 0x4A6A, 0x4A6A, 0x4A69, 0x4A89, 0x4A8A, 0x4A8A, 0x4A89, 0x4A8A,
    0x4A8A, 0x4A8A, 0x4A8A, 0x4A6A, 0x4A6A, 0x4A8A, 0x4A8A, 0x4A89, 0x4A69, 0x4A89, 0x4A69, 0x4A69,
    0x4A69, 0x4A69, 0x4A69, 0x5269, 0x5269, 0x5269, 0x5248, 0x4A28, 0x4A28, 0x5268, 0x5A69, 0x62A9,
    0x6B0B, 0x838C, 0xACB0, 0xCD94, 0xDE16, 0xF6FA, 0xC5D6, 0x528A, 0x4A69, 0x4A6A, 0x4A6A, 0x4208,
    0x0841, 0x0000, 0x0000, 0x0000, 0x0000, 0x0000, 0x0000, 0x0000, 0x0000, 0x0000, 0x0000, 0x0000,
    0x2945, 0x526A, 0x4A6A, 0x528A, 0x5248, 0x838C, 0xE657, 0xE656, 0xEE55, 0xEE55, 0xEE76, 0xEE76,
    0xDE15, 0xCDB4, 0xBD53, 0xB4D1, 0xA46F, 0x93CD, 0x7B6C, 0x6B0A, 0x5A89, 0x5A68, 0x5248, 0x5228,
    0x4A28, 0x4A07, 0x4A27, 0x4A28, 0x4A28, 0x4A27, 0x4A27, 0x4A27, 0x4A28, 0x4A27, 0x4A27, 0x4A27,
    0x4A48, 0x4A48, 0x4A48, 0x4A48, 0x4A48, 0x4A28, 0x4A28, 0x4A28, 0x4A07, 0x4A07, 0x4A27, 0x4A07,
    0x4A27, 0x5227, 0x5247, 0x6AC9, 0x93CD, 0xCD73, 0xEE77, 0xEE56, 0xEE56, 0xE615, 0xEE55, 0xEE35,
    0xEE55, 0xF655, 0xEE55, 0xEE35, 0xEE55, 0xEE55, 0xEE35, 0xEE55, 0xEE55, 0xEE55, 0xEE55, 0xEE55,
    0xEE35, 0xEE55, 0xEE55, 0xEE35, 0xEE55, 0xEE55, 0xEE55, 0xEE55, 0xEE35, 0xEE55, 0xEE55, 0xEE55,
    0xEE35, 0xEE55, 0xEE55, 0xEE55, 0xEE55, 0xEE55, 0xEE55, 0xEE55, 0xEE55, 0xEE55, 0xEE55, 0xEE55,
    0xEE55, 0xEE55, 0xEE35, 0xEE35, 0xEE35, 0xEE35, 0xEE35, 0xEE55, 0xEE35, 0xEE55, 0xEE55, 0xEE55,
    0xEE55, 0xEE35, 0xEE35, 0xEE35, 0xEE35, 0xEE35, 0xEE35, 0xEE35, 0xEE35, 0xEE35, 0xEE35, 0xEE35,
    0xEE55, 0xEE55, 0xEE55, 0xEE55, 0xEE35, 0xEE55, 0xEE55, 0xEE35, 0xEE55, 0xEE55, 0xEE55, 0xEE35,
    0xEE35, 0xEE55, 0xEE55, 0xEE55, 0xEE55, 0xEE55, 0xEE77, 0xE656, 0xC552, 0x9C0E, 0x7B6C, 0x6AEA,
    0x5A68, 0x5248, 0x5248, 0x4A28, 0x4A28, 0x4A28, 0x4A28, 0x4A28, 0x4A48, 0x4A47, 0x4A27, 0x4A27,
    0x4A27, 0x4A48, 0x4A48, 0x4A48, 0x4A28, 0x4A28, 0x4A28, 0x4A27, 0x4A27, 0x4A27, 0x4A27, 0x4A27,
    0x4A27, 0x4A27, 0x5227, 0x5227, 0x5247, 0x5A68, 0x6ACA, 0x7B4B, 0x8BAD, 0x9C2F, 0xACB0, 0xBD32,
    0xCD94, 0xD5F5, 0xE656, 0xEE56, 0xEE56, 0xEE36, 0xEE36, 0xE657, 0x838D, 0x4A49, 0x4A8A, 0x4A6A,
    0x528A, 0x3186, 0x0000, 0x0000, 0x0000, 0x0000, 0x0000, 0x0000, 0x0000, 0x0000, 0x0000, 0x0000,
    0x0000, 0x0000, 0x1082, 0x4A6A, 0x528A, 0x5269, 0x5269, 0x5A47, 0xB4D0, 0xEE56, 0xEDF3, 0xEE13,
    0xEE14, 0xEE35, 0xEE55, 0xF696, 0xF6B7, 0xF6D8, 0xF6B8, 0xEE77, 0xE636, 0xE615, 0xDDF5, 0xDDD5,
    0xCD94, 0xC532, 0xB4F1, 0xACB1, 0xA470, 0x9C4F, 0x940E, 0x8BCD, 0x83AD, 0x838C, 0x838C, 0x7B6C,
    0x7B6C, 0x7B6C, 0x836C, 0x836C, 0x838C, 0x83AD, 0x8BCD, 0x940E, 0x9C2F, 0x9C4F, 0xA490, 0xACD0,
    0xB4F1, 0xBD32, 0xC573, 0xCD93, 0xD5D4, 0xDDF4, 0xEE55, 0xEE35, 0xEE14, 0xF634, 0xEE34, 0xEE34,
    0xEE55, 0xEE35, 0xEE35, 0xEE35, 0xEE55, 0xEE55, 0xEE55, 0xEE55, 0xEE35, 0xEE35, 0xEE55, 0xEE35,
    0xEE35, 0xEE35, 0xEE35, 0xEE35, 0xEE35, 0xEE35, 0xEE55, 0xEE55, 0xEE55, 0xEE55, 0xEE55, 0xEE55,
    0xEE55, 0xEE55, 0xEE55, 0xEE55, 0xEE55, 0xEE55, 0xEE55, 0xEE55, 0xEE55, 0xEE55, 0xEE55, 0xEE55,
    0xEE55, 0xEE55, 0xEE55, 0xEE55, 0xEE35, 0xEE35, 0xEE35, 0xEE55, 0xEE55, 0xEE55, 0xEE55, 0xEE55,
    0xEE55, 0xEE55, 0xEE55, 0xEE35, 0xEE35, 0xEE54, 0xEE54, 0xEE55, 0xEE55, 0xEE55, 0xEE35, 0xEE35,
    0xEE35, 0xF635, 0xF635, 0xEE35, 0xEE55, 0xEE34, 0xEE35, 0xEE35, 0xEE35, 0xEE55, 0xEE55, 0xEE55,
    0xEE55, 0xEE55, 0xEE55, 0xEE35, 0xF655, 0xEE34, 0xEE35, 0xEE35, 0xEE35, 0xEE14, 0xEE55, 0xEE55,
    0xE635, 0xE615, 0xDDF5, 0xD5D4, 0xCD94, 0xC552, 0xBD12, 0xB4D1, 0xA490, 0x9C6F, 0x9C2F, 0x8BED,
    0x8BAD, 0x838C, 0x836C, 0x836C, 0x836C, 0x7B6C, 0x836C, 0x836C, 0x836C, 0x83AD, 0x8BCD, 0x93EE,
    0x942F, 0x9C4F, 0xA490, 0xACB0, 0xBD11, 0xC553, 0xCD94, 0xD5F5, 0xDE15, 0xE636, 0xEE77, 0xF697,
    0xF6B7, 0xF6B7, 0xF697, 0xEE76, 0xEE35, 0xEE14, 0xEE14, 0xEDF4, 0xEE15, 0xBD12, 0x5227, 0x5269,
    0x4A8A, 0x4A6A, 0x528A, 0x10A2, 0x0000, 0x0000, 0x0000, 0x0000, 0x0000, 0x0000, 0x0000, 0x0000,
    0x0000, 0x0000, 0x0000, 0x0000, 0x0000, 0x39E8, 0x528B, 0x4A49, 0x5269, 0x4A27, 0x62A9, 0xCDB5,
    0xEE35, 0xEE13, 0xF654, 0xEE55, 0xEE55, 0xEE55, 0xEE55, 0xEE55, 0xEE55, 0xEE55, 0xF655, 0xF655,
    0xEE55, 0xEE55, 0xEE56, 0xEE56, 0xEE76, 0xEE76, 0xF697, 0xF697, 0xF697, 0xF697, 0xF697, 0xEE97,
    0xEE97, 0xF697, 0xF697, 0xEE76, 0xEE76, 0xF676, 0xF676, 0xF697, 0xF697, 0xF6B7, 0xF6B7, 0xF697,
    0xEE97, 0xF697, 0xF676, 0xF676, 0xF676, 0xEE56, 0xEE55, 0xEE35, 0xEE14, 0xEE14, 0xEE34, 0xEE34,
    0xEE55, 0xEE55, 0xEE35, 0xEE55, 0xEE55, 0xEE55, 0xEE55, 0xEE55, 0xEE55, 0xEE55, 0xEE55, 0xEE35,
    0xEE35, 0xEE35, 0xEE35, 0xEE35, 0xEE35, 0xEE35, 0xEE35, 0xEE35, 0xEE55, 0xEE55, 0xEE55, 0xEE55,
    0xEE55, 0xEE55, 0xEE55, 0xEE55, 0xEE55, 0xEE55, 0xEE55, 0xEE55, 0xEE55, 0xEE55, 0xEE55, 0xEE55,
    0xEE55, 0xEE55, 0xEE35, 0xEE35, 0xEE35, 0xEE35, 0xEE35, 0xEE35, 0xEE35, 0xEE55, 0xEE55, 0xEE55,
    0xEE55, 0xF655, 0xEE55, 0xEE55, 0xEE55, 0xEE35, 0xEE35, 0xEE34, 0xEE34, 0xEE35, 0xEE55, 0xEE35,
    0xEE35, 0xEE35, 0xEE35, 0xEE35, 0xEE35, 0xEE55, 0xEE55, 0xEE55, 0xEE55, 0xEE55, 0xEE55, 0xEE55,
    0xEE55, 0xEE55, 0xEE55, 0xEE35, 0xEE35, 0xEE55, 0xEE35, 0xF655, 0xEE35, 0xEE34, 0xEE34, 0xEE14,
    0xEE14, 0xEE14, 0xEE34, 0xEE55, 0xEE55, 0xEE76, 0xEE76, 0xEE96, 0xEE97, 0xF697, 0xF697, 0xF697,
    0xF6B7, 0xF6B7, 0xF697, 0xF697, 0xEE77, 0xEE77, 0xEE77, 0xEE77, 0xF697, 0xF697, 0xF697, 0xF697,
    0xF697, 0xF697, 0xF697, 0xF697, 0xF697, 0xF676, 0xF676, 0xF656, 0xF656, 0xEE56, 0xEE55, 0xEE55,
    0xEE35, 0xEE55, 0xEE35, 0xEE35, 0xEE55, 0xEE55, 0xEE55, 0xEE35, 0xEE35, 0xE615, 0xDDF5, 0x6ACA,
    0x4A08, 0x4A69, 0x4A49, 0x528A, 0x39E7, 0x0000, 0x0000, 0x0000, 0x0000, 0x0000, 0x0000, 0x0000,
    0x0000, 0x0000, 0x0000, 0x0000, 0x0000, 0x0000, 0x0000, 0x10A2, 0x4A6A, 0x4A6A, 0x4A49, 0x4A49,
    0x4207, 0x6AEB, 0xD5D4, 0xEE55, 0xEE35, 0xEE76, 0xEE55, 0xEE76, 0xEE75, 0xEE75, 0xEE55, 0xEE54,
    0xEE34, 0xEE34, 0xEE34, 0xEE34, 0xEE35, 0xEE35, 0xEE35, 0xEE35, 0xEE35, 0xEE35, 0xEE35, 0xEE35,
    0xEE35, 0xEE35, 0xEE35, 0xEE34, 0xEE54, 0xEE34, 0xEE34, 0xEE34, 0xEE14, 0xEE34, 0xEE35, 0xEE35,
    0xEE55, 0xEE55, 0xEE35, 0xEE55, 0xEE35, 0xEE35, 0xEE35, 0xEE34, 0xF634, 0xEE34, 0xEE34, 0xEE34,
    0xEE34, 0xEE34, 0xEE55, 0xEE55, 0xEE55, 0xEE35, 0xEE55, 0xEE55, 0xEE35, 0xEE35, 0xEE35, 0xEE35,
    0xEE35, 0xEE35, 0xEE35, 0xEE35, 0xEE35, 0xEE35, 0xEE35, 0xEE35, 0xEE35, 0xEE35, 0xEE55, 0xEE55,
    0xEE55, 0xEE35, 0xEE55, 0xEE55, 0xEE55, 0xEE35, 0xEE55, 0xEE55, 0xEE55, 0xEE55, 0xEE55, 0xEE55,
    0xEE35, 0xEE35, 0xEE35, 0xEE35, 0xEE35, 0xEE35, 0xEE35, 0xEE35, 0xEE55, 0xEE55, 0xEE55, 0xEE55,
    0xEE55, 0xEE55, 0xEE55, 0xF655, 0xEE55, 0xEE55, 0xEE55, 0xEE35, 0xEE35, 0xEE35, 0xEE35, 0xEE35,
    0xEE35, 0xEE35, 0xEE35, 0xEE55, 0xEE55, 0xEE35, 0xEE35, 0xEE55, 0xEE55, 0xEE55, 0xEE55, 0xEE55,
    0xEE55, 0xEE55, 0xEE55, 0xEE55, 0xEE55, 0xEE55, 0xEE55, 0xEE55, 0xEE55, 0xEE55, 0xEE55, 0xEE35,
    0xEE34, 0xEE34, 0xEE14, 0xEE14, 0xEE34, 0xEE34, 0xEE54, 0xEE55, 0xEE55, 0xEE55, 0xEE55, 0xEE55,
    0xEE55, 0xEE35, 0xEE35, 0xEE35, 0xEE34, 0xEE34, 0xEE34, 0xEE34, 0xEE35, 0xEE35, 0xEE35, 0xEE35,
    0xEE35, 0xEE35, 0xEE35, 0xEE35, 0xEE35, 0xEE35, 0xEE35, 0xEE35, 0xEE35, 0xEE34, 0xF634, 0xEE35,
    0xEE35, 0xEE34, 0xEE35, 0xEE35, 0xEE55, 0xEE55, 0xEE55, 0xEE56, 0xEE76, 0xEE35, 0xE636, 0xDE16,
    0x7B4C, 0x4A07, 0x4A49, 0x4A49, 0x4A6A, 0x4A49, 0x18E3, 0x0000, 0x0000, 0x0000, 0x0000, 0x0000,
    0x0000, 0x0000, 0x0000, 0x0000, 0x0000, 0x0000, 0x0000, 0x0000, 0x0000, 0x0000, 0x31A7, 0x4A49,
    0x4A29, 0x4A49, 0x4A49, 0x4207, 0x7B4B, 0xE676, 0xEE76, 0xEE76, 0xF655, 0xF654, 0xF654, 0xEE34,
    0xEE35, 0xEE55, 0xEE35, 0xEE35, 0xEE35, 0xEE35, 0xEE35, 0xEE35, 0xEE35, 0xEE35, 0xEE35, 0xEE55,
    0xEE55, 0xEE55, 0xEE55, 0xEE55, 0xEE55, 0xEE55, 0xEE55, 0xEE34, 0xEE34, 0xEE34, 0xEE34, 0xEE35,
    0xEE35, 0xEE35, 0xEE55, 0xEE55, 0xEE55, 0xEE55, 0xEE55, 0xEE55, 0xEE55, 0xF635, 0xF634, 0xEE34,
    0xEE34, 0xEE55, 0xEE55, 0xEE55, 0xEE55, 0xEE35, 0xEE35, 0xEE35, 0xEE55, 0xEE55, 0xEE35, 0xEE35,
    0xEE35, 0xEE35, 0xEE35, 0xEE35, 0xEE35, 0xEE35, 0xEE35, 0xEE35, 0xEE35, 0xEE35, 0xEE35, 0xEE55,
    0xEE55, 0xEE55, 0xEE35, 0xEE35, 0xEE35, 0xEE35, 0xEE55, 0xEE55, 0xEE55, 0xEE55, 0xEE55, 0xEE55,
    0xEE55, 0xEE55, 0xEE35, 0xEE35, 0xEE35, 0xEE35, 0xEE35, 0xEE35, 0xEE55, 0xEE55, 0xEE55, 0xEE55,
    0xEE55, 0xEE55, 0xEE55, 0xEE55, 0xEE55, 0xEE55, 0xEE55, 0xEE55, 0xEE55, 0xEE35, 0xEE35, 0xEE35,
    0xEE35, 0xEE35, 0xEE55, 0xEE55, 0xEE35, 0xEE55, 0xEE55, 0xEE35, 0xEE35, 0xEE55, 0xEE55, 0xEE55,
    0xEE55, 0xEE55, 0xEE55, 0xEE55, 0xEE55, 0xEE55, 0xEE55, 0xEE55, 0xEE55, 0xEE55, 0xEE55, 0xEE55,
    0xEE55, 0xEE55, 0xEE34, 0xEE34, 0xEE34, 0xF634, 0xEE54, 0xEE54, 0xEE54, 0xEE55, 0xEE55, 0xEE55,
    0xEE55, 0xEE55, 0xEE55, 0xEE55, 0xEE35, 0xEE35, 0xEE35, 0xEE35, 0xEE35, 0xEE35, 0xEE35, 0xEE35,
    0xEE35, 0xEE35, 0xEE35, 0xEE35, 0xEE35, 0xEE55, 0xEE55, 0xEE55, 0xEE55, 0xEE55, 0xEE55, 0xEE55,
    0xEE55, 0xEE55, 0xEE35, 0xEE35, 0xEE55, 0xEE34, 0xEE34, 0xEE55, 0xEE55, 0xF675, 0xEE76, 0xEE76,
    0xE677, 0x838C, 0x4A07, 0x5269, 0x4A49, 0x4249, 0x4229, 0x39C7, 0x0000, 0x0000, 0x0000, 0x0000,
    0x0000, 0x0000, 0x0000, 0x0000, 0x0000, 0x0000, 0x0000, 0x0000, 0x0000, 0x0000, 0x0000, 0x0000,
    0x1082, 0x4208, 0x4A49, 0x4229, 0x5269, 0x4A69, 0x4A48, 0x83EE, 0xEEB8, 0xEE76, 0xF655, 0xF654,
    0xF633, 0xF634, 0xEE34, 0xEE55, 0xEE35, 0xEE35, 0xEE35, 0xEE35, 0xEE55, 0xEE35, 0xEE35, 0xEE35,
    0xEE35, 0xEE55, 0xEE55, 0xEE55, 0xEE55, 0xEE55, 0xEE55, 0xEE55, 0xEE34, 0xEE34, 0xEE34, 0xEE34,
    0xEE34, 0xEE35, 0xEE35, 0xEE35, 0xEE55, 0xEE55, 0xEE35, 0xEE55, 0xEE55, 0xF655, 0xEE55, 0xEE34,
    0xEE34, 0xEE34, 0xEE35, 0xEE55, 0xEE55, 0xEE55, 0xEE55, 0xEE35, 0xEE35, 0xEE55, 0xEE55, 0xEE55,
    0xEE35, 0xEE35, 0xEE35, 0xEE35, 0xEE35, 0xEE35, 0xEE35, 0xEE55, 0xEE55, 0xEE35, 0xEE35, 0xEE35,
    0xEE35, 0xEE55, 0xEE55, 0xEE35, 0xEE35, 0xEE35, 0xEE35, 0xEE35, 0xEE55, 0xEE55, 0xEE55, 0xEE55,
    0xEE55, 0xEE55, 0xEE55, 0xEE35, 0xEE35, 0xEE55, 0xEE55, 0xEE55, 0xEE55, 0xEE55, 0xEE35, 0xEE35,
    0xEE55, 0xEE55, 0xEE55, 0xEE55, 0xEE55, 0xEE55, 0xEE55, 0xEE55, 0xEE55, 0xEE55, 0xEE55, 0xEE35,
    0xEE35, 0xEE35, 0xEE35, 0xEE35, 0xEE55, 0xEE55, 0xEE35, 0xEE55, 0xEE55, 0xEE35, 0xEE35, 0xEE55,
    0xEE55, 0xEE55, 0xEE55, 0xEE55, 0xEE55, 0xEE55, 0xEE55, 0xEE55, 0xF655, 0xF655, 0xEE35, 0xEE35,
    0xEE35, 0xEE35, 0xEE35, 0xEE35, 0xEE34, 0xEE34, 0xF634, 0xF634, 0xEE54, 0xEE54, 0xEE54, 0xEE55,
    0xEE55, 0xEE55, 0xEE55, 0xEE55, 0xEE55, 0xEE35, 0xEE35, 0xEE35, 0xEE35, 0xEE35, 0xEE35, 0xEE35,
    0xEE35, 0xEE35, 0xEE35, 0xEE35, 0xEE35, 0xEE35, 0xEE35, 0xEE55, 0xEE55, 0xEE55, 0xEE55, 0xEE55,
    0xEE55, 0xE655, 0xEE55, 0xEE35, 0xEE35, 0xEE35, 0xEE34, 0xEE14, 0xEE34, 0xEE34, 0xEE35, 0xEE55,
    0xEE76, 0xEEB8, 0x8BEE, 0x4A27, 0x5AA9, 0x4A69, 0x4249, 0x4249, 0x3A08, 0x10A2, 0x0000, 0x0000,
    0x0000, 0x0000, 0x0000, 0x0000, 0x0000, 0x0000, 0x0000, 0x0000, 0x0000, 0x0000, 0x0000, 0x0000,
    0x0000, 0x0000, 0x0000, 0x2104, 0x4229, 0x4A49, 0x4A49, 0x528A, 0x528A, 0x4A89, 0x8C0E, 0xE656,
    0xF696, 0xEE34, 0xEE13, 0xEE14, 0xEE34, 0xEE35, 0xEE35, 0xEE55, 0xEE35, 0xEE35, 0xEE55, 0xEE55,
    0xEE35, 0xEE35, 0xEE55, 0xEE55, 0xEE55, 0xEE55, 0xEE55, 0xEE55, 0xEE55, 0xEE35, 0xEE34, 0xEE34,
    0xEE34, 0xEE55, 0xEE55, 0xEE54, 0xEE34, 0xEE35, 0xEE35, 0xEE55, 0xEE55, 0xEE55, 0xF655, 0xF655,
    0xEE54, 0xEE35, 0xEE35, 0xEE55, 0xEE55, 0xEE54, 0xEE55, 0xEE55, 0xEE55, 0xEE35, 0xEE35, 0xEE55,
    0xEE55, 0xEE55, 0xEE35, 0xEE35, 0xEE35, 0xEE35, 0xEE35, 0xEE55, 0xEE55, 0xEE55, 0xEE55, 0xEE35,
    0xEE35, 0xEE35, 0xEE35, 0xEE55, 0xEE55, 0xEE35, 0xEE35, 0xEE35, 0xEE35, 0xEE35, 0xEE35, 0xEE55,
    0xEE55, 0xEE55, 0xEE55, 0xEE55, 0xEE55, 0xEE35, 0xEE35, 0xEE35, 0xEE55, 0xEE55, 0xF655, 0xF655,
    0xEE55, 0xEE55, 0xEE55, 0xEE55, 0xEE55, 0xEE55, 0xEE55, 0xEE55, 0xEE35, 0xEE35, 0xEE55, 0xEE55,
    0xEE55, 0xEE35, 0xEE35, 0xEE35, 0xEE35, 0xEE55, 0xEE55, 0xEE55, 0xEE55, 0xEE55, 0xEE55, 0xEE35,
    0xEE35, 0xEE55, 0xEE55, 0xEE55, 0xEE55, 0xEE55, 0xEE55, 0xEE55, 0xEE55, 0xEE55, 0xEE35, 0xEE35,
    0xEE35, 0xEE35, 0xEE35, 0xEE35, 0xEE35, 0xEE55, 0xEE55, 0xEE35, 0xEE55, 0xF655, 0xEE54, 0xEE55,
    0xEE55, 0xEE55, 0xEE55, 0xEE55, 0xEE55, 0xEE55, 0xEE55, 0xEE55, 0xEE35, 0xEE35, 0xEE35, 0xEE35,
    0xEE35, 0xEE35, 0xEE35, 0xEE35, 0xEE35, 0xEE35, 0xEE35, 0xEE35, 0xEE35, 0xEE35, 0xEE55, 0xEE55,
    0xEE55, 0xEE55, 0xEE55, 0xEE55, 0xEE55, 0xEE55, 0xEE55, 0xEE54, 0xEE34, 0xEE34, 0xEE34, 0xEE35,
    0xE615, 0xEE77, 0xDE36, 0x8BEE, 0x5268, 0x5AA9, 0x528A, 0x4A6A, 0x4A8A, 0x4249, 0x2124, 0x0000,
    0x0000, 0x0000, 0x0000, 0x0000, 0x0000, 0x0000, 0x0000, 0x0000, 0x0000, 0x0000, 0x0000, 0x0000,
    0x0000, 0x0000, 0x0000, 0x0000, 0x0000, 0x0000, 0x2966, 0x4A8A, 0x528A, 0x4A8A, 0x4AAA, 0x528A,
    0x4A28, 0x6B0A, 0xBD32, 0xEE56, 0xEE55, 0xEE15, 0xEE14, 0xF635, 0xEE35, 0xEE35, 0xF655, 0xF655,
    0xEE35, 0xEE55, 0xEE55, 0xEE35, 0xEE55, 0xEE55, 0xEE35, 0xEE55, 0xEE35, 0xEE35, 0xEE35, 0xEE55,
    0xEE55, 0xEE34, 0xEE54, 0xEE55, 0xEE35, 0xEE55, 0xEE34, 0xEE34, 0xEE34, 0xEE55, 0xEE55, 0xEE55,
    0xEE54, 0xEE54, 0xF655, 0xF655, 0xF655, 0xEE55, 0xEE55, 0xEE55, 0xEE55, 0xEE55, 0xEE35, 0xEE35,
    0xEE35, 0xEE55, 0xEE55, 0xEE55, 0xEE35, 0xEE35, 0xEE35, 0xEE35, 0xEE35, 0xEE55, 0xEE55, 0xEE55,
    0xEE35, 0xEE35, 0xEE35, 0xEE55, 0xEE35, 0xEE55, 0xEE55, 0xEE55, 0xEE55, 0xEE35, 0xEE35, 0xEE35,
    0xEE35, 0xEE55, 0xEE55, 0xEE55, 0xEE55, 0xEE55, 0xEE55, 0xEE35, 0xEE35, 0xEE35, 0xEE35, 0xEE55,
    0xEE55, 0xEE55, 0xEE55, 0xEE55, 0xF655, 0xF655, 0xF655, 0xEE55, 0xEE55, 0xEE35, 0xEE35, 0xEE35,
    0xEE55, 0xEE55, 0xEE55, 0xEE35, 0xEE35, 0xEE35, 0xEE35, 0xEE55, 0xEE55, 0xF655, 0xEE55, 0xEE55,
    0xEE55, 0xEE35, 0xEE35, 0xEE55, 0xEE55, 0xEE55, 0xEE55, 0xEE55, 0xEE55, 0xEE55, 0xEE35, 0xEE35,
    0xEE35, 0xEE35, 0xEE35, 0xEE35, 0xEE35, 0xEE35, 0xEE35, 0xEE55, 0xEE35, 0xEE35, 0xEE35, 0xEE35,
    0xEE34, 0xEE55, 0xEE55, 0xEE55, 0xEE55, 0xEE55, 0xEE55, 0xEE55, 0xEE55, 0xEE55, 0xEE55, 0xEE55,
    0xEE35, 0xEE35, 0xEE35, 0xEE35, 0xEE35, 0xEE35, 0xEE55, 0xEE55, 0xEE55, 0xEE55, 0xEE35, 0xEE35,
    0xEE35, 0xEE55, 0xEE55, 0xEE55, 0xEE55, 0xEE55, 0xEE55, 0xEE55, 0xEE55, 0xEE34, 0xEE34, 0xEE34,
    0xE634, 0xE656, 0xE677, 0xB512, 0x6AEA, 0x5248, 0x5289, 0x528A, 0x4A8A, 0x528A, 0x528A, 0x2986,
    0x0000, 0x0000, 0x0000, 0x0000, 0x0000, 0x0000, 0x0000, 0x0000, 0x0000, 0x0000, 0x0000, 0x0000,
    0x0000, 0x0000, 0x0000, 0x0000, 0x0000, 0x0000, 0x0000, 0x0000, 0x0000, 0x2986, 0x52AB, 0x4A8A,
    0x4A8A, 0x528A, 0x4A69, 0x4A28, 0x4A27, 0x7B6C, 0xCD93, 0xEE56, 0xF676, 0xEE35, 0xEE35, 0xEE34,
    0xEE34, 0xEE35, 0xEE35, 0xEE55, 0xEE55, 0xEE55, 0xEE55, 0xEE55, 0xEE55, 0xEE55, 0xEE35, 0xEE35,
    0xEE55, 0xEE55, 0xEE55, 0xEE35, 0xEE55, 0xEE55, 0xEE34, 0xEE35, 0xEE34, 0xEE34, 0xEE34, 0xEE54,
    0xEE34, 0xEE34, 0xEE54, 0xEE54, 0xEE55, 0xEE55, 0xEE55, 0xEE55, 0xEE55, 0xEE55, 0xEE55, 0xEE55,
    0xEE55, 0xEE35, 0xEE55, 0xEE55, 0xEE55, 0xEE55, 0xEE35, 0xEE35, 0xEE35, 0xEE35, 0xEE35, 0xEE35,
    0xEE35, 0xEE35, 0xEE55, 0xEE35, 0xEE35, 0xEE35, 0xEE55, 0xEE55, 0xEE55, 0xEE55, 0xEE35, 0xEE55,
    0xEE55, 0xEE55, 0xEE55, 0xEE55, 0xEE55, 0xEE55, 0xEE55, 0xEE55, 0xEE35, 0xEE35, 0xEE35, 0xEE55,
    0xEE55, 0xEE55, 0xEE55, 0xEE55, 0xEE55, 0xEE55, 0xEE55, 0xEE55, 0xEE55, 0xEE55, 0xEE55, 0xEE55,
    0xEE55, 0xEE55, 0xEE55, 0xEE55, 0xEE55, 0xEE35, 0xEE35, 0xEE35, 0xEE35, 0xEE55, 0xEE55, 0xEE55,
    0xEE55, 0xEE55, 0xEE55, 0xEE55, 0xEE55, 0xEE55, 0xEE55, 0xEE55, 0xEE55, 0xEE55, 0xEE55, 0xEE55,
    0xEE55, 0xEE55, 0xEE55, 0xEE55, 0xEE35, 0xEE35, 0xEE35, 0xEE35, 0xEE35, 0xEE55, 0xEE55, 0xEE55,
    0xEE55, 0xEE35, 0xEE55, 0xEE55, 0xEE55, 0xEE35, 0xEE34, 0xEE34, 0xEE35, 0xEE35, 0xEE35, 0xEE55,
    0xEE55, 0xEE55, 0xEE55, 0xEE35, 0xEE35, 0xEE35, 0xEE35, 0xEE35, 0xEE35, 0xEE35, 0xEE55, 0xEE55,
    0xEE34, 0xEE55, 0xEE55, 0xEE55, 0xF655, 0xF655, 0xEE55, 0xEE35, 0xEE35, 0xEE55, 0xEE34, 0xEE35,
    0xEE35, 0xEE56, 0xEE77, 0xCD94, 0x83AD, 0x5227, 0x4A08, 0x5269, 0x526A, 0x4A6A, 0x528A, 0x52CB,
    0x3186, 0x0000, 0x0000, 0x0000, 0x0000, 0x0000, 0x0000, 0x0000, 0x0000, 0x0000, 0x0000, 0x0000,
    0x0000, 0x0000, 0x0000, 0x0000, 0x0000, 0x0000, 0x0000, 0x0000, 0x0000, 0x0000, 0x0000, 0x0000,
    0x2945, 0x4A8A, 0x528A, 0x4A49, 0x4A49, 0x4A49, 0x4A49, 0x4207, 0x5248, 0x8BAD, 0xC573, 0xEE77,
    0xF676, 0xF676, 0xEE35, 0xE635, 0xEE35, 0xEE35, 0xEE55, 0xEE55, 0xEE55, 0xEE55, 0xEE55, 0xEE35,
    0xEE35, 0xEE55, 0xEE55, 0xEE55, 0xEE55, 0xEE55, 0xEE55, 0xEE55, 0xEE35, 0xEE35, 0xEE35, 0xEE34,
    0xEE34, 0xEE34, 0xEE34, 0xEE34, 0xEE34, 0xEE55, 0xEE55, 0xF655, 0xEE55, 0xEE55, 0xEE55, 0xEE55,
    0xEE55, 0xEE55, 0xEE55, 0xEE35, 0xEE35, 0xEE55, 0xEE55, 0xEE55, 0xEE35, 0xEE35, 0xEE35, 0xEE35,
    0xEE35, 0xEE35, 0xEE35, 0xEE35, 0xEE35, 0xEE35, 0xEE35, 0xEE55, 0xF655, 0xEE55, 0xEE55, 0xEE35,
    0xEE35, 0xEE35, 0xEE55, 0xEE55, 0xEE55, 0xEE35, 0xEE55, 0xEE55, 0xEE55, 0xEE55, 0xEE35, 0xEE35,
    0xEE35, 0xEE55, 0xEE55, 0xEE55, 0xEE55, 0xEE55, 0xEE35, 0xEE35, 0xEE35, 0xEE35, 0xEE35, 0xEE55,
    0xEE55, 0xEE55, 0xEE55, 0xEE55, 0xEE55, 0xEE35, 0xEE35, 0xEE35, 0xEE35, 0xEE35, 0xEE35, 0xEE55,
    0xEE55, 0xEE55, 0xEE55, 0xEE55, 0xEE55, 0xEE55, 0xEE55, 0xEE55, 0xEE55, 0xEE55, 0xEE55, 0xEE35,
    0xEE35, 0xEE55, 0xEE55, 0xEE55, 0xEE55, 0xEE55, 0xF634, 0xF634, 0xEE55, 0xEE55, 0xEE55, 0xEE55,
    0xEE55, 0xEE55, 0xEE55, 0xEE35, 0xEE55, 0xEE55, 0xEE55, 0xEE34, 0xEE34, 0xEE34, 0xEE34, 0xEE35,
    0xEE35, 0xEE55, 0xEE35, 0xEE35, 0xEE35, 0xEE35, 0xEE35, 0xEE35, 0xEE35, 0xEE35, 0xEE35, 0xEE35,
    0xEE35, 0xEE54, 0xEE54, 0xEE54, 0xEE54, 0xEE35, 0xEE35, 0xEE35, 0xEE35, 0xEE35, 0xEE35, 0xEE56,
    0xEE76, 0xEE76, 0xE677, 0xCD94, 0x8BEE, 0x5A89, 0x41E7, 0x4A49, 0x4A69, 0x4A49, 0x4A4A, 0x4A6A,
    0x528A, 0x2965, 0x0000, 0x0000, 0x0000, 0x0000, 0x0000, 0x0000, 0x0000, 0x0000, 0x0000, 0x0000,
    0x0000, 0x0000, 0x0000, 0x0000, 0x0000, 0x0000, 0x0000, 0x0000, 0x0000, 0x0000, 0x0000, 0x0000,
    0x0000, 0x0000, 0x0000, 0x1904, 0x4A28, 0x4A69, 0x4A69, 0x4A49, 0x4A49, 0x4A69, 0x4A49, 0x4A07,
    0x5A48, 0x732B, 0xAC90, 0xCDB4, 0xE657, 0xEEB8, 0xEE97, 0xEE76, 0xEE76, 0xE635, 0xEE35, 0xEE55,
    0xEE35, 0xEE35, 0xEE35, 0xEE35, 0xEE35, 0xEE55, 0xEE55, 0xEE55, 0xEE35, 0xEE35, 0xEE35, 0xEE35,
    0xEE35, 0xEE35, 0xEE34, 0xEE34, 0xEE34, 0xEE34, 0xEE34, 0xEE35, 0xEE35, 0xEE55, 0xEE55, 0xEE55,
    0xEE55, 0xEE55, 0xEE55, 0xEE55, 0xEE55, 0xEE35, 0xEE35, 0xEE35, 0xEE55, 0xEE55, 0xEE55, 0xEE55,
    0xEE55, 0xEE55, 0xEE55, 0xEE35, 0xEE35, 0xEE35, 0xEE55, 0xEE55, 0xEE35, 0xEE35, 0xEE35, 0xEE55,
    0xEE35, 0xEE35, 0xEE35, 0xEE35, 0xEE35, 0xEE35, 0xEE35, 0xEE55, 0xEE55, 0xEE55, 0xEE55, 0xEE35,
    0xEE35, 0xEE35, 0xEE35, 0xEE55, 0xEE55, 0xEE55, 0xEE55, 0xEE55, 0xEE55, 0xEE55, 0xEE55, 0xEE55,
    0xEE55, 0xEE35, 0xEE35, 0xEE35, 0xEE35, 0xEE35, 0xEE35, 0xEE35, 0xEE35, 0xEE35, 0xEE35, 0xEE35,
    0xEE35, 0xEE55, 0xEE55, 0xEE55, 0xEE35, 0xEE35, 0xEE35, 0xEE35, 0xEE35, 0xEE55, 0xEE55, 0xEE55,
    0xEE35, 0xEE35, 0xEE35, 0xEE35, 0xEE35, 0xEE35, 0xEE35, 0xEE35, 0xF634, 0xF634, 0xF634, 0xF635,
    0xEE55, 0xEE55, 0xEE55, 0xEE55, 0xEE55, 0xEE55, 0xEE55, 0xEE55, 0xEE54, 0xEE34, 0xEE34, 0xF635,
    0xF634, 0xEE34, 0xEE35, 0xEE35, 0xEE35, 0xEE35, 0xEE35, 0xEE35, 0xEE35, 0xEE35, 0xEE35, 0xEE35,
    0xEE35, 0xEE55, 0xEE35, 0xEE55, 0xEE55, 0xEE35, 0xEE35, 0xEE35, 0xEE35, 0xEE56, 0xEE56, 0xEE56,
    0xF697, 0xE677, 0xCDB4, 0xACF1, 0x7B6C, 0x5A68, 0x4A28, 0x4A49, 0x528A, 0x4A69, 0x4A6A, 0x4A6A,
    0x4A6A, 0x4228, 0x18E3, 0x0000, 0x0000, 0x0000, 0x0000, 0x0000, 0x0000, 0x0000, 0x0000, 0x0000,
    0x0000, 0x0000, 0x0000, 0x0000, 0x0000, 0x0000, 0x0000, 0x0000, 0x0000, 0x0000, 0x0000, 0x0000,
    0x0000, 0x0000, 0x0000, 0x0000, 0x0000, 0x0000, 0x10A2, 0x3186, 0x4228, 0x4A6A, 0x4249, 0x4A6A,
    0x4A69, 0x4A69, 0x4A29, 0x4A49, 0x4A08, 0x5A69, 0x7B4C, 0x9C4F, 0xBD73, 0xDE35, 0xEE76, 0xEE76,
    0xF676, 0xF676, 0xF675, 0xF655, 0xEE35, 0xEE35, 0xEE34, 0xEE34, 0xEE34, 0xEE35, 0xEE35, 0xEE35,
    0xEE35, 0xEE35, 0xEE34, 0xEE14, 0xEE14, 0xEE14, 0xEE14, 0xEE14, 0xEE14, 0xEE34, 0xEE35, 0xEE35,
    0xEE35, 0xEE55, 0xEE55, 0xEE55, 0xEE55, 0xEE55, 0xEE55, 0xEE35, 0xEE35, 0xEE35, 0xEE55, 0xEE55,
    0xEE55, 0xEE55, 0xEE55, 0xEE55, 0xEE55, 0xEE35, 0xEE35, 0xEE35, 0xEE55, 0xEE35, 0xEE35, 0xEE35,
    0xEE55, 0xEE55, 0xEE35, 0xEE35, 0xEE35, 0xEE35, 0xEE35, 0xEE35, 0xEE35, 0xEE55, 0xEE55, 0xEE55,
    0xEE55, 0xEE35, 0xEE35, 0xEE35, 0xEE35, 0xEE55, 0xEE55, 0xEE55, 0xEE55, 0xEE55, 0xEE35, 0xEE35,
    0xEE35, 0xEE35, 0xEE35, 0xEE35, 0xEE35, 0xEE35, 0xEE35, 0xEE35, 0xEE35, 0xEE35, 0xEE35, 0xEE35,
    0xEE35, 0xEE35, 0xEE35, 0xEE55, 0xEE55, 0xEE55, 0xEE35, 0xEE35, 0xEE35, 0xEE35, 0xEE35, 0xEE55,
    0xEE55, 0xEE55, 0xEE35, 0xEE35, 0xEE35, 0xEE34, 0xEE35, 0xEE34, 0xEE35, 0xEE34, 0xEE34, 0xEE34,
    0xEE34, 0xEE34, 0xEE35, 0xEE55, 0xF655, 0xEE55, 0xEE55, 0xEE55, 0xEE35, 0xEE35, 0xEE34, 0xEE14,
    0xEE14, 0xF634, 0xEE34, 0xEE34, 0xEE14, 0xEE14, 0xEE34, 0xEE34, 0xEE34, 0xEE34, 0xEE34, 0xEE34,
    0xEE34, 0xEE34, 0xEE34, 0xEE34, 0xEE35, 0xEE35, 0xEE55, 0xF676, 0xF676, 0xF676, 0xEE76, 0xE656,
    0xDE36, 0xC593, 0xA46F, 0x838C, 0x6289, 0x4A07, 0x4A28, 0x4A49, 0x526A, 0x4A6A, 0x4A6A, 0x4A69,
    0x4A6A, 0x4A49, 0x3186, 0x10A2, 0x0000, 0x0000, 0x0000, 0x0000, 0x0000, 0x0000, 0x0000, 0x0000,
    0x0000, 0x0000, 0x0000, 0x0000, 0x0000, 0x0000, 0x0000, 0x0000, 0x0000, 0x0000, 0x0000, 0x0000,
    0x0000, 0x0000, 0x0000, 0x0000, 0x0000, 0x0000, 0x0000, 0x0000, 0x0000, 0x0000, 0x18E3, 0x4208,
    0x4A6A, 0x4A6A, 0x4A6A, 0x4A6A, 0x4A6A, 0x4A6A, 0x528A, 0x4A49, 0x4A28, 0x4A28, 0x5248, 0x62C9,
    0x836C, 0x9C4E, 0xB4D0, 0xC552, 0xCD93, 0xDDD4, 0xE615, 0xEE56, 0xEE77, 0xF697, 0xF697, 0xF697,
    0xF677, 0xEE76, 0xF677, 0xEE97, 0xEE77, 0xEE76, 0xEE76, 0xF676, 0xEE76, 0xEE76, 0xEE76, 0xEE77,
    0xEE97, 0xEE97, 0xEE76, 0xEE76, 0xEE76, 0xEE76, 0xEE56, 0xEE35, 0xEE55, 0xEE55, 0xEE34, 0xEE34,
    0xF634, 0xEE34, 0xEE35, 0xEE55, 0xEE55, 0xEE55, 0xEE55, 0xEE55, 0xEE55, 0xEE35, 0xEE34, 0xEE34,
    0xEE34, 0xF634, 0xF655, 0xF635, 0xEE35, 0xEE35, 0xEE35, 0xEE35, 0xEE35, 0xEE35, 0xEE35, 0xEE55,
    0xEE55, 0xEE55, 0xEE55, 0xEE35, 0xEE35, 0xEE35, 0xEE35, 0xEE55, 0xEE55, 0xEE55, 0xEE55, 0xEE55,
    0xEE35, 0xEE35, 0xEE35, 0xEE35, 0xEE35, 0xEE35, 0xEE35, 0xEE35, 0xEE35, 0xEE35, 0xEE35, 0xEE35,
    0xEE35, 0xEE35, 0xEE35, 0xEE35, 0xEE35, 0xEE55, 0xEE55, 0xEE55, 0xEE35, 0xEE35, 0xEE35, 0xEE35,
    0xEE35, 0xEE55, 0xEE54, 0xEE34, 0xEE35, 0xEE35, 0xEE55, 0xEE35, 0xEE34, 0xEE35, 0xEE35, 0xF635,
    0xF634, 0xEE34, 0xEE34, 0xEE34, 0xEE34, 0xEE55, 0xEE35, 0xEE55, 0xEE55, 0xEE56, 0xEE76, 0xEE76,
    0xEE76, 0xF676, 0xF676, 0xF676, 0xF676, 0xEE56, 0xEE77, 0xF677, 0xF697, 0xF697, 0xF697, 0xEE97,
    0xEE97, 0xEE97, 0xEE97, 0xEE97, 0xEE77, 0xEE77, 0xEE76, 0xE636, 0xD5D5, 0xCD94, 0xC552, 0xB4D1,
    0x9C2F, 0x838C, 0x62EA, 0x5A68, 0x4A27, 0x4A28, 0x5249, 0x528A, 0x4A6A, 0x4A6A, 0x4A4A, 0x4A4A,
    0x4A6A, 0x4A69, 0x5269, 0x2124, 0x0000, 0x0000, 0x0000, 0x0000, 0x0000, 0x0000, 0x0000, 0x0000,
    0x0000, 0x0000, 0x0000, 0x0000, 0x0000, 0x0000, 0x0000, 0x0000, 0x0000, 0x0000, 0x0000, 0x0000,
    0x0000, 0x0000, 0x0000, 0x0000, 0x0000, 0x0000, 0x0000, 0x0000, 0x0000, 0x0000, 0x0000, 0x0000,
    0x2124, 0x4A49, 0x4A49, 0x4A49, 0x4A6A, 0x4A6A, 0x4A8A, 0x4A8A, 0x4A69, 0x4A69, 0x4A69, 0x4A69,
    0x4A49, 0x4A49, 0x4A29, 0x4208, 0x4207, 0x4A48, 0x5A89, 0x62CA, 0x730B, 0x7B4C, 0x838D, 0x8BCE,
    0x940F, 0x9C4F, 0xA46F, 0xA46F, 0x9C4F, 0x9C2F, 0x93EE, 0x8BCD, 0x8BAD, 0x838C, 0x836C, 0x838C,
    0x83AD, 0x8BEE, 0x940E, 0x9C6F, 0xB512, 0xD5F5, 0xDE57, 0xE677, 0xEEB8, 0xF6B8, 0xF676, 0xEE34,
    0xEE34, 0xEE34, 0xF634, 0xF634, 0xEE35, 0xEE35, 0xEE35, 0xEE55, 0xEE55, 0xEE55, 0xEE55, 0xEE35,
    0xEE34, 0xEE34, 0xF634, 0xF634, 0xF634, 0xF634, 0xEE34, 0xEE35, 0xEE35, 0xEE35, 0xEE35, 0xEE35,
    0xEE35, 0xEE35, 0xEE35, 0xEE35, 0xEE35, 0xEE35, 0xEE35, 0xEE35, 0xEE55, 0xEE55, 0xEE55, 0xEE55,
    0xEE55, 0xEE55, 0xEE35, 0xEE35, 0xEE35, 0xEE35, 0xEE35, 0xEE35, 0xEE35, 0xEE35, 0xEE35, 0xEE35,
    0xEE55, 0xEE35, 0xEE35, 0xEE35, 0xEE35, 0xEE35, 0xEE55, 0xEE55, 0xEE55, 0xEE35, 0xEE35, 0xEE35,
    0xEE35, 0xEE35, 0xEE35, 0xEE34, 0xEE34, 0xEE34, 0xEE34, 0xEE35, 0xEE35, 0xEE35, 0xF655, 0xEE35,
    0xEE35, 0xF635, 0xEE35, 0xEE34, 0xEE34, 0xEE34, 0xEE54, 0xEE75, 0xF697, 0xF6B7, 0xEE77, 0xE677,
    0xD616, 0xC553, 0xAC90, 0x9C0F, 0x93CE, 0x8BAD, 0x8B8D, 0x838D, 0x838D, 0x8B8D, 0x8BAD, 0x8BCE,
    0x8BCE, 0x93EE, 0x940E, 0x93EE, 0x8BEE, 0x8BCE, 0x83AD, 0x7B6C, 0x734C, 0x6B2B, 0x62EA, 0x5A89,
    0x4A48, 0x4A08, 0x4208, 0x4A49, 0x4A49, 0x4A69, 0x526A, 0x4A6A, 0x4A49, 0x4A6A, 0x4A6A, 0x4A6A,
    0x4A6A, 0x4A4A, 0x4A4A, 0x4A69, 0x528A, 0x2965, 0x0000, 0x0000, 0x0000, 0x0000, 0x0000, 0x0000,
    0x0000, 0x0000, 0x0000, 0x0000, 0x0000, 0x0000, 0x0000, 0x0000, 0x0000, 0x0000, 0x0000, 0x0000,
    0x0000, 0x0000, 0x0000, 0x0000, 0x0000, 0x0000, 0x0000, 0x0000, 0x0000, 0x0000, 0x0000, 0x0000,
    0x0000, 0x31A7, 0x528A, 0x4A6A, 0x4A6A, 0x4A6A, 0x4A49, 0x4229, 0x4228, 0x4228, 0x4A69, 0x4A69,
    0x4A69, 0x528A, 0x4A6A, 0x4A4A, 0x4A6A, 0x526A, 0x5289, 0x5269, 0x4A49, 0x5249, 0x4A28, 0x4A28,
    0x4A28, 0x4A28, 0x5228, 0x5228, 0x5228, 0x5228, 0x5248, 0x5228, 0x4A07, 0x4A07, 0x4A28, 0x4A07,
    0x4A28, 0x4A28, 0x4A07, 0x4A27, 0x4A28, 0x5228, 0x5248, 0x5A69, 0x62CA, 0x7B8C, 0x942F, 0xB4F1,
    0xCDB4, 0xE656, 0xEE97, 0xEE76, 0xEE56, 0xEE55, 0xEE35, 0xEE35, 0xEE55, 0xEE55, 0xEE34, 0xEE34,
    0xEE35, 0xEE35, 0xEE35, 0xEE35, 0xEE35, 0xEE55, 0xEE55, 0xEE35, 0xEE35, 0xEE35, 0xEE35, 0xEE35,
    0xEE35, 0xEE35, 0xEE35, 0xEE35, 0xEE35, 0xEE35, 0xEE35, 0xEE35, 0xEE35, 0xEE35, 0xEE35, 0xEE55,
    0xEE55, 0xEE55, 0xEE55, 0xEE55, 0xEE35, 0xEE35, 0xEE35, 0xEE35, 0xEE35, 0xEE35, 0xEE35, 0xEE35,
    0xEE35, 0xEE35, 0xEE35, 0xEE35, 0xEE35, 0xEE35, 0xEE35, 0xEE35, 0xEE55, 0xEE55, 0xEE55, 0xEE35,
    0xEE35, 0xEE35, 0xEE35, 0xEE35, 0xEE35, 0xEE35, 0xEE35, 0xEE35, 0xEE35, 0xEE55, 0xEE35, 0xEE34,
    0xEE35, 0xEE55, 0xEE34, 0xEE35, 0xEE35, 0xEE55, 0xEE76, 0xEE76, 0xEE97, 0xD615, 0xBD32, 0x9C6F,
    0x8BCD, 0x730B, 0x5A89, 0x5248, 0x4A27, 0x4A27, 0x4A28, 0x4A28, 0x4A28, 0x4A28, 0x4A27, 0x4A27,
    0x4A27, 0x4A28, 0x4A28, 0x4A28, 0x4A28, 0x5228, 0x4A48, 0x4A28, 0x4A28, 0x4A28, 0x4A28, 0x4A48,
    0x4A48, 0x4A49, 0x5269, 0x526A, 0x526A, 0x4A6A, 0x4A69, 0x4A69, 0x4A6A, 0x528A, 0x4A69, 0x4A69,
    0x4A49, 0x4229, 0x4229, 0x4A49, 0x4A6A, 0x4A69, 0x528A, 0x5ACA, 0x39C7, 0x0000, 0x0000, 0x0000,
    0x0000, 0x0000, 0x0000, 0x0000, 0x0000, 0x0000, 0x0000, 0x0000, 0x0000, 0x0000, 0x0000, 0x0000,
    0x0000, 0x0000, 0x0000, 0x0000, 0x0000, 0x0000, 0x0000, 0x0000, 0x0000, 0x0000, 0x0000, 0x0000,
    0x0000, 0x0000, 0x31A6, 0x52AB, 0x4A6A, 0x4A8A, 0x528A, 0x4A69, 0x4208, 0x6B2C, 0x8C50, 0x5ACA,
    0x5289, 0x4A48, 0x4207, 0x4228, 0x4A49, 0x4A6A, 0x528A, 0x4A6A, 0x4A69, 0x4A8A, 0x4A89, 0x528A,
    0x4A6A, 0x528A, 0x528A, 0x528A, 0x528A, 0x5269, 0x5289, 0x5269, 0x5289, 0x528A, 0x526A, 0x526A,
    0x526A, 0x526A, 0x526A, 0x526A, 0x526A, 0x526A, 0x526A, 0x526A, 0x4A69, 0x4A49, 0x4A49, 0x4A28,
    0x4A07, 0x5228, 0x5A89, 0x730B, 0x942F, 0xBD74, 0xD5F6, 0xE657, 0xF697, 0xF655, 0xEE34, 0xF634,
    0xF634, 0xEE34, 0xEE55, 0xEE35, 0xEE55, 0xEE55, 0xEE55, 0xEE55, 0xEE55, 0xEE55, 0xEE35, 0xEE34,
    0xF634, 0xF634, 0xEE34, 0xEE35, 0xEE35, 0xEE35, 0xEE35, 0xEE35, 0xEE35, 0xEE35, 0xEE35, 0xEE35,
    0xEE35, 0xEE35, 0xEE35, 0xEE35, 0xEE35, 0xEE35, 0xEE35, 0xEE35, 0xEE35, 0xEE35, 0xEE35, 0xEE35,
    0xEE35, 0xEE35, 0xEE35, 0xEE35, 0xEE35, 0xEE35, 0xEE35, 0xEE35, 0xEE35, 0xEE35, 0xEE55, 0xEE55,
    0xEE55, 0xEE35, 0xEE35, 0xEE35, 0xEE35, 0xEE35, 0xEE35, 0xEE35, 0xEE55, 0xEE55, 0xEE55, 0xF655,
    0xF655, 0xEE55, 0xEE55, 0xEE35, 0xEE35, 0xEE76, 0xEE77, 0xDE15, 0xCDB4, 0xA490, 0x7B4B, 0x62A9,
    0x5248, 0x4A07, 0x4A28, 0x4A28, 0x4A49, 0x4A69, 0x4A69, 0x4A69, 0x4A69, 0x4A6A, 0x4A6A, 0x4A8A,
    0x4A8A, 0x4A89, 0x4A6A, 0x526A, 0x526A, 0x526A, 0x526A, 0x528A, 0x528A, 0x528A, 0x528A, 0x528A,
    0x528A, 0x5289, 0x528A, 0x4A6A, 0x4A6A, 0x4A6A, 0x4A6A, 0x4A6A, 0x4A6A, 0x4A69, 0x4248, 0x41E7,
    0x4208, 0x5269, 0x5289, 0x7BCE, 0x6B4C, 0x4207, 0x4A69, 0x4A6A, 0x4A6A, 0x4A69, 0x528A, 0x39C7,
    0x0000, 0x0000, 0x0000, 0x0000, 0x0000, 0x0000, 0x0000, 0x0000, 0x0000, 0x0000, 0x0000, 0x0000,
    0x0000, 0x0000, 0x0000, 0x0000, 0x0000, 0x0000, 0x0000, 0x0000, 0x0000, 0x0000, 0x0000, 0x0000,
    0x0000, 0x0000, 0x0000, 0x18C3, 0x4A6A, 0x4A6A, 0x4A6A, 0x4A6A, 0x528A, 0x4A48, 0x8430, 0xEF3C,
    0xFFDE, 0xEF7C, 0xD698, 0xB5B5, 0x9CD2, 0x7BCE, 0x52CA, 0x4228, 0x4228, 0x4228, 0x4229, 0x4249,
    0x4A49, 0x4A6A, 0x4A8A, 0x4A8A, 0x4A8A, 0x4A8A, 0x4A8A, 0x528A, 0x528A, 0x528A, 0x528A, 0x4A8A,
    0x4A8A, 0x528A, 0x4A8A, 0x528B, 0x4A8A, 0x528A, 0x528B, 0x4A8A, 0x528B, 0x4A8A, 0x4A8A, 0x4A6A,
    0x4A69, 0x4A6A, 0x4A49, 0x4A6A, 0x4A49, 0x4A08, 0x4A28, 0x4A08, 0x5A8A, 0x83AD, 0xB4D1, 0xE635,
    0xF696, 0xEE55, 0xEE34, 0xEE54, 0xEE55, 0xEE55, 0xEE54, 0xEE55, 0xEE55, 0xEE55, 0xEE55, 0xEE55,
    0xEE35, 0xEE35, 0xF634, 0xF634, 0xEE34, 0xEE35, 0xEE35, 0xEE35, 0xEE35, 0xEE35, 0xEE35, 0xEE35,
    0xEE35, 0xEE35, 0xEE35, 0xEE35, 0xEE35, 0xEE35, 0xEE35, 0xEE35, 0xEE35, 0xEE35, 0xEE35, 0xEE35,
    0xEE35, 0xEE35, 0xEE35, 0xEE35, 0xEE35, 0xEE35, 0xEE35, 0xEE35, 0xEE35, 0xEE35, 0xEE55, 0xEE35,
    0xEE55, 0xEE55, 0xEE55, 0xEE35, 0xEE35, 0xEE35, 0xEE35, 0xEE35, 0xEE35, 0xEE35, 0xEE54, 0xEE34,
    0xF655, 0xF655, 0xEE35, 0xEE35, 0xEE56, 0xEE77, 0xE636, 0xB511, 0x8BCD, 0x62C9, 0x5228, 0x4A28,
    0x4A08, 0x4A29, 0x4A6A, 0x4A6A, 0x4A6A, 0x4A6A, 0x4A6A, 0x4A6A, 0x4A6A, 0x4A6A, 0x4A8A, 0x4A6A,
    0x4A6A, 0x4A8A, 0x4A8A, 0x4A8A, 0x528A, 0x4A8A, 0x4A8A, 0x4A8A, 0x4A8A, 0x4A8A, 0x4A8A, 0x4A8A,
    0x4A8A, 0x4A8A, 0x4A8A, 0x4A89, 0x4A6A, 0x4A69, 0x4A49, 0x4229, 0x4228, 0x4228, 0x4208, 0x5289,
    0x6B4C, 0x8C50, 0xAD33, 0xC616, 0xE71A, 0xF7BD, 0xEF5C, 0x94B1, 0x4A48, 0x528A, 0x4A6A, 0x528A,
    0x528A, 0x528A, 0x2945, 0x0000, 0x0000, 0x0000, 0x0000, 0x0000, 0x0000, 0x0000, 0x0000, 0x0000,
    0x0000, 0x0000, 0x0000, 0x0000, 0x0000, 0x0000, 0x0000, 0x0000, 0x0000, 0x0000, 0x0000, 0x0000,
    0x0000, 0x0000, 0x0000, 0x0000, 0x0861, 0x4208, 0x4A6A, 0x4A6A, 0x4A6A, 0x528A, 0x4A48, 0x8C71,
    0xFFDE, 0xFFBD, 0xF79C, 0xFFBD, 0xFFDD, 0xFFFE, 0xFFFE, 0xF79D, 0xDEFA, 0xC638, 0xA534, 0x8430,
    0x6B6D, 0x5AEB, 0x52CA, 0x528A, 0x4A49, 0x4228, 0x3A08, 0x4208, 0x4208, 0x4208, 0x4228, 0x4228,
    0x4208, 0x3A08, 0x4208, 0x4208, 0x3A08, 0x4208, 0x4208, 0x3A08, 0x3A08, 0x3A08, 0x4208, 0x4228,
    0x4249, 0x4A6A, 0x4A8A, 0x4A6A, 0x4A6A, 0x4A6A, 0x4A6A, 0x4A6A, 0x4A6A, 0x526A, 0x4A28, 0x4A08,
    0x4A07, 0x732B, 0xB511, 0xE636, 0xF697, 0xEE55, 0xEE55, 0xEE34, 0xEE34, 0xF634, 0xEE54, 0xEE55,
    0xEE55, 0xEE55, 0xEE55, 0xEE54, 0xEE34, 0xEE34, 0xEE34, 0xEE35, 0xEE35, 0xEE35, 0xEE35, 0xEE55,
    0xEE55, 0xEE35, 0xEE35, 0xEE35, 0xEE35, 0xEE35, 0xEE35, 0xEE35, 0xEE35, 0xEE35, 0xEE35, 0xEE35,
    0xEE35, 0xEE35, 0xEE35, 0xEE35, 0xEE35, 0xEE35, 0xEE35, 0xEE35, 0xEE35, 0xEE35, 0xEE35, 0xEE35,
    0xEE55, 0xEE35, 0xEE55, 0xEE55, 0xEE55, 0xEE35, 0xEE35, 0xEE35, 0xEE35, 0xEE35, 0xEE35, 0xEE55,
    0xF634, 0xF655, 0xEE34, 0xEE55, 0xEE55, 0xEE77, 0xDE36, 0xB512, 0x7B4B, 0x5227, 0x4A07, 0x4A28,
    0x4A49, 0x526A, 0x4A6A, 0x4A6A, 0x4A6A, 0x4A6A, 0x4A69, 0x4A69, 0x4A6A, 0x4A49, 0x4209, 0x41E8,
    0x41E8, 0x41E8, 0x41E8, 0x41E8, 0x4208, 0x41E8, 0x4208, 0x3A07, 0x3A07, 0x3A08, 0x4208, 0x4208,
    0x4208, 0x3A08, 0x3A08, 0x4208, 0x4208, 0x4228, 0x4A69, 0x528A, 0x5ACB, 0x632C, 0x73AE, 0x9491,
    0xBDD6, 0xDEDA, 0xEF5C, 0xFFDD, 0xFFFE, 0xFFDD, 0xFFBC, 0xF7BC, 0xF7BC, 0xFFFE, 0x9D13, 0x4A69,
    0x528A, 0x4A69, 0x4A69, 0x4A69, 0x4228, 0x1082, 0x0000, 0x0000, 0x0000, 0x0000, 0x0000, 0x0000,
    0x0000, 0x0000, 0x0000, 0x0000, 0x0000, 0x0000, 0x0000, 0x0000, 0x0000, 0x0000, 0x0000, 0x0000,
    0x0000, 0x0000, 0x0000, 0x0000, 0x0000, 0x0841, 0x39E7, 0x4A49, 0x4229, 0x4A69, 0x528A, 0x4A49,
    0x840F, 0xF7BD, 0xFFBD, 0xF79C, 0xF79C, 0xF79C, 0xF79C, 0xF79C, 0xF79C, 0xF7BC, 0xFFDD, 0xFFDD,
    0xFFDE, 0xFFDE, 0xFFDE, 0xEF5C, 0xDEB9, 0xCE58, 0xBDF6, 0xB595, 0xA533, 0x9CF2, 0x9CD2, 0x9491,
    0x8C50, 0x8450, 0x8C50, 0x8C70, 0x94B1, 0x9CD2, 0xA4F3, 0xA533, 0xA533, 0xA533, 0xA513, 0x9CD2,
    0x9491, 0x840F, 0x6B4D, 0x5289, 0x4A28, 0x4228, 0x4208, 0x4228, 0x4A69, 0x4A6A, 0x4A69, 0x4A49,
    0x4A69, 0x4A69, 0x5289, 0x4A49, 0x4A28, 0x6B0B, 0xB4F2, 0xEE77, 0xEE76, 0xEE34, 0xF634, 0xF634,
    0xF634, 0xF634, 0xEE55, 0xEE34, 0xEE55, 0xEE55, 0xEE55, 0xEE54, 0xEE55, 0xEE55, 0xEE55, 0xEE55,
    0xEE55, 0xEE55, 0xEE55, 0xEE35, 0xEE35, 0xEE55, 0xEE55, 0xEE35, 0xEE35, 0xEE35, 0xEE35, 0xEE35,
    0xEE35, 0xEE35, 0xEE35, 0xEE35, 0xEE35, 0xEE35, 0xEE35, 0xEE35, 0xEE35, 0xEE35, 0xEE35, 0xEE35,
    0xEE35, 0xEE35, 0xEE35, 0xEE35, 0xEE35, 0xEE35, 0xEE35, 0xEE55, 0xEE35, 0xEE55, 0xEE55, 0xEE35,
    0xEE55, 0xEE34, 0xEE34, 0xEE35, 0xEE34, 0xF676, 0xEE77, 0xB4F1, 0x732B, 0x5228, 0x4A28, 0x4A49,
    0x4A89, 0x4A69, 0x4A69, 0x4A6A, 0x4A6A, 0x4A6A, 0x4249, 0x4208, 0x4248, 0x4A48, 0x4A49, 0x62EB,
    0x7BAE, 0x8C30, 0x9491, 0x9CD2, 0xA4F3, 0xA513, 0xA4F3, 0xA4F3, 0x9CD2, 0x94B1, 0x9470, 0x8C70,
    0x8C50, 0x8C50, 0x9491, 0x94B1, 0x9CD2, 0xA513, 0xAD54, 0xB5B5, 0xC5F7, 0xCE78, 0xDEFA, 0xF77D,
    0xFFDE, 0xFFDE, 0xFFDE, 0xFFDD, 0xFFBD, 0xF79C, 0xF79C, 0xF79C, 0xF79C, 0xF7BC, 0xF7BC, 0xF7BC,
    0xFFFE, 0x94B2, 0x4A49, 0x528A, 0x4A49, 0x4A49, 0x4A49, 0x39C7, 0x0841, 0x0000, 0x0000, 0x0000,
    0x0000, 0x0000, 0x0000, 0x0000, 0x0000, 0x0000, 0x0000, 0x0000, 0x0000, 0x0000, 0x0000, 0x0000,
    0x0000, 0x0000, 0x0000, 0x0000, 0x0000, 0x0000, 0x0000, 0x2965, 0x4A29, 0x4A49, 0x4A49, 0x4A69,
    0x4248, 0x738D, 0xF79D, 0xFFDD, 0xF7BC, 0xFFBC, 0xF7BC, 0xF79C, 0xFF9C, 0xFFBC, 0xFF9C, 0xFF9C,
    0xF79C, 0xF79C, 0xF79C, 0xF79C, 0xF79C, 0xFFBD, 0xFFDD, 0xFFDD, 0xFFFE, 0xFFFE, 0xFFFE, 0xFFFE,
    0xFFFE, 0xFFDD, 0xFFDD, 0xFFDD, 0xFFDD, 0xFFDD, 0xFFFE, 0xFFFE, 0xFFFE, 0xFFFE, 0xFFFE, 0xFFFE,
    0xFFFE, 0xFFFE, 0xFFFD, 0xFFBD, 0xF79C, 0xEF3B, 0xD658, 0xA512, 0x83EE, 0x6B2B, 0x4A48, 0x41E7,
    0x4A28, 0x5269, 0x5289, 0x4A69, 0x4269, 0x4A8A, 0x4A6A, 0x4A49, 0x5248, 0x7B2B, 0xC552, 0xF697,
    0xF655, 0xEE14, 0xF654, 0xF634, 0xF654, 0xF654, 0xEE54, 0xEE55, 0xEE55, 0xEE55, 0xEE55, 0xEE55,
    0xEE55, 0xEE55, 0xEE55, 0xEE55, 0xEE55, 0xEE35, 0xEE35, 0xEE55, 0xEE55, 0xEE35, 0xEE35, 0xEE35,
    0xEE35, 0xEE35, 0xEE35, 0xEE35, 0xEE35, 0xEE35, 0xEE35, 0xEE35, 0xEE35, 0xEE35, 0xEE35, 0xEE35,
    0xEE35, 0xEE35, 0xEE35, 0xEE35, 0xEE35, 0xEE35, 0xEE35, 0xEE35, 0xEE35, 0xEE35, 0xEE55, 0xEE35,
    0xEE55, 0xEE55, 0xEE35, 0xEE35, 0xEE35, 0xEE35, 0xEE97, 0xC573, 0x7B4B, 0x5228, 0x4A48, 0x5269,
    0x526A, 0x4A69, 0x4A8A, 0x4A8A, 0x4A69, 0x4229, 0x4208, 0x4228, 0x5AEB, 0x7BAD, 0x9CF2, 0xC637,
    0xE6FA, 0xEF5C, 0xF7BD, 0xFFDE, 0xFFFE, 0xFFFE, 0xFFFE, 0xFFFE, 0xFFFE, 0xFFFE, 0xFFFE, 0xFFFE,
    0xFFDD, 0xFFDD, 0xFFDD, 0xFFDD, 0xFFDD, 0xFFFE, 0xFFFE, 0xFFFE, 0xFFFE, 0xFFFE, 0xFFFE, 0xFFDE,
    0xFFBD, 0xF79C, 0xF79C, 0xFF9C, 0xF79C, 0xFF9C, 0xFF9C, 0xF79C, 0xF79C, 0xF79C, 0xF7BC, 0xF7BC,
    0xF7BC, 0xF79C, 0xFFDD, 0xF7BD, 0x840F, 0x4228, 0x4A49, 0x4A49, 0x4A49, 0x4A49, 0x2966, 0x0000,
    0x0000, 0x0000, 0x0000, 0x0000, 0x0000, 0x0000, 0x0000, 0x0000, 0x0000, 0x0000, 0x0000, 0x0000,
    0x0000, 0x0000, 0x0000, 0x0000, 0x0000, 0x0000, 0x0000, 0x0000, 0x18E4, 0x4A29, 0x4A29, 0x4A49,
    0x4A69, 0x4228, 0x5ACA, 0xE6FA, 0xFFBD, 0xF79C, 0xFFBC, 0xF7BC, 0xF7BC, 0xF79C, 0xF79C, 0xF79C,
    0xF79C, 0xF79C, 0xF79C, 0xF79C, 0xF79C, 0xFF9C, 0xF7BC, 0xF7BC, 0xF79C, 0xF79C, 0xF79C, 0xF79C,
    0xF79C, 0xF79C, 0xF79C, 0xFF9C, 0xFF9C, 0xFF9C, 0xF79C, 0xF79C, 0xF79C, 0xF79C, 0xF79C, 0xF79C,
    0xF79C, 0xF79C, 0xF79C, 0xF79C, 0xF79C, 0xFFBC, 0xFFBD, 0xFFDD, 0xFFDD, 0xFFDD, 0xFFDD, 0xEF5B,
    0xCE37, 0x9CD2, 0x632B, 0x4A28, 0x4207, 0x4A49, 0x4A8A, 0x4A6A, 0x4A6A, 0x4A8A, 0x5269, 0x4A07,
    0x5A48, 0x93EE, 0xE615, 0xF676, 0xEE35, 0xF655, 0xF634, 0xF654, 0xF634, 0xF634, 0xEE55, 0xEE55,
    0xEE55, 0xEE55, 0xF655, 0xF655, 0xEE55, 0xEE55, 0xEE55, 0xEE35, 0xEE35, 0xEE35, 0xEE35, 0xEE35,
    0xEE35, 0xEE35, 0xEE35, 0xEE35, 0xEE35, 0xEE35, 0xEE35, 0xEE35, 0xEE35, 0xEE35, 0xEE35, 0xEE35,
    0xEE35, 0xEE35, 0xEE35, 0xEE35, 0xEE35, 0xEE35, 0xEE35, 0xEE35, 0xEE35, 0xEE35, 0xEE35, 0xEE35,
    0xEE35, 0xEE35, 0xEE55, 0xEE35, 0xEE55, 0xEE35, 0xEE76, 0xDE15, 0x940E, 0x5248, 0x4A28, 0x4A69,
    0x4A6A, 0x4A6A, 0x4A4A, 0x4A6A, 0x4249, 0x4208, 0x4248, 0x5ACA, 0x9491, 0xBDD6, 0xE6FA, 0xFFDD,
    0xFFFE, 0xFFDD, 0xFFFD, 0xFFDD, 0xF7BD, 0xF7BC, 0xF7BC, 0xF7BC, 0xF79C, 0xF79C, 0xF79C, 0xF79C,
    0xF79C, 0xF79C, 0xF79C, 0xF7BC, 0xF79C, 0xF79C, 0xFF9C, 0xFF9C, 0xF79C, 0xF79C, 0xF79C, 0xF79C,
    0xF79C, 0xF79C, 0xFF9C, 0xFF9C, 0xFF9C, 0xFF9C, 0xFF9C, 0xFF9C, 0xFF9C, 0xF79C, 0xF79C, 0xF79C,
    0xF79C, 0xF79C, 0xF79C, 0xFFBD, 0xF79C, 0xFFDD, 0xEF7C, 0x6B4C, 0x4208, 0x4A49, 0x4A49, 0x4A29,
    0x4209, 0x18E4, 0x0000, 0x0000, 0x0000, 0x0000, 0x0000, 0x0000, 0x0000, 0x0000, 0x0000, 0x0000,
    0x0000, 0x0000, 0x0000, 0x0000, 0x0000, 0x0000, 0x0000, 0x0000, 0x0000, 0x0861, 0x39E8, 0x4A49,
    0x4229, 0x4A4A, 0x4A49, 0x4A48, 0xC617, 0xFFDD, 0xF7BC, 0xF7BC, 0xF7BC, 0xF7BC, 0xF7BC, 0xF7BC,
    0xF79C, 0xF79C, 0xF79C, 0xF79C, 0xF79C, 0xF79C, 0xF7BC, 0xF79C, 0xF7BC, 0xF7BC, 0xF79C, 0xF7BC,
    0xF7BC, 0xF7BC, 0xF7BC, 0xF7BC, 0xF7BC, 0xFF9C, 0xF79C, 0xFF9C, 0xF79C, 0xF7BC, 0xF7BC, 0xF7BC,
    0xFFBC, 0xFFBC, 0xFFBC, 0xFFBC, 0xF7BC, 0xF79C, 0xF7BC, 0xF79C, 0xF79C, 0xFF9C, 0xFF9C, 0xF79C,
    0xF79C, 0xF79C, 0xFFDD, 0xFFDD, 0xEF5C, 0xCE58, 0x8C91, 0x5AEB, 0x4228, 0x4A69, 0x4A8A, 0x4A6A,
    0x4A6A, 0x526A, 0x4A49, 0x49E7, 0x6AC9, 0xBD33, 0xEE97, 0xEE55, 0xEE34, 0xF634, 0xF634, 0xF634,
    0xEE55, 0xEE55, 0xEE55, 0xF655, 0xF655, 0xF655, 0xEE55, 0xEE55, 0xEE55, 0xEE35, 0xEE35, 0xEE35,
    0xEE35, 0xEE35, 0xEE35, 0xEE35, 0xEE35, 0xEE35, 0xEE35, 0xEE35, 0xEE35, 0xEE35, 0xEE35, 0xEE35,
    0xEE35, 0xEE35, 0xEE35, 0xEE35, 0xEE35, 0xEE35, 0xEE35, 0xEE35, 0xEE35, 0xEE35, 0xEE35, 0xEE35,
    0xEE35, 0xEE35, 0xEE55, 0xEE35, 0xEE35, 0xEE35, 0xEE55, 0xEE77, 0xBD32, 0x6AC9, 0x49E7, 0x4A69,
    0x4A6A, 0x4A6A, 0x4A6A, 0x4A6A, 0x526A, 0x4208, 0x5ACA, 0x8C50, 0xC616, 0xEF7C, 0xFFBD, 0xFFFD,
    0xFFDD, 0xF79C, 0xF79C, 0xF7BC, 0xF7BC, 0xF7BD, 0xF7BC, 0xF7BC, 0xF7BC, 0xF7BC, 0xF7BC, 0xF7BC,
    0xF7BC, 0xF7BC, 0xF79C, 0xF7BC, 0xF7BC, 0xF7BC, 0xF79C, 0xF7BC, 0xF79C, 0xF79C, 0xFF9C, 0xFF9C,
    0xFF9C, 0xF79C, 0xFFBC, 0xF7BC, 0xF79C, 0xFF9C, 0xFF9C, 0xFF9C, 0xF79C, 0xFF9C, 0xF79C, 0xF7BC,
    0xF7BC, 0xF79C, 0xF79C, 0xF79C, 0xFFBD, 0xF79C, 0xFFBD, 0xF79C, 0xFFDD, 0xD6B9, 0x4A48, 0x4228,
    0x4229, 0x4229, 0x4229, 0x39E8, 0x1082, 0x0000, 0x0000, 0x0000, 0x0000, 0x0000, 0x0000, 0x0000,
    0x0000, 0x0000, 0x0000, 0x0000, 0x0000, 0x0000, 0x0000, 0x0000, 0x0000, 0x0000, 0x0000, 0x3186,
    0x4A49, 0x4229, 0x4A49, 0x4A69, 0x39E7, 0x840F, 0xFFBD, 0xF79C, 0xF79C, 0xF7BC, 0xF7BC, 0xF7BC,
    0xF7BC, 0xF7BC, 0xF7BC, 0xF7BC, 0xF79C, 0xF7BC, 0xF79C, 0xF79C, 0xF79C, 0xF7BC, 0xF79C, 0xF79C,
    0xF7BC, 0xF79C, 0xF79C, 0xF7BC, 0xF79C, 0xF79C, 0xF7BC, 0xF7BC, 0xFFBC, 0xF7BC, 0xF7BC, 0xF7BD,
    0xF7BC, 0xF7BC, 0xF7BC, 0xF7BC, 0xF7BC, 0xF7BC, 0xF7BD, 0xF7BC, 0xF7BC, 0xF7BD, 0xF7BD, 0xF79C,
    0xF7BC, 0xF79C, 0xF7BC, 0xF7BC, 0xF79C, 0xF79C, 0xF7DD, 0xFFFE, 0xFFFF, 0xE71B, 0x9CF3, 0x5289,
    0x4208, 0x5269, 0x4A6A, 0x4A4A, 0x4A6A, 0x4A6A, 0x4A28, 0x5248, 0x9C70, 0xEE77, 0xF676, 0xEE34,
    0xF634, 0xF634, 0xF635, 0xEE35, 0xEE55, 0xF655, 0xF655, 0xF655, 0xEE55, 0xEE55, 0xF655, 0xEE35,
    0xEE35, 0xEE35, 0xEE35, 0xEE35, 0xEE35, 0xEE35, 0xEE35, 0xEE35, 0xEE35, 0xEE35, 0xEE35, 0xEE35,
    0xEE35, 0xEE35, 0xEE35, 0xEE35, 0xEE35, 0xEE35, 0xEE35, 0xEE35, 0xEE35, 0xEE35, 0xEE35, 0xEE55,
    0xEE35, 0xEE35, 0xEE55, 0xEE35, 0xEE55, 0xEE35, 0xEE35, 0xEE76, 0xEE56, 0xA46F, 0x5248, 0x4A28,
    0x5269, 0x4A6A, 0x4A6A, 0x4A6A, 0x4A8A, 0x4229, 0x528A, 0x9CD2, 0xE6FA, 0xFFFE, 0xFFFE, 0xFFBC,
    0xF7BC, 0xF79C, 0xF7BC, 0xF7BC, 0xFFBD, 0xF7BD, 0xF7BC, 0xF7BC, 0xF7BC, 0xF7BC, 0xFFBC, 0xFFBC,
    0xFF9C, 0xFF9C, 0xFF9C, 0xFF9D, 0xFFBC, 0xF7BC, 0xF7BC, 0xF7BC, 0xF7BC, 0xF7BC, 0xF7BC, 0xF7BC,
    0xF7BC, 0xF79C, 0xF79C, 0xF7BC, 0xF79C, 0xF79C, 0xF79C, 0xF79C, 0xF79C, 0xF79C, 0xF79C, 0xF79C,
    0xF7BC, 0xF7BC, 0xF79C, 0xF79C, 0xF79C, 0xF79C, 0xF79C, 0xF79C, 0xF79C, 0xF79C, 0xF79B, 0xFFDE,
    0x94B2, 0x39C6, 0x4A49, 0x4A29, 0x4229, 0x4A29, 0x3166, 0x0000, 0x0000, 0x0000, 0x0000, 0x0000,
    0x0000, 0x0000, 0x0000, 0x0000, 0x0000, 0x0000, 0x0000, 0x0000, 0x0000, 0x0000, 0x0000, 0x0000,
    0x2104, 0x4A49, 0x4A49, 0x4A49, 0x4A49, 0x4208, 0x5AC9, 0xDED9, 0xF7BC, 0xF79C, 0xF79C, 0xF7BC,
    0xF7BC, 0xF7BC, 0xF7BC, 0xF7BC, 0xF79C, 0xF79C, 0xF79C, 0xF79C, 0xF79C, 0xF79C, 0xF79C, 0xF79C,
    0xF79C, 0xF79C, 0xF79C, 0xF79C, 0xF79C, 0xF79C, 0xF79C, 0xF79C, 0xF79C, 0xF79C, 0xF7BC, 0xF7BC,
    0xF7BC, 0xF79C, 0xF79C, 0xF79C, 0xF79C, 0xF79C, 0xF7BC, 0xF7BC, 0xF7BC, 0xF79C, 0xF79C, 0xF79D,
    0xF79D, 0xF79C, 0xF79C, 0xF79D, 0xF7BC, 0xF79C, 0xFFBC, 0xF7BC, 0xF7BC, 0xF7BC, 0xF79C, 0xFFDE,
    0xFFFF, 0xD6B9, 0x840F, 0x4A48, 0x4228, 0x528A, 0x4A6A, 0x4A4A, 0x4A89, 0x4A69, 0x49E7, 0x838D,
    0xDE16, 0xEE76, 0xEE34, 0xF654, 0xF635, 0xF635, 0xF655, 0xEE55, 0xEE55, 0xEE55, 0xF655, 0xF655,
    0xF654, 0xF634, 0xEE55, 0xEE55, 0xEE55, 0xEE55, 0xEE55, 0xEE55, 0xEE55, 0xEE55, 0xEE55, 0xEE55,
    0xEE35, 0xEE35, 0xEE35, 0xEE35, 0xEE55, 0xEE55, 0xEE55, 0xEE55, 0xEE55, 0xEE55, 0xEE55, 0xEE35,
    0xEE35, 0xF635, 0xEE35, 0xEE55, 0xEE55, 0xEE55, 0xEE34, 0xF634, 0xF656, 0xDE36, 0x83CD, 0x4208,
    0x4A69, 0x4A6A, 0x4A69, 0x4A69, 0x528A, 0x4A49, 0x4248, 0x7BEF, 0xD6B9, 0xFFFE, 0xFFDD, 0xF79C,
    0xF79C, 0xF7BC, 0xF7BC, 0xF7BC, 0xF7BC, 0xF7BC, 0xF7BC, 0xF7BC, 0xF7BC, 0xF7BC, 0xF7BC, 0xF7BC,
    0xF7BC, 0xFFBC, 0xFF9D, 0xFFBD, 0xFF9C, 0xFF9D, 0xF79C, 0xFF9C, 0xFF9C, 0xF79C, 0xF79C, 0xF79C,
    0xF79C, 0xF79C, 0xF79C, 0xF79C, 0xF79C, 0xF79C, 0xF79C, 0xF79C, 0xF79C, 0xF79C, 0xF79C, 0xF79C,
    0xF79C, 0xF79C, 0xF79C, 0xF7BC, 0xF7BC, 0xF7BC, 0xF7BC, 0xF7BC, 0xF79C, 0xF79C, 0xF79C, 0xF79C,
    0xF79C, 0xFFBD, 0xEF3B, 0x630B, 0x41E7, 0x4229, 0x4229, 0x4A29, 0x4229, 0x2104, 0x0000, 0x0000,
    0x0000, 0x0000, 0x0000, 0x0000, 0x0000, 0x0000, 0x0000, 0x0000, 0x0000, 0x0000, 0x0000, 0x0000,
    0x0000, 0x0841, 0x4229, 0x4A8A, 0x4A69, 0x4A69, 0x4A49, 0x4207, 0xBDD5, 0xFFDD, 0xF79C, 0xF79C,
    0xFFBC, 0xF79C, 0xFFBC, 0xF7BC, 0xF7BC, 0xF7BC, 0xF79C, 0xF79C, 0xF79C, 0xF79C, 0xF79C, 0xF79C,
    0xF79C, 0xF79C, 0xF79C, 0xF79C, 0xF79C, 0xF79C, 0xF79C, 0xF79C, 0xF79C, 0xF79C, 0xF79C, 0xF79C,
    0xF7BC, 0xF7BC, 0xF7BC, 0xF7BC, 0xF7BC, 0xF7BC, 0xF7BC, 0xF7BC, 0xF7BC, 0xF7BC, 0xF7BC, 0xF7BC,
    0xF7BC, 0xF7BC, 0xF7BC, 0xF7BC, 0xF7BC, 0xF7BC, 0xF7BC, 0xF7BC, 0xFFBC, 0xFFBC, 0xFFBC, 0xFFBC,
    0xFFBD, 0xF79C, 0xF7BC, 0xFFFD, 0xFFDE, 0xBDF7, 0x630B, 0x4208, 0x4A49, 0x4A6A, 0x4A49, 0x4A49,
    0x526A, 0x49E7, 0x72EA, 0xD5F5, 0xF696, 0xEE34, 0xF655, 0xF634, 0xF655, 0xF655, 0xEE55, 0xF655,
    0xF655, 0xF655, 0xF655, 0xF634, 0xEE55, 0xEE55, 0xEE55, 0xEE55, 0xEE55, 0xEE55, 0xEE55, 0xEE55,
    0xEE55, 0xEE55, 0xEE55, 0xEE55, 0xEE55, 0xEE55, 0xEE55, 0xEE55, 0xEE55, 0xEE55, 0xEE55, 0xEE55,
    0xEE55, 0xEE55, 0xEE35, 0xF634, 0xF655, 0xEE55, 0xEE55, 0xEE55, 0xEE35, 0xF676, 0xDDF5, 0x732B,
    0x41E7, 0x4A6A, 0x4A49, 0x4A6A, 0x4A6A, 0x4A69, 0x4208, 0x5B0B, 0xBDF6, 0xFFDE, 0xFFFE, 0xF79C,
    0xF79C, 0xFFBC, 0xFFBC, 0xF7BC, 0xF7BC, 0xF7BC, 0xF7BC, 0xF7BC, 0xF7BC, 0xF7BC, 0xF7BC, 0xF7BC,
    0xF7BC, 0xF7BC, 0xF7BC, 0xFFBC, 0xFFBC, 0xFFBC, 0xFFBD, 0xF7BD, 0xF7BC, 0xFFBC, 0xFFBC, 0xF7BC,
    0xF79D, 0xF79D, 0xF79C, 0xF79C, 0xF79C, 0xF79C, 0xF79C, 0xF79C, 0xF79C, 0xF79C, 0xF79C, 0xF79C,
    0xF79C, 0xF79C, 0xF79C, 0xF79C, 0xF7BC, 0xF7BC, 0xF7BC, 0xF7BC, 0xF7BC, 0xF7BC, 0xF79C, 0xF79C,
    0xF79C, 0xF79C, 0xF79C, 0xF77C, 0xFFDD, 0xCE37, 0x4207, 0x4228, 0x4A49, 0x4A49, 0x4A6A, 0x4228,
    0x0840, 0x0000, 0x0000, 0x0000, 0x0000, 0x0000, 0x0000, 0x0000, 0x0000, 0x0000, 0x0000, 0x0000,
    0x0000, 0x0000, 0x0000, 0x2965, 0x528A, 0x4A6A, 0x4A69, 0x4A69, 0x4207, 0x8C30, 0xF7BD, 0xF79C,
    0xF79C, 0xF79C, 0xF7BC, 0xF7BC, 0xF7BC, 0xF7BC, 0xF7BC, 0xF7BC, 0xF79C, 0xF79C, 0xF79C, 0xF79C,
    0xF79C, 0xF79C, 0xF79C, 0xF79C, 0xF79C, 0xF79C, 0xF79C, 0xF79C, 0xF79C, 0xF79C, 0xF79C, 0xF79C,
    0xF7BC, 0xF7BC, 0xF7BC, 0xF7BC, 0xF7BC, 0xF7BC, 0xF7BC, 0xF7BC, 0xF7BC, 0xF7BC, 0xF7BC, 0xF7BC,
    0xF7BC, 0xF7BC, 0xF7BC, 0xF7BC, 0xF7BC, 0xF7BC, 0xF7BC, 0xF7BC, 0xF7BC, 0xFFBC, 0xFFBC, 0xFFBC,
    0xFFBC, 0xF7BC, 0xF7BC, 0xFFBC, 0xFFBD, 0xF7BC, 0xF7BD, 0xFFDE, 0xEF5C, 0x9491, 0x4A48, 0x4228,
    0x4A6A, 0x4A4A, 0x4A4A, 0x4A49, 0x4A08, 0x62A9, 0xCDD4, 0xEE76, 0xEE34, 0xF654, 0xF634, 0xF655,
    0xF655, 0xF655, 0xF655, 0xF655, 0xF655, 0xF655, 0xEE55, 0xEE55, 0xEE55, 0xEE55, 0xEE55, 0xEE55,
    0xEE55, 0xEE55, 0xEE55, 0xEE55, 0xEE55, 0xEE55, 0xEE55, 0xEE55, 0xEE55, 0xEE55, 0xEE55, 0xEE55,
    0xEE55, 0xEE55, 0xEE55, 0xEE55, 0xEE55, 0xF655, 0xEE34, 0xEE55, 0xEE55, 0xEE35, 0xEE76, 0xD5D5,
    0x72CA, 0x4A07, 0x4A69, 0x4A49, 0x4A6A, 0x4A69, 0x4228, 0x4228, 0x8C71, 0xE73B, 0xFFFE, 0xF7BC,
    0xF7BC, 0xF7BC, 0xFFBC, 0xFFBC, 0xF7BC, 0xF7BC, 0xF7BC, 0xF7BC, 0xF7BC, 0xF7BC, 0xF7BC, 0xF7BC,
    0xF7BC, 0xF7BC, 0xF7BC, 0xF7BC, 0xF7BC, 0xFFBC, 0xF7BC, 0xFFBC, 0xFFBC, 0xF7BC, 0xF7BC, 0xF7BC,
    0xF7BC, 0xF7BC, 0xF79C, 0xF79C, 0xF79C, 0xF79C, 0xF79C, 0xF79C, 0xF79C, 0xF79C, 0xF79C, 0xF79C,
    0xF7BC, 0xF7BC, 0xF79C, 0xF79C, 0xF79C, 0xF7BC, 0xF7BC, 0xF7BC, 0xF7BC, 0xF7BC, 0xF7BC, 0xF7BC,
    0xF79C, 0xF79C, 0xF79C, 0xF79C, 0xF79C, 0xF79C, 0xF79C, 0xFFBD, 0x9CD2, 0x39E7, 0x4A49, 0x4A69,
    0x4A69, 0x4A69, 0x2965, 0x0000, 0x0000, 0x0000, 0x0000, 0x0000, 0x0000, 0x0000, 0x0000, 0x0000,
    0x0000, 0x0000, 0x0000, 0x0000, 0x0861, 0x4A69, 0x4A6A, 0x4A8A, 0x4A69, 0x4A49, 0x5ACA, 0xE6FB,
    0xFFDD, 0xF79C, 0xF79C, 0xFFBC, 0xF79C, 0xF7BC, 0xF7BC, 0xF7BC, 0xF7BC, 0xF79C, 0xF79C, 0xF79C,
    0xF79C, 0xF79C, 0xF79C, 0xF79C, 0xF79C, 0xF79C, 0xF79C, 0xF79C, 0xF79C, 0xF7BC, 0xF7BC, 0xF7BC,
    0xF7BC, 0xF7BC, 0xF7BC, 0xF7BC, 0xF7BC, 0xF7BC, 0xF7BC, 0xF7BC, 0xF7BC, 0xF7BC, 0xF7BC, 0xF7BC,
    0xF7BC, 0xF7BC, 0xF7BC, 0xF79C, 0xF79C, 0xF79C, 0xF79C, 0xF79C, 0xF79C, 0xF79C, 0xF79C, 0xF7BC,
    0xF7BC, 0xF7BC, 0xF7BC, 0xF7BC, 0xF7BC, 0xFFBC, 0xF7BC, 0xFFDC, 0xF7BC, 0xF79C, 0xF79C, 0xFFDD,
    0xBDF6, 0x5ACA, 0x4208, 0x4A4A, 0x4A4A, 0x4A4A, 0x4A6A, 0x4A07, 0x732A, 0xE656, 0xEE55, 0xEE54,
    0xF654, 0xF654, 0xF655, 0xF655, 0xF655, 0xF655, 0xEE55, 0xEE55, 0xEE55, 0xEE55, 0xEE55, 0xEE55,
    0xEE55, 0xEE55, 0xEE55, 0xEE55, 0xEE55, 0xF655, 0xF655, 0xF655, 0xF655, 0xEE55, 0xEE55, 0xEE55,
    0xEE55, 0xEE55, 0xEE55, 0xEE55, 0xEE55, 0xEE55, 0xEE55, 0xEE55, 0xF634, 0xF654, 0xEE34, 0xEE76,
    0xE657, 0x7B4C, 0x4A07, 0x4A69, 0x4A69, 0x4A49, 0x4A69, 0x4207, 0x5289, 0xBDF6, 0xFFDD, 0xFFDD,
    0xF79C, 0xF7BC, 0xFFBC, 0xFFBC, 0xF7BC, 0xF7BC, 0xF7BC, 0xF7BC, 0xF7BC, 0xF79C, 0xF79C, 0xF79C,
    0xF79C, 0xF79C, 0xF79C, 0xF79C, 0xF79C, 0xF79C, 0xF7BC, 0xF79C, 0xF7BC, 0xF7BC, 0xF7BC, 0xF7BC,
    0xF7BC, 0xF7BC, 0xF7BC, 0xF79C, 0xF79C, 0xF79C, 0xF79C, 0xF79C, 0xF79C, 0xF79C, 0xF79C, 0xF79C,
    0xF79C, 0xF7BC, 0xF7BC, 0xF7BC, 0xF79C, 0xF79C, 0xF7BC, 0xF7BC, 0xF7BC, 0xF7BC, 0xF7BC, 0xF7BC,
    0xF7BC, 0xF7BC, 0xF79C, 0xF79C, 0xF79C, 0xF79C, 0xF79C, 0xF79C, 0xF7BC, 0xF79C, 0xEF7C, 0x6B4C,
    0x4A48, 0x4A69, 0x4A69, 0x4A6A, 0x4228, 0x0861, 0x0000, 0x0000, 0x0000, 0x0000, 0x0000, 0x0000,
    0x0000, 0x0000, 0x0000, 0x0000, 0x0000, 0x0000, 0x2965, 0x52AB, 0x4A6A, 0x4A69, 0x4A89, 0x4228,
    0xAD75, 0xFFDE, 0xF79C, 0xF7BC, 0xF79C, 0xF7BC, 0xF79C, 0xF7BC, 0xF7BC, 0xF7BC, 0xF7BC, 0xF79C,
    0xF79C, 0xF79C, 0xF79C, 0xF79C, 0xF79C, 0xF79C, 0xF79C, 0xF79C, 0xF79C, 0xF79C, 0xF79C, 0xF7BC,
    0xF7BC, 0xF7BC, 0xF7BC, 0xF7BC, 0xF7BC, 0xF7BC, 0xF7BC, 0xF7BC, 0xF7BC, 0xF7BC, 0xFFBC, 0xF7BC,
    0xF7BC, 0xF7BC, 0xF79C, 0xF79C, 0xF79C, 0xFFBD, 0xFFDD, 0xFFFE, 0xFFFD, 0xFFFD, 0xFFFD, 0xFFFD,
    0xFFFD, 0xFFFD, 0xFFDD, 0xF7BC, 0xF79C, 0xF7BC, 0xF7BC, 0xFFBC, 0xF7BC, 0xF7BC, 0xF7BC, 0xF7BC,
    0xF7BC, 0xF7BC, 0xFFFD, 0xDEFA, 0x7BAE, 0x4228, 0x4A49, 0x4A6A, 0x426A, 0x4A6A, 0x4A07, 0x8BCD,
    0xEE76, 0xEE55, 0xEE55, 0xF654, 0xF654, 0xF655, 0xF655, 0xEE55, 0xEE55, 0xEE35, 0xF655, 0xF635,
    0xF635, 0xEE55, 0xEE55, 0xEE55, 0xEE55, 0xEE55, 0xF655, 0xF655, 0xF655, 0xF655, 0xF655, 0xEE55,
    0xEE55, 0xEE55, 0xEE55, 0xEE35, 0xEE55, 0xEE55, 0xEE55, 0xEE55, 0xF655, 0xEE55, 0xEE55, 0xEE34,
    0xEE55, 0xEE76, 0x8BCE, 0x4A08, 0x4A6A, 0x4A49, 0x4A69, 0x4A69, 0x4207, 0x6B8D, 0xDED9, 0xFFFE,
    0xF7BC, 0xF7BC, 0xF7BC, 0xFFBC, 0xFF9B, 0xFFBC, 0xF7BC, 0xF79C, 0xF79C, 0xF79C, 0xF7BC, 0xFFBD,
    0xFFDD, 0xFFFE, 0xFFFE, 0xFFDE, 0xFFFE, 0xFFFE, 0xFFDE, 0xFFDD, 0xFFBD, 0xF79C, 0xF79C, 0xF7BC,
    0xF7BC, 0xFFBC, 0xF7BC, 0xF7BC, 0xF7BC, 0xF7BC, 0xF79C, 0xF79C, 0xF79C, 0xF79C, 0xF79C, 0xF79C,
    0xF79C, 0xF79C, 0xF79C, 0xF7BC, 0xF7BC, 0xF7BC, 0xF79C, 0xF7BC, 0xF7BC, 0xF7BC, 0xF7BC, 0xF7BC,
    0xF7BC, 0xF7BC, 0xF7BC, 0xF7BC, 0xF79C, 0xF79C, 0xF79C, 0xF79C, 0xF79C, 0xF79C, 0xF7BC, 0xF79C,
    0xFFDE, 0xC637, 0x4A69, 0x528A, 0x4A69, 0x4A69, 0x528A, 0x2945, 0x0000, 0x0000, 0x0000, 0x0000,
    0x0000, 0x0000, 0x0000, 0x0000, 0x0000, 0x0000, 0x0000, 0x1082, 0x4A6A, 0x4A6A, 0x4A69, 0x4A8A,
    0x4A69, 0x6B6C, 0xF79D, 0xFFBD, 0xF79C, 0xF79C, 0xF7BC, 0xF7BC, 0xF7BC, 0xF79C, 0xF79C, 0xF79C,
    0xF79C, 0xF79C, 0xF79C, 0xF79C, 0xF79C, 0xF79C, 0xF79C, 0xF79C, 0xF79C, 0xF79C, 0xF79C, 0xF7BC,
    0xF7BC, 0xF7BC, 0xF7BC, 0xF7BC, 0xF7BC, 0xF7BC, 0xFFBC, 0xF79C, 0xF7BC, 0xF7BC, 0xFFBC, 0xF7BC,
    0xFFBC, 0xF79C, 0xF7BC, 0xFFBD, 0xFFDD, 0xFFFE, 0xFFFE, 0xF77C, 0xDEFA, 0xD699, 0xC637, 0xBDF6,
    0xBDD6, 0xBDF6, 0xCE58, 0xD6B9, 0xE73B, 0xF7BD, 0xFFFE, 0xFFFE, 0xFFDD, 0xFFDD, 0xF7BC, 0xF7BC,
    0xFFDC, 0xF7BC, 0xFFBC, 0xF7BC, 0xF79C, 0xFFDD, 0xF79C, 0x8C50, 0x4228, 0x4249, 0x4A8A, 0x4A8A,
    0x4A49, 0x49E7, 0x93EE, 0xEE97, 0xEE56, 0xEE55, 0xF635, 0xF634, 0xF655, 0xEE55, 0xEE55, 0xEE55,
    0xEE55, 0xF635, 0xF635, 0xEE55, 0xEE55, 0xEE55, 0xEE55, 0xEE55, 0xEE55, 0xEE55, 0xEE55, 0xEE55,
    0xF655, 0xEE55, 0xEE55, 0xEE35, 0xEE35, 0xEE35, 0xEE35, 0xEE55, 0xEE55, 0xEE55, 0xF655, 0xEE35,
    0xEE55, 0xEE55, 0xEE96, 0x9C2E, 0x4A07, 0x4A4A, 0x426A, 0x4249, 0x4A69, 0x3A07, 0x842F, 0xF79D,
    0xFFDD, 0xF79C, 0xF7BC, 0xF7BC, 0xF79C, 0xFFBC, 0xF79C, 0xF79C, 0xF7BC, 0xFFDD, 0xFFFE, 0xFFFE,
    0xF7BD, 0xE71B, 0xDEB9, 0xCE58, 0xBDD6, 0xBDB6, 0xC5F6, 0xCE38, 0xD699, 0xE6FA, 0xF77C, 0xFFFE,
    0xFFFE, 0xFFFD, 0xF7BD, 0xF79C, 0xF7BC, 0xF7BC, 0xF7BC, 0xF79C, 0xF79C, 0xF79C, 0xF79C, 0xF79C,
    0xF79C, 0xF79C, 0xF79C, 0xF7BC, 0xF7BC, 0xF7BC, 0xF7BC, 0xF7BC, 0xF79C, 0xF79C, 0xF79C, 0xF79C,
    0xF79C, 0xF79C, 0xF79C, 0xF79C, 0xF79C, 0xF79C, 0xF79C, 0xF7BC, 0xF7BC, 0xF79C, 0xF79C, 0xF79C,
    0xF7BC, 0xF79C, 0xF79C, 0xFFBD, 0x8430, 0x4228, 0x528A, 0x4A69, 0x4A8A, 0x4A49, 0x0861, 0x0000,
    0x0000, 0x0000, 0x0000, 0x0000, 0x0000, 0x0000, 0x0000, 0x0000, 0x0000, 0x2945, 0x4A6A, 0x4A6A,
    0x4A69, 0x4A89, 0x4A69, 0xC617, 0xFFFE, 0xF79C, 0xF7BC, 0xF7BC, 0xF7BC, 0xF7BC, 0xF7BC, 0xF79C,
    0xF79C, 0xF79C, 0xF79C, 0xF79C, 0xF79C, 0xF79C, 0xF79C, 0xF79C, 0xF79C, 0xF79C, 0xF79C, 0xF79C,
    0xF79C, 0xF7BC, 0xF7BC, 0xF79C, 0xF79C, 0xF79C, 0xF79C, 0xF79C, 0xF79C, 0xFFBC, 0xF79C, 0xF7BC,
    0xFFBD, 0xF7BD, 0xF79C, 0xFFFE, 0xFFFE, 0xEF5B, 0xCE58, 0xAD54, 0x8C30, 0x736D, 0x52A9, 0x4A28,
    0x4208, 0x4228, 0x4208, 0x4207, 0x4228, 0x4A69, 0x630B, 0x7BCE, 0x9CD2, 0xB595, 0xCE78, 0xF79C,
    0xFFDD, 0xFFDD, 0xF79C, 0xF7BC, 0xF7BC, 0xF7BC, 0xF7BC, 0xF7BC, 0xFFBD, 0xFFDD, 0xA533, 0x4A89,
    0x4249, 0x426A, 0x4A4A, 0x5269, 0x4A07, 0x9C2F, 0xE657, 0xEE55, 0xEE55, 0xF634, 0xF654, 0xEE35,
    0xEE55, 0xEE55, 0xEE35, 0xF634, 0xF635, 0xEE55, 0xEE55, 0xEE55, 0xEE55, 0xEE55, 0xEE55, 0xEE55,
    0xEE55, 0xEE55, 0xEE55, 0xEE55, 0xEE55, 0xEE35, 0xEE35, 0xEE35, 0xEE55, 0xEE55, 0xEE55, 0xEE55,
    0xEE55, 0xEE55, 0xEE56, 0xEE76, 0x9C4F, 0x4A07, 0x4A69, 0x4A4A, 0x426A, 0x4249, 0x4A69, 0xA513,
    0xF7BD, 0xF7BD, 0xF7BC, 0xFFDD, 0xF7BC, 0xF79C, 0xF7BC, 0xF79C, 0xFFDD, 0xFFDD, 0xEF7C, 0xD698,
    0xB595, 0x94B1, 0x7BCE, 0x630B, 0x4A48, 0x4228, 0x4208, 0x4207, 0x4207, 0x4207, 0x4A48, 0x5ACA,
    0x738D, 0x8C50, 0xA533, 0xCE37, 0xEF5B, 0xFFDE, 0xFFDD, 0xF7BD, 0xF79C, 0xF7BC, 0xF79C, 0xF7BC,
    0xF79C, 0xF79C, 0xF79C, 0xF79C, 0xF7BC, 0xF79C, 0xF79C, 0xF79C, 0xF79C, 0xF79C, 0xF79C, 0xF79C,
    0xF79C, 0xF79C, 0xF79C, 0xF79C, 0xF79C, 0xF79C, 0xF79C, 0xF79C, 0xF79C, 0xF79C, 0xF79C, 0xF79C,
    0xF79C, 0xF7BC, 0xF79B, 0xF7BC, 0xF7BC, 0xFFFE, 0xDEDA, 0x5ACA, 0x4A69, 0x4A69, 0x4A49, 0x4A6A,
    0x2104, 0x0000, 0x0000, 0x0000, 0x0000, 0x0000, 0x0000, 0x0000, 0x0000, 0x0000, 0x0841, 0x39E7,
    0x4A49, 0x4A49, 0x528A, 0x4248, 0x8C71, 0xFFFE, 0xF7BC, 0xF79C, 0xFFBD, 0xF7BC, 0xF7BC, 0xF79C,
    0xF79C, 0xF79C, 0xF79C, 0xF79C, 0xF79C, 0xF79C, 0xF79C, 0xF79C, 0xF79C, 0xF79C, 0xF79C, 0xF79C,
    0xF79C, 0xF79C, 0xF79C, 0xF7BC, 0xF7BC, 0xF7BC, 0xF7BC, 0xF7BC, 0xF7BC, 0xF79C, 0xF7BC, 0xFFBD,
    0xF79C, 0xF79C, 0xF79C, 0xFFDD, 0xFFFE, 0xD6B9, 0x8C70, 0x630B, 0x4A69, 0x4A28, 0x4208, 0x4228,
    0x4A69, 0x528A, 0x4A6A, 0x528A, 0x528A, 0x4A8A, 0x528A, 0x4A69, 0x4A49, 0x4228, 0x4228, 0x4A48,
    0x4A69, 0x5ACA, 0x9CB2, 0xE73B, 0xFFFE, 0xF7BC, 0xF79C, 0xF7BC, 0xF7BC, 0xFFBC, 0xF7BC, 0xFFBC,
    0xFFFE, 0xC678, 0x4AAA, 0x4249, 0x4A6A, 0x4A49, 0x526A, 0x41E7, 0x9C70, 0xEE97, 0xEE35, 0xF654,
    0xF634, 0xF635, 0xEE55, 0xEE55, 0xEE55, 0xF634, 0xF635, 0xEE55, 0xEE55, 0xEE55, 0xEE55, 0xEE55,
    0xEE55, 0xEE55, 0xEE55, 0xEE55, 0xEE55, 0xEE55, 0xEE55, 0xEE35, 0xEE35, 0xEE35, 0xEE55, 0xEE55,
    0xEE55, 0xF655, 0xF655, 0xEE35, 0xEE77, 0xA470, 0x4A07, 0x4A69, 0x4A4A, 0x4A6A, 0x4A49, 0x4A89,
    0xBE17, 0xFFFE, 0xF7BD, 0xF79C, 0xF7BC, 0xF7BC, 0xFFDC, 0xF7BD, 0xF79C, 0xFFFE, 0xEF5C, 0xA4F3,
    0x5AEB, 0x4A48, 0x4A69, 0x4207, 0x4228, 0x4A49, 0x4A69, 0x528A, 0x4A69, 0x528A, 0x4A69, 0x4A69,
    0x4A69, 0x4A49, 0x4228, 0x4207, 0x4228, 0x5289, 0x5ACA, 0x9491, 0xD699, 0xFFFE, 0xFFDD, 0xF79C,
    0xF79C, 0xF7BC, 0xF79C, 0xF79C, 0xF79C, 0xF79C, 0xFFBC, 0xF7BC, 0xF7BC, 0xF79C, 0xF79C, 0xF79C,
    0xF79C, 0xF79C, 0xF79C, 0xF79C, 0xF79C, 0xF79C, 0xF79C, 0xF79C, 0xF79C, 0xF79C, 0xF7BC, 0xF79C,
    0xF79C, 0xF79C, 0xF79C, 0xF7BC, 0xF79C, 0xF79C, 0xFFBC, 0xF79C, 0xFFFF, 0xA4F3, 0x4A28, 0x528A,
    0x4A49, 0x4A49, 0x39C7, 0x0841, 0x0000, 0x0000, 0x0000, 0x0000, 0x0000, 0x0000, 0x0000, 0x0000,
    0x18E3, 0x4A49, 0x4229, 0x4A49, 0x4A49, 0x5289, 0xD6BA, 0xFFFE, 0xF7BD, 0xF7BC, 0xF79C, 0xF79C,
    0xF79C, 0xF7BC, 0xF7BC, 0xF79C, 0xF79C, 0xF79C, 0xF79C, 0xF79C, 0xF79C, 0xF79C, 0xF79C, 0xF79C,
    0xF79C, 0xF79C, 0xF79C, 0xF79C, 0xF79C, 0xF7BC, 0xF7BC, 0xF79C, 0xF79C, 0xF79C, 0xF79C, 0xF79C,
    0xFFBC, 0xF79C, 0xF79C, 0xFFBD, 0xFFDD, 0xDF1A, 0x9491, 0x52A9, 0x4228, 0x4A69, 0x4A69, 0x4A69,
    0x528A, 0x528A, 0x4A6A, 0x4A6A, 0x4A6A, 0x4A6A, 0x4A6A, 0x4A69, 0x4A6A, 0x4A69, 0x4A69, 0x4A6A,
    0x4A89, 0x4A6A, 0x4A49, 0x4A49, 0x4207, 0x5ACA, 0xAD74, 0xF7BD, 0xFFDD, 0xF7BD, 0xF7BD, 0xF79C,
    0xFFBD, 0xF7BC, 0xF79C, 0xFFFE, 0xC637, 0x4A69, 0x4A49, 0x4A6A, 0x4A49, 0x4A69, 0x4A28, 0xBD33,
    0xEE76, 0xEE35, 0xF634, 0xF634, 0xEE35, 0xEE35, 0xEE55, 0xEE34, 0xEE34, 0xEE35, 0xEE35, 0xEE35,
    0xEE35, 0xEE35, 0xEE55, 0xEE55, 0xEE55, 0xEE55, 0xEE35, 0xEE55, 0xEE55, 0xEE35, 0xEE35, 0xEE35,
    0xEE55, 0xEE55, 0xEE55, 0xEE55, 0xEE35, 0xF697, 0xBD32, 0x5227, 0x4A49, 0x4A6A, 0x4A6A, 0x4A49,
    0x4A48, 0xBDD6, 0xFFFE, 0xF7BC, 0xF79C, 0xFFBC, 0xFFBC, 0xF7BC, 0xF7BC, 0xFFDD, 0xF7BD, 0xB595,
    0x632C, 0x4208, 0x4A49, 0x4A69, 0x4A69, 0x4A8A, 0x4A8A, 0x528A, 0x4A6A, 0x4A6A, 0x4A6A, 0x4A6A,
    0x4A6A, 0x4A69, 0x4A69, 0x4A6A, 0x4A69, 0x4A69, 0x4A69, 0x4A69, 0x4A69, 0x4228, 0x5289, 0x8C70,
    0xE71B, 0xFFFE, 0xFFBD, 0xF79C, 0xF7BC, 0xF79C, 0xF79C, 0xFF9C, 0xFF9C, 0xF79C, 0xF79C, 0xF79C,
    0xF79C, 0xF79C, 0xF79C, 0xF79C, 0xF79C, 0xF79C, 0xF79C, 0xF79C, 0xF79C, 0xF79C, 0xF79C, 0xF79C,
    0xF79C, 0xF79C, 0xF7BC, 0xF7BC, 0xF7BC, 0xF79C, 0xF7BC, 0xF7BC, 0xFFBC, 0xF7BC, 0xFFDD, 0xE6FB,
    0x5ACA, 0x4A49, 0x4A49, 0x4228, 0x4A49, 0x18C3, 0x0000, 0x0000, 0x0000, 0x0000, 0x0000, 0x0000,
    0x0000, 0x0000, 0x3186, 0x4A49, 0x4229, 0x4A69, 0x39E7, 0x8430, 0xFFDE, 0xF7BD, 0xF79C, 0xF7BC,
    0xF7BC, 0xF7BC, 0xF7BC, 0xF7BC, 0xF79C, 0xF79C, 0xF79C, 0xF79C, 0xF79C, 0xF79C, 0xF79C, 0xF79C,
    0xF79C, 0xF79C, 0xF79C, 0xF79C, 0xF79C, 0xF79C, 0xF79C, 0xF7BC, 0xF7BC, 0xF79C, 0xF79C, 0xF79C,
    0xF79C, 0xF79C, 0xF7BC, 0xF79C, 0xF79C, 0xF79C, 0xB574, 0x5ACA, 0x4228, 0x4A69, 0x4A89, 0x4A8A,
    0x4A69, 0x4A69, 0x4A6A, 0x4A6A, 0x4A6A, 0x4A8A, 0x4A6A, 0x4A6A, 0x4A6A, 0x4A6A, 0x4A6A, 0x4A6A,
    0x4A6A, 0x4A69, 0x4A49, 0x4A6A, 0x4A4A, 0x4A49, 0x4A6A, 0x4228, 0x4207, 0x73AD, 0xDEDA, 0xFFFE,
    0xF7BD, 0xF7BD, 0xF7BD, 0xFFBD, 0xFFBC, 0xF79B, 0xFFFE, 0xB574, 0x4228, 0x4A6A, 0x4269, 0x4A69,
    0x4A28, 0x62CA, 0xDDF5, 0xF655, 0xF634, 0xF634, 0xEE35, 0xEE55, 0xEE55, 0xEE34, 0xEE34, 0xEE35,
    0xEE35, 0xEE35, 0xEE35, 0xEE35, 0xEE55, 0xEE55, 0xEE55, 0xEE35, 0xEE35, 0xEE55, 0xEE55, 0xEE35,
    0xEE35, 0xEE35, 0xEE35, 0xEE34, 0xEE35, 0xEE35, 0xF655, 0xDE15, 0x6AC9, 0x4A28, 0x4A6A, 0x426B,
    0x4A6A, 0x4A28, 0xAD33, 0xFFFD, 0xF79C, 0xF7BC, 0xF7BC, 0xFFBC, 0xF7BC, 0xF79C, 0xFFFE, 0xDEDA,
    0x73AE, 0x4208, 0x4229, 0x528A, 0x4A6A, 0x4A6A, 0x4A6A, 0x4A6A, 0x4A6A, 0x4A6A, 0x4A8A, 0x4A8A,
    0x4A6A, 0x4A6A, 0x4A6A, 0x4A6A, 0x4A6A, 0x4A6A, 0x4A69, 0x4A6A, 0x4A6A, 0x4A6A, 0x4A6A, 0x4A6A,
    0x4A69, 0x4228, 0x5AAA, 0xAD54, 0xF79D, 0xF7BD, 0xF79C, 0xF79C, 0xF79C, 0xFF9C, 0xFF9C, 0xF7BC,
    0xF7BC, 0xF79C, 0xF79C, 0xF79C, 0xF79C, 0xF79C, 0xF79C, 0xF79C, 0xF79C, 0xF79C, 0xF79C, 0xF79C,
    0xF79C, 0xF79C, 0xF79C, 0xF7BC, 0xFFBC, 0xF7BC, 0xF79C, 0xF7BC, 0xF79C, 0xF7BC, 0xF7BC, 0xFFBC,
    0xF79C, 0xFFFE, 0x8C50, 0x4207, 0x4249, 0x4A49, 0x4A49, 0x3186, 0x0000, 0x0000, 0x0000, 0x0000,
    0x0000, 0x0000, 0x0000, 0x10A2, 0x4228, 0x4A49, 0x4229, 0x4228, 0x4228, 0xC637, 0xFFFE, 0xF79C,
    0xF7BC, 0xF7BC, 0xF7BC, 0xF7BC, 0xF7BC, 0xF79C, 0xF79C, 0xF79C, 0xF79C, 0xF79C, 0xF79C, 0xF79C,
    0xF79C, 0xF79C, 0xF79C, 0xF79C, 0xF79C, 0xF79C, 0xF79C, 0xF79C, 0xF7BC, 0xF7BC, 0xF7BC, 0xF7BC,
    0xF79C, 0xF7BC, 0xF7BC, 0xF79C, 0xF79C, 0xFFBD, 0xF79D, 0x840F, 0x4227, 0x4A48, 0x5289, 0x4A69,
    0x4A69, 0x4A69, 0x4A69, 0x4A69, 0x4A8A, 0x4A8A, 0x4A6A, 0x4249, 0x3A29, 0x3A08, 0x3A08, 0x3A08,
    0x4229, 0x4249, 0x426A, 0x4A6A, 0x4A6A, 0x4A6A, 0x4A69, 0x4A69, 0x4A49, 0x4A69, 0x4A69, 0x4207,
    0x52AA, 0xBDF6, 0xFFFE, 0xF7BD, 0xF7BC, 0xF7BC, 0xF7BC, 0xF79C, 0xF7BC, 0xFFFE, 0x8C50, 0x4208,
    0x4A6A, 0x4A6A, 0x4A6A, 0x4A08, 0x8BCD, 0xEE76, 0xEE34, 0xF654, 0xEE35, 0xEE35, 0xEE55, 0xEE35,
    0xEE35, 0xEE55, 0xEE55, 0xEE55, 0xEE55, 0xEE55, 0xEE55, 0xEE55, 0xEE55, 0xEE55, 0xEE35, 0xEE35,
    0xEE35, 0xEE35, 0xEE35, 0xEE35, 0xEE35, 0xEE34, 0xEE54, 0xEE35, 0xEE77, 0x93EE, 0x4A07, 0x5269,
    0x4A6A, 0x4A6A, 0x4228, 0x842F, 0xFFDD, 0xF79C, 0xF7BC, 0xF7BC, 0xFFBC, 0xF7BC, 0xF79C, 0xFFFE,
    0xBDD6, 0x52CA, 0x4208, 0x528A, 0x4A49, 0x4A69, 0x4A69, 0x4A69, 0x4A69, 0x4A6A, 0x4A8A, 0x4A6A,
    0x422A, 0x4229, 0x3A09, 0x39E9, 0x3A09, 0x3A29, 0x4249, 0x424A, 0x4A6A, 0x4A8A, 0x4A6A, 0x4A49,
    0x4A69, 0x4A69, 0x4A69, 0x5289, 0x4A49, 0x4207, 0x7BCE, 0xEF5C, 0xFFDD, 0xF79C, 0xF7BC, 0xF79C,
    0xF7BC, 0xF7BC, 0xF7BC, 0xF7BC, 0xF7BC, 0xF79C, 0xF79C, 0xF79C, 0xF79C, 0xF79C, 0xF79C, 0xF79C,
    0xF79C, 0xF79C, 0xF79C, 0xF79C, 0xF79C, 0xF79C, 0xF79C, 0xF79C, 0xFFBC, 0xF7BC, 0xF7BC, 0xFFBD,
    0xF7BC, 0xF7BC, 0xFFBC, 0xFFDD, 0xCE57, 0x4228, 0x4228, 0x4A49, 0x4A49, 0x4208, 0x1082, 0x0000,
    0x0000, 0x0000, 0x0000, 0x0000, 0x0000, 0x2945, 0x4A49, 0x4228, 0x4A69, 0x41E7, 0x632C, 0xEF7C,
    0xF7BC, 0xF7BC, 0xF7BC, 0xF79C, 0xF79C, 0xF79C, 0xF79C, 0xF79C, 0xF79C, 0xF7BC, 0xF79C, 0xF79C,
    0xF79C, 0xF79C, 0xF79C, 0xF79C, 0xF79C, 0xF79C, 0xF79C, 0xF79C, 0xF79C, 0xF79C, 0xF7BC, 0xF7BC,
    0xF79C, 0xF79C, 0xF79C, 0xF7BC, 0xF7BC, 0xF79C, 0xF7BD, 0xF7BD, 0x8C50, 0x4208, 0x528A, 0x528A,
    0x4A69, 0x4A69, 0x4A69, 0x4A89, 0x4A8A, 0x4249, 0x39E8, 0x2987, 0x2125, 0x1904, 0x10E4, 0x10E4,
    0x10E4, 0x10E4, 0x10C4, 0x1904, 0x2146, 0x2987, 0x3A08, 0x4249, 0x4A6A, 0x4A6A, 0x4A49, 0x4A69,
    0x4A49, 0x4A69, 0x4A48, 0x4248, 0x9D13, 0xFFDD, 0xF7DC, 0xF7BC, 0xF7BC, 0xF7BC, 0xF7BC, 0xFFDD,
    0xDEDA, 0x5289, 0x4A29, 0x4A49, 0x4A4A, 0x4A69, 0x4A07, 0xBD51, 0xEE75, 0xEE35, 0xEE35, 0xEE35,
    0xF635, 0xF635, 0xEE34, 0xEE35, 0xEE35, 0xEE35, 0xEE35, 0xEE35, 0xEE55, 0xEE55, 0xEE55, 0xEE55,
    0xEE35, 0xEE35, 0xEE35, 0xEE35, 0xEE35, 0xEE36, 0xEE35, 0xEE54, 0xEE54, 0xF696, 0xC533, 0x5228,
    0x4A69, 0x4A69, 0x4A49, 0x4A49, 0x5269, 0xDED9, 0xFFDD, 0xF79C, 0xF7BC, 0xF79C, 0xF7BC, 0xF7BD,
    0xFFDE, 0xA513, 0x4228, 0x4A49, 0x4A69, 0x4A49, 0x4A49, 0x4A49, 0x4A69, 0x4A8A, 0x4249, 0x39E8,
    0x29A7, 0x2146, 0x1905, 0x10C4, 0x10E4, 0x10E4, 0x10E4, 0x10E4, 0x10E4, 0x1945, 0x2987, 0x39E8,
    0x4249, 0x4A6A, 0x4A6A, 0x4A69, 0x4A6A, 0x4A69, 0x4A6A, 0x4A6A, 0x39E7, 0x840F, 0xF77C, 0xFFBD,
    0xF7BC, 0xF7BC, 0xF7BC, 0xF7BC, 0xF7BC, 0xF7BC, 0xF79C, 0xF79C, 0xF79C, 0xF79C, 0xF79C, 0xF79C,
    0xF79C, 0xF79C, 0xF79C, 0xF79C, 0xF79C, 0xF79C, 0xF79C, 0xF79C, 0xF79C, 0xF79C, 0xFFBC, 0xF7BC,
    0xF7BC, 0xF7BC, 0xFFBC, 0xF7BC, 0xF79B, 0xF79B, 0xF77C, 0x6B6C, 0x41E7, 0x4A49, 0x4228, 0x4A49,
    0x2124, 0x0000, 0x0000, 0x0000, 0x0000, 0x0000, 0x0020, 0x39C7, 0x4A49, 0x4229, 0x4A49, 0x39C7,
    0xA513, 0xFFDD, 0xEF7B, 0xF7BC, 0xF79C, 0xF7BC, 0xF7BC, 0xF79C, 0xF79C, 0xF79C, 0xF79C, 0xF7BC,
    0xF7BC, 0xF79C, 0xF79C, 0xF79C, 0xF79C, 0xF79C, 0xF79C, 0xF79C, 0xF79C, 0xF79C, 0xF79C, 0xF79C,
    0xF7BC, 0xF7BC, 0xF79C, 0xF79C, 0xF79C, 0xF7BC, 0xF79C, 0xF7BD, 0xFFDD, 0x8C50, 0x4228, 0x528A,
    0x4A6A, 0x4A6A, 0x4A6A, 0x4A8A, 0x4A8A, 0x4229, 0x2986, 0x1925, 0x10E4, 0x10C4, 0x10E4, 0x10E4,
    0x10E4, 0x10E4, 0x10E4, 0x10E4, 0x10E4, 0x10E4, 0x10C4, 0x10C3, 0x10E4, 0x1925, 0x29A6, 0x4229,
    0x4A8A, 0x4A6A, 0x4A69, 0x4A6A, 0x4A49, 0x4A69, 0x4227, 0x9491, 0xFFDD, 0xF7BD, 0xF7BC, 0xF7BC,
    0xFFBC, 0xF79C, 0xFFFE, 0xA513, 0x4208, 0x4A6A, 0x4A29, 0x4A49, 0x4A27, 0x730A, 0xE656, 0xEE55,
    0xEE35, 0xF635, 0xF635, 0xEE55, 0xEE55, 0xEE35, 0xEE35, 0xEE35, 0xEE35, 0xEE35, 0xEE55, 0xEE55,
    0xEE35, 0xEE35, 0xEE35, 0xEE35, 0xEE35, 0xEE55, 0xEE55, 0xEE35, 0xEE35, 0xEE34, 0xEE55, 0xE656,
    0x7B2B, 0x4A28, 0x4A69, 0x4A49, 0x4A69, 0x4228, 0x9CF2, 0xFFDD, 0xF79C, 0xF7BC, 0xF7BC, 0xF7BC,
    0xF7BD, 0xFFDD, 0x94B1, 0x4228, 0x4A69, 0x4A49, 0x4A49, 0x4A69, 0x4A49, 0x4A8A, 0x4249, 0x29A7,
    0x1925, 0x10E4, 0x08C4, 0x10E4, 0x10E4, 0x1104, 0x1104, 0x10E4, 0x10E4, 0x10E4, 0x10E4, 0x10C4,
    0x10C4, 0x10E4, 0x1904, 0x2986, 0x4229, 0x4A8A, 0x4A6A, 0x4A6A, 0x4A6A, 0x528A, 0x5269, 0x4207,
    0x840F, 0xF79C, 0xF7BC, 0xF7BC, 0xF7BC, 0xF7BC, 0xF7BC, 0xF79C, 0xF79C, 0xF79C, 0xF79C, 0xF79C,
    0xF79C, 0xF79C, 0xF79C, 0xF79C, 0xF79C, 0xF79C, 0xF79C, 0xF79C, 0xF79C, 0xF79C, 0xF79C, 0xF79C,
    0xF79C, 0xF7BC, 0xF7BC, 0xF7BC, 0xF7BC, 0xF7BC, 0xF79C, 0xF79C, 0xFFFD, 0xAD54, 0x39C7, 0x4A49,
    0x4229, 0x4A49, 0x39C7, 0x0000, 0x0000, 0x0000, 0x0000, 0x0000, 0x1082, 0x4A49, 0x4A69, 0x4A49,
    0x4228, 0x4A48, 0xCE78, 0xF7BD, 0xF79B, 0xF79B, 0xF7BC, 0xF79C, 0xF79C, 0xF79C, 0xF79C, 0xF79C,
    0xF79C, 0xF79C, 0xF79C, 0xF79C, 0xF79C, 0xF79C, 0xF79C, 0xF79C, 0xF79C, 0xF79C, 0xF79C, 0xF79C,
    0xF79C, 0xF79C, 0xF7BC, 0xF7BC, 0xF79C, 0xF79C, 0xF7BC, 0xF79C, 0xF7BC, 0xFFDE, 0x9491, 0x4A48,
    0x4A6A, 0x4A6A, 0x4A6A, 0x4A8A, 0x4A8A, 0x4249, 0x29A7, 0x1904, 0x10E4, 0x1104, 0x1104, 0x1105,
    0x1105, 0x1104, 0x1104, 0x10E4, 0x10E4, 0x10E4, 0x10E5, 0x10E4, 0x10E4, 0x10E4, 0x10E4, 0x10C3,
    0x10E3, 0x1904, 0x31A7, 0x4A6A, 0x4A6A, 0x4A49, 0x526A, 0x4A69, 0x4A69, 0x4207, 0x8C70, 0xFFDE,
    0xF7BD, 0xF7BC, 0xF7BC, 0xF7BC, 0xFFBD, 0xF79D, 0x738E, 0x4208, 0x4A6A, 0x4A49, 0x5269, 0x4A27,
    0xACD1, 0xEE97, 0xEE35, 0xF634, 0xF635, 0xEE55, 0xEE55, 0xEE55, 0xEE55, 0xEE55, 0xEE55, 0xEE55,
    0xEE55, 0xEE55, 0xEE35, 0xEE35, 0xEE35, 0xF635, 0xEE35, 0xEE55, 0xEE55, 0xEE35, 0xF635, 0xEE35,
    0xF676, 0xB4F1, 0x4A07, 0x526A, 0x4A49, 0x4A69, 0x4228, 0x6B6D, 0xF79C, 0xF79C, 0xF7BC, 0xF7BC,
    0xF7BC, 0xF79C, 0xFFDE, 0x9491, 0x4207, 0x4A69, 0x4A49, 0x4A49, 0x4A49, 0x4A6A, 0x4A6A, 0x31C8,
    0x1925, 0x10E4, 0x10E4, 0x1105, 0x10E5, 0x1105, 0x1104, 0x10E4, 0x1104, 0x1104, 0x10E4, 0x10E4,
    0x10E4, 0x10E4, 0x1104, 0x10E4, 0x10C4, 0x10C3, 0x10E4, 0x29A7, 0x4249, 0x4A8A, 0x4A6A, 0x4A4A,
    0x4A6A, 0x4A69, 0x4207, 0x8C50, 0xFFDD, 0xF79C, 0xF7BC, 0xF7BC, 0xF7BC, 0xF79C, 0xF79C, 0xF79C,
    0xF79C, 0xF79C, 0xF79C, 0xF79C, 0xF79C, 0xF79C, 0xF79C, 0xF79C, 0xF79C, 0xF79C, 0xF79C, 0xF79C,
    0xF79C, 0xF79C, 0xF79C, 0xF7BC, 0xF7BC, 0xF7BC, 0xF7BC, 0xF7BC, 0xF79C, 0xF79B, 0xFFBD, 0xDED9,
    0x52A9, 0x4208, 0x4229, 0x4A69, 0x4229, 0x0862, 0x0000, 0x0000, 0x0000, 0x0000, 0x3186, 0x4A69,
    0x4A69, 0x4A69, 0x39E7, 0x738D, 0xF7BD, 0xF79C, 0xF79B, 0xF79B, 0xF7BC, 0xF79C, 0xF79C, 0xF79C,
    0xF79C, 0xF79C, 0xF79C, 0xF79C, 0xF79C, 0xF79C, 0xF79C, 0xF79C, 0xF79C, 0xF79C, 0xF79C, 0xF79C,
    0xF79C, 0xF79C, 0xF79C, 0xF79C, 0xF7BC, 0xF7BC, 0xF79C, 0xF79C, 0xF7BC, 0xF79C, 0xFFFE, 0xA533,
    0x4A48, 0x4A69, 0x4A6A, 0x4A6A, 0x4A6A, 0x426A, 0x3209, 0x1925, 0x08A3, 0x08A3, 0x0882, 0x0082,
    0x08A3, 0x10E4, 0x10E5, 0x10E4, 0x10E4, 0x10E4, 0x10E4, 0x10E4, 0x10E4, 0x10E4, 0x10E4, 0x10E4,
    0x1104, 0x10E4, 0x10E4, 0x10E4, 0x10C3, 0x2966, 0x4A6A, 0x4A6A, 0x4A6A, 0x4A69, 0x4A69, 0x4A69,
    0x39E7, 0x9CF3, 0xFFFE, 0xF79C, 0xFFBC, 0xFFBC, 0xF79C, 0xFFDE, 0xD699, 0x4A69, 0x4A49, 0x4A49,
    0x4A6A, 0x4A28, 0x6B0B, 0xDE36, 0xEE55, 0xF634, 0xF634, 0xEE55, 0xEE55, 0xEE55, 0xEE55, 0xEE55,
    0xEE55, 0xEE55, 0xEE55, 0xEE35, 0xEE35, 0xEE35, 0xEE35, 0xF635, 0xEE35, 0xEE55, 0xEE55, 0xEE34,
    0xF635, 0xF656, 0xE636, 0x6B0B, 0x4228, 0x4A49, 0x4A6A, 0x4A49, 0x4A69, 0xCE78, 0xFFFD, 0xF7BC,
    0xFFBC, 0xF7BC, 0xF79C, 0xFFFE, 0xA513, 0x39E7, 0x4A69, 0x4A49, 0x4A4A, 0x4A49, 0x4A4A, 0x4A6A,
    0x29A6, 0x08A3, 0x0062, 0x0062, 0x0062, 0x08C3, 0x1104, 0x10E4, 0x1104, 0x1104, 0x1104, 0x10E4,
    0x10E4, 0x10E4, 0x10E4, 0x10E4, 0x10E4, 0x10E4, 0x10E4, 0x10E4, 0x10C4, 0x08C3, 0x1905, 0x3A09,
    0x4A6A, 0x4A6A, 0x4A6A, 0x4A69, 0x4A69, 0x4228, 0xAD54, 0xFFFE, 0xF79C, 0xF79C, 0xF79C, 0xF79C,
    0xF79C, 0xF79C, 0xF79C, 0xF79C, 0xF79C, 0xF79C, 0xF79C, 0xF79C, 0xF79C, 0xF79C, 0xF79C, 0xF79C,
    0xF79C, 0xF79C, 0xF79C, 0xF79C, 0xF79C, 0xF7BC, 0xF7BC, 0xF79C, 0xF79C, 0xF7BC, 0xF7BC, 0xF79B,
    0xF79C, 0xFFBD, 0x7BCE, 0x4208, 0x4A6A, 0x4A69, 0x4A69, 0x2965, 0x0000, 0x0000, 0x0000, 0x0020,
    0x4A69, 0x4A69, 0x4A69, 0x4A69, 0x4228, 0xA513, 0xFFDD, 0xF79B, 0xF7BB, 0xF7BC, 0xF79B, 0xF79C,
    0xF79C, 0xF79C, 0xF79C, 0xF79C, 0xF79C, 0xF79C, 0xF79C, 0xF79C, 0xF79C, 0xF79C, 0xF79C, 0xF79C,
    0xF79C, 0xF79C, 0xF79C, 0xF79C, 0xF79C, 0xF7BC, 0xF79C, 0xF79C, 0xF79C, 0xF7BC, 0xF79C, 0xFFDD,
    0xCE57, 0x4A48, 0x4A69, 0x4A6A, 0x4A6A, 0x4A8A, 0x4A6A, 0x31C8, 0x10E4, 0x0882, 0x10E3, 0x4A8A,
    0x6BAE, 0x6B8E, 0x4249, 0x10E3, 0x10C3, 0x1104, 0x10E4, 0x10E4, 0x1104, 0x10E4, 0x10E4, 0x10E4,
    0x10E4, 0x10E4, 0x10E4, 0x10E4, 0x10E4, 0x10E4, 0x10E4, 0x10C4, 0x2145, 0x4229, 0x4A6A, 0x4A4A,
    0x4A69, 0x4A6A, 0x4A6A, 0x4A49, 0xBDD6, 0xFFFE, 0xF79C, 0xF7BC, 0xF7BC, 0xF7BD, 0xFFFE, 0x9471,
    0x41E7, 0x4A6A, 0x4A4A, 0x4A6A, 0x4A28, 0xACB1, 0xF676, 0xF634, 0xF654, 0xEE35, 0xEE55, 0xEE35,
    0xEE35, 0xEE35, 0xEE35, 0xEE35, 0xEE35, 0xEE35, 0xEE35, 0xEE35, 0xEE35, 0xF635, 0xEE35, 0xEE55,
    0xEE55, 0xEE54, 0xF635, 0xF677, 0xB4D1, 0x4A07, 0x4A69, 0x4A69, 0x4A6A, 0x4208, 0x8C71, 0xFFFE,
    0xF7BC, 0xF7BB, 0xFFDC, 0xF79C, 0xFFDD, 0xCE57, 0x4228, 0x4A69, 0x4A69, 0x4A49, 0x4A29, 0x4A4A,
    0x424A, 0x2125, 0x0082, 0x29A6, 0x6B8D, 0x7C30, 0x73AE, 0x31E7, 0x0882, 0x10E3, 0x1104, 0x1104,
    0x10E4, 0x10E5, 0x10E4, 0x10E4, 0x10E4, 0x10E4, 0x10E4, 0x10E4, 0x10E4, 0x10E4, 0x10E4, 0x10E4,
    0x10C4, 0x18C4, 0x31C8, 0x4A6A, 0x4A6A, 0x4A6A, 0x4A69, 0x4A49, 0x4A48, 0xCE58, 0xFFDE, 0xF79C,
    0xFFBC, 0xF79C, 0xF79C, 0xF79C, 0xF79C, 0xF79C, 0xF79C, 0xF79C, 0xF79C, 0xF79C, 0xF79C, 0xF79C,
    0xF79C, 0xF79C, 0xF79C, 0xF79C, 0xF79C, 0xF79C, 0xF79C, 0xF79C, 0xF79C, 0xF7BC, 0xF7BC, 0xFF9C,
    0xFFBC, 0xF79B, 0xF79C, 0xFFDD, 0xB595, 0x4228, 0x4A6A, 0x4A49, 0x528A, 0x4228, 0x0000, 0x0000,
    0x0000, 0x0841, 0x528A, 0x4A69, 0x4A69, 0x4A69, 0x4A69, 0xD6B9, 0xF7BD, 0xF79C, 0xF79B, 0xF79B,
    0xF79C, 0xF79C, 0xF7BC, 0xF79C, 0xF79C, 0xF79C, 0xF79C, 0xF79C, 0xF79C, 0xF79C, 0xF79C, 0xF79C,
    0xF79C, 0xF79C, 0xF79C, 0xF79C, 0xF79C, 0xF79C, 0xF79C, 0xF7BC, 0xF79C, 0xF79C, 0xF7BC, 0xF79C,
    0xF79C, 0xEF5B, 0x630B, 0x4A48, 0x4A69, 0x4A6A, 0x4A6A, 0x4A6A, 0x31C8, 0x10E4, 0x0882, 0x4A8A,
    0xCE79, 0xF7BD, 0xF7DE, 0xFFDE, 0xF7BE, 0xC638, 0x4248, 0x08A3, 0x1104, 0x1104, 0x10E4, 0x10E4,
    0x10E4, 0x10E4, 0x10E4, 0x10E4, 0x10E4, 0x10E4, 0x10E4, 0x10E4, 0x10E4, 0x10E4, 0x10C4, 0x1905,
    0x4229, 0x4A6A, 0x4A6A, 0x4A6A, 0x4A6A, 0x4A49, 0x5AEB, 0xE73B, 0xFFDD, 0xF7BC, 0xF7BC, 0xF79C,
    0xFFDE, 0xDEFA, 0x5289, 0x4228, 0x4A6A, 0x4A6A, 0x4228, 0x6AEA, 0xE656, 0xEE34, 0xF654, 0xEE35,
    0xEE55, 0xEE34, 0xEE35, 0xEE35, 0xEE35, 0xEE35, 0xEE35, 0xEE35, 0xEE35, 0xEE35, 0xEE35, 0xEE35,
    0xEE35, 0xEE55, 0xEE54, 0xEE54, 0xEE35, 0xEE57, 0x730B, 0x4A08, 0x4269, 0x4269, 0x4249, 0x52AA,
    0xDEFA, 0xFFDD, 0xF7BC, 0xF7BC, 0xF7BC, 0xF7BC, 0xEF7C, 0x632B, 0x4228, 0x4A8A, 0x4A49, 0x4A4A,
    0x4A4A, 0x4249, 0x2125, 0x0881, 0x6B8D, 0xE75C, 0xFFDD, 0xFFFE, 0xFFDE, 0xEF7C, 0x94D2, 0x2124,
    0x10C3, 0x10E4, 0x10E5, 0x10E5, 0x10E4, 0x10E4, 0x10E4, 0x10E4, 0x10E4, 0x10E4, 0x10E4, 0x10E4,
    0x10E4, 0x10E4, 0x10E4, 0x10C4, 0x10C4, 0x31C7, 0x4A6A, 0x4A6A, 0x4A6A, 0x4A69, 0x4A28, 0x6B4C,
    0xEF7C, 0xFFBD, 0xF79C, 0xF79C, 0xFFBD, 0xF7BC, 0xF79C, 0xF79C, 0xF79C, 0xF79C, 0xF79C, 0xF79C,
    0xF79C, 0xF79C, 0xF79C, 0xF79C, 0xF79C, 0xF79C, 0xF79C, 0xF79C, 0xF79C, 0xF79C, 0xF79C, 0xF7BC,
    0xF7BC, 0xFF9C, 0xF79C, 0xF79C, 0xF79C, 0xFFBD, 0xDEDA, 0x5289, 0x4A49, 0x4A69, 0x4A49, 0x4228,
    0x0021, 0x0000, 0x0000, 0x2104, 0x4A69, 0x4A69, 0x4A69, 0x4A49, 0x6B4C, 0xEF7C, 0xF7BC, 0xF79C,
    0xF7BB, 0xF7BC, 0xF7BC, 0xF79C, 0xF7BC, 0xF79C, 0xF79C, 0xF79C, 0xF79C, 0xF79C, 0xF79C, 0xF79C,
    0xF79C, 0xF79C, 0xF79C, 0xF79C, 0xF79C, 0xF79C, 0xF79C, 0xF79C, 0xF79C, 0xF7BC, 0xF79C, 0xF79C,
    0xF7BC, 0xF79C, 0xFFDE, 0x9CD2, 0x4227, 0x528A, 0x4A6A, 0x4A6A, 0x4A8A, 0x3A08, 0x18E4, 0x0882,
    0x632C, 0xF7BE, 0xFFDE, 0xF7BD, 0xF7BD, 0xF79C, 0xF7BD, 0xFFFE, 0xE75B, 0x3A08, 0x08C3, 0x1104,
    0x10E4, 0x10E4, 0x10E4, 0x10E4, 0x10E4, 0x10E4, 0x10E4, 0x10E4, 0x10E4, 0x10E4, 0x10E4, 0x10E4,
    0x10E4, 0x10C4, 0x1925, 0x4229, 0x4A6A, 0x4A6A, 0x4A6A, 0x4A8A, 0x4228, 0x8C50, 0xFFFE, 0xF79C,
    0xFFBD, 0xF7BC, 0xF79C, 0xFFFE, 0x9CD2, 0x4208, 0x4A6A, 0x424A, 0x4A6A, 0x4A07, 0xB4F1, 0xF676,
    0xEE34, 0xEE35, 0xEE35, 0xEE35, 0xEE35, 0xEE35, 0xEE35, 0xEE35, 0xEE35, 0xEE35, 0xEE35, 0xEE35,
    0xEE35, 0xEE55, 0xEE35, 0xEE35, 0xEE35, 0xEE34, 0xEE76, 0xC533, 0x5208, 0x4A49, 0x4269, 0x4A8A,
    0x4208, 0x9491, 0xFFFF, 0xF79C, 0xF7BC, 0xF7BC, 0xF7BC, 0xFFFE, 0x94B2, 0x4207, 0x4A6A, 0x4A69,
    0x4A6A, 0x4A4A, 0x4249, 0x2125, 0x0882, 0x7BEF, 0xF7DE, 0xFFDD, 0xF7BC, 0xF79C, 0xF79C, 0xF7BC,
    0xFFFF, 0xB5B5, 0x18E3, 0x10C4, 0x10E5, 0x10E5, 0x10E4, 0x10E4, 0x10E4, 0x10E4, 0x10E4, 0x10E4,
    0x10E4, 0x10E4, 0x10E4, 0x10E4, 0x10E4, 0x10E4, 0x10C4, 0x10C4, 0x39E8, 0x4A8A, 0x4A4A, 0x4A69,
    0x4A69, 0x4228, 0xA513, 0xFFFE, 0xF79C, 0xF79C, 0xF79C, 0xF7BC, 0xF79C, 0xF79C, 0xF79C, 0xF79C,
    0xF79C, 0xF79C, 0xF79C, 0xF79C, 0xF79C, 0xF79C, 0xF79C, 0xF79C, 0xF79C, 0xF79C, 0xF79C, 0xF79C,
    0xF79C, 0xF79C, 0xFF9C, 0xFF9C, 0xFF9C, 0xF79C, 0xF79C, 0xFFBC, 0xF77C, 0x736D, 0x4A49, 0x4A69,
    0x4A49, 0x4A49, 0x18E3, 0x0000, 0x0000, 0x31A6, 0x528A, 0x4A69, 0x528A, 0x4228, 0x9491, 0xFFBD,
    0xF79C, 0xF7BC, 0xF7BC, 0xF7BC, 0xF79C, 0xF79C, 0xF79C, 0xF79C, 0xF79C, 0xF79C, 0xF79C, 0xF79C,
    0xF79C, 0xF79C, 0xF79C, 0xF79C, 0xF79C, 0xF79C, 0xF79C, 0xF79C, 0xF79C, 0xF79C, 0xF79C, 0xF7BC,
    0xF79C, 0xF79C, 0xF79C, 0xFFBD, 0xDEDA, 0x52A9, 0x4A49, 0x528A, 0x4A6A, 0x4A6A, 0x426A, 0x2125,
    0x0882, 0x31C6, 0xE73B, 0xFFDE, 0xF79C, 0xFFBC, 0xFFBC, 0xFFBC, 0xFFBC, 0xF79C, 0xFFFD, 0xCE78,
    0x1904, 0x10C3, 0x18E4, 0x10C4, 0x10E4, 0x10E4, 0x10E4, 0x10E4, 0x10E4, 0x10C4, 0x10E4, 0x10E4,
    0x10E4, 0x10E4, 0x10E4, 0x10E4, 0x10A3, 0x2125, 0x4A49, 0x4A6A, 0x4A6A, 0x4A69, 0x4A69, 0x5289,
    0xD699, 0xFFDE, 0xF79C, 0xFFBD, 0xF79C, 0xFFDD, 0xE73B, 0x5ACA, 0x4A49, 0x4A49, 0x4A6A, 0x4A07,
    0x7B4B, 0xEE77, 0xEE35, 0xF635, 0xF635, 0xEE35, 0xEE35, 0xEE35, 0xEE35, 0xEE35, 0xEE35, 0xEE35,
    0xEE35, 0xEE35, 0xEE55, 0xEE54, 0xEE55, 0xEE35, 0xF635, 0xEE34, 0xEE97, 0x83AD, 0x4A08, 0x4A4A,
    0x4A49, 0x4A49, 0x4A69, 0xDEDA, 0xFFDD, 0xF79C, 0xF79C, 0xF7BC, 0xFFDD, 0xDEDA, 0x4A8A, 0x4A49,
    0x4A69, 0x4A69, 0x4A4A, 0x4A6A, 0x2166, 0x0882, 0x4228, 0xEF7D, 0xFFDD, 0xF79C, 0xFFBC, 0xFF9C,
    0xFFBC, 0xF7BC, 0xF79C, 0xFFFF, 0x8430, 0x0882, 0x10E4, 0x10E5, 0x10C4, 0x10E4, 0x10E4, 0x10C4,
    0x10E4, 0x10E4, 0x10E4, 0x10E4, 0x10C4, 0x10C4, 0x10E4, 0x10E4, 0x10E4, 0x10C4, 0x1904, 0x4249,
    0x4A6A, 0x4A49, 0x4A69, 0x4228, 0x5AEB, 0xE71B, 0xFFBD, 0xF79C, 0xF79C, 0xF79C, 0xF79C, 0xF79C,
    0xF79C, 0xF79C, 0xF79C, 0xF79C, 0xF79C, 0xF79C, 0xF79C, 0xF79C, 0xF79C, 0xF79C, 0xF79C, 0xF79C,
    0xF79C, 0xF79C, 0xF79C, 0xF79C, 0xFF9C, 0xFF9C, 0xFF9C, 0xFFBC, 0xF79C, 0xF79C, 0xFFDD, 0x9491,
    0x4229, 0x4A6A, 0x4A49, 0x528A, 0x3186, 0x0000, 0x0000, 0x39C7, 0x528A, 0x4A69, 0x526A, 0x4A28,
    0xB595, 0xFFFE, 0xF77C, 0xF7BC, 0xF7BC, 0xF79C, 0xF79C, 0xF79C, 0xF79C, 0xF79C, 0xF79C, 0xF79C,
    0xF79C, 0xF79C, 0xF79C, 0xF79C, 0xF79C, 0xF79C, 0xF79C, 0xF79C, 0xF79C, 0xF79C, 0xF79C, 0xF79C,
    0xF79C, 0xF79C, 0xF79C, 0xF79C, 0xF79C, 0xFFDE, 0x9CD2, 0x4207, 0x5289, 0x4A6A, 0x4A6A, 0x4A6A,
    0x31A7, 0x10C4, 0x0882, 0x8450, 0xFFFF, 0xF79C, 0xFFBC, 0xFF9C, 0xFFBC, 0xFF9C, 0xFF9C, 0xF7BC,
    0xF7BC, 0xF7BE, 0x4A8A, 0x08A2, 0x10E4, 0x10E4, 0x10E4, 0x10E4, 0x10E4, 0x10E4, 0x10E4, 0x10E4,
    0x10E4, 0x10E4, 0x10E4, 0x10E4, 0x10E4, 0x10E4, 0x10E4, 0x10C3, 0x2986, 0x4A8A, 0x4A69, 0x4A69,
    0x526A, 0x4228, 0x8C30, 0xFFDE, 0xF79D, 0xF7BC, 0xFFDC, 0xF7BC, 0xFFDD, 0x9491, 0x39E7, 0x526A,
    0x4A29, 0x4A48, 0x5A68, 0xC593, 0xF676, 0xF614, 0xF634, 0xEE35, 0xEE35, 0xEE35, 0xEE35, 0xEE35,
    0xEE35, 0xEE35, 0xEE35, 0xEE35, 0xEE55, 0xEE54, 0xEE55, 0xF635, 0xF615, 0xEE76, 0xD5F4, 0x5AA9,
    0x4A29, 0x4A4A, 0x5269, 0x41E7, 0x8430, 0xFFDE, 0xF79D, 0xFFBC, 0xF7BC, 0xF79B, 0xFFFE, 0x8C91,
    0x3A08, 0x4A6A, 0x4A69, 0x4A6A, 0x4A6A, 0x31C7, 0x10E3, 0x0882, 0x94D2, 0xFFFF, 0xF79C, 0xFF9C,
    0xFF9C, 0xFFBC, 0xFF9C, 0xFFBC, 0xF79C, 0xFFDD, 0xDEFA, 0x1924, 0x10E4, 0x10E4, 0x10E4, 0x10E4,
    0x10E4, 0x10E4, 0x10E4, 0x10C4, 0x10C4, 0x10C4, 0x10C4, 0x10C4, 0x10E4, 0x10E4, 0x10C4, 0x10E4,
    0x10C4, 0x2987, 0x4A8A, 0x4A6A, 0x4A49, 0x4A69, 0x4207, 0xA513, 0xFFDE, 0xF79C, 0xFFBC, 0xF79C,
    0xF79C, 0xF79C, 0xF79C, 0xF79C, 0xF79C, 0xF79C, 0xF79C, 0xF79C, 0xF79C, 0xF79C, 0xF79C, 0xF79C,
    0xF79C, 0xF79C, 0xF79C, 0xF79B, 0xF79C, 0xFF9C, 0xFF9C, 0xFF9C, 0xFF9C, 0xF79C, 0xF79C, 0xF79C,
    0xFFFE, 0xB575, 0x4208, 0x4A6A, 0x4A49, 0x528A, 0x39C7, 0x0000, 0x0000, 0x4208, 0x528A, 0x4A69,
    0x4A69, 0x5289, 0xD699, 0xFFDE, 0xF79C, 0xF7BC, 0xF7BC, 0xF79C, 0xF79C, 0xF79C, 0xF79C, 0xF79C,
    0xF79C, 0xF79C, 0xF79C, 0xF79C, 0xF79C, 0xF79C, 0xF79C, 0xF79C, 0xF79C, 0xF79C, 0xF79C, 0xF79C,
    0xF79C, 0xF79C, 0xF79C, 0xF79C, 0xF79C, 0xF79C, 0xFFBD, 0xE6FB, 0x5ACA, 0x4A49, 0x4A69, 0x4A6A,
    0x4A8A, 0x4229, 0x10E4, 0x10E4, 0x10C3, 0xC637, 0xFFFE, 0xF7BD, 0xF7BC, 0xFFBC, 0xF79C, 0xFFBC,
    0xFFBC, 0xF79C, 0xF79C, 0xFFDE, 0x7BEF, 0x0061, 0x1904, 0x10C3, 0x10E4, 0x10E4, 0x10E4, 0x10E4,
    0x10C4, 0x10E4, 0x10E4, 0x10E4, 0x10E4, 0x10E4, 0x10E4, 0x10E4, 0x10E4, 0x10C4, 0x10E4, 0x39E8,
    0x4A6A, 0x4A69, 0x4A49, 0x4A69, 0x5269, 0xD679, 0xFFFE, 0xF7BD, 0xF7BC, 0xF7BC, 0xFFFD, 0xDEDA,
    0x5289, 0x4A28, 0x4A49, 0x5269, 0x41E7, 0x942E, 0xEE76, 0xF614, 0xF634, 0xEE35, 0xEE35, 0xEE35,
    0xEE35, 0xEE35, 0xEE35, 0xEE35, 0xEE35, 0xEE35, 0xEE55, 0xEE54, 0xEE35, 0xF615, 0xEE35, 0xEE77,
    0xA490, 0x4A28, 0x4A49, 0x4A6A, 0x4A28, 0x5269, 0xCE58, 0xFFDD, 0xF79C, 0xF7BC, 0xF7BC, 0xFFDD,
    0xD6B9, 0x4A69, 0x4A49, 0x4A69, 0x4A69, 0x4A6A, 0x3A08, 0x10E4, 0x10C3, 0x1924, 0xD6DA, 0xF7BD,
    0xFFBC, 0xFFBC, 0xFF9C, 0xFFBC, 0xFFBC, 0xF7BC, 0xF7BC, 0xF79D, 0xF7BD, 0x52CB, 0x0082, 0x1105,
    0x10E4, 0x10E4, 0x10E4, 0x10E4, 0x10E4, 0x10E4, 0x10C4, 0x10C4, 0x10C4, 0x10C4, 0x10E4, 0x10C4,
    0x10E4, 0x10E4, 0x10E4, 0x10E4, 0x3A08, 0x4A6A, 0x4A6A, 0x4A69, 0x4A28, 0x5ACA, 0xE73B, 0xFFBD,
    0xF79C, 0xF7BC, 0xF79C, 0xF79C, 0xF79C, 0xF79C, 0xF79C, 0xF79C, 0xF79C, 0xF79C, 0xF79C, 0xF79C,
    0xF79C, 0xF79C, 0xF79C, 0xF79C, 0xF79C, 0xF79C, 0xF79C, 0xFF9C, 0xFF9C, 0xFF9C, 0xFFBC, 0xFF9C,
    0xF7BC, 0xF79C, 0xFFDD, 0xD678, 0x4A69, 0x4A49, 0x4A6A, 0x528A, 0x4208, 0x0000, 0x1082, 0x528A,
    0x528A, 0x4A69, 0x4A48, 0x5AEB, 0xE73B, 0xFFBD, 0xF79C, 0xF79C, 0xF79C, 0xF79C, 0xF79C, 0xF79C,
    0xF79C, 0xF79C, 0xF79C, 0xF79C, 0xF79C, 0xF79C, 0xF79C, 0xF79C, 0xF79C, 0xF79C, 0xF79C, 0xF79C,
    0xF79C, 0xF79C, 0xF79C, 0xF79C, 0xF79C, 0xF79C, 0xF79C, 0xF79C, 0xFFFE, 0xAD75, 0x4228, 0x5269,
    0x4A69, 0x4A6A, 0x4A8A, 0x29A7, 0x10C3, 0x10E4, 0x10C3, 0xD699, 0xFFDD, 0xF79C, 0xF79C, 0xF7BC,
    0xF7BC, 0xF7BC, 0xF7BC, 0xF79C, 0xF79C, 0xFFFE, 0x8410, 0x0041, 0x18E4, 0x10E4, 0x10E4, 0x10C4,
    0x10E4, 0x10E4, 0x10C3, 0x10C4, 0x10E4, 0x10E4, 0x10E4, 0x10E4, 0x10E4, 0x10C4, 0x10E4, 0x10E4,
    0x08C3, 0x1925, 0x4A6A, 0x4A6A, 0x4A69, 0x4A69, 0x4A28, 0x8C50, 0xFFFE, 0xF79C, 0xF7BC, 0xFFBC,
    0xF7BC, 0xFFDD, 0x7BCE, 0x4208, 0x4A49, 0x4A4A, 0x4228, 0x62AA, 0xDE15, 0xF654, 0xF634, 0xEE35,
    0xEE35, 0xEE35, 0xEE35, 0xEE35, 0xEE35, 0xEE35, 0xEE35, 0xEE55, 0xEE55, 0xEE55, 0xF635, 0xF614,
    0xF635, 0xE657, 0x6B0B, 0x4228, 0x4269, 0x4A6A, 0x4A28, 0x738D, 0xFFDE, 0xF79C, 0xFFBC, 0xF7BC,
    0xF79C, 0xFFFE, 0x9CB2, 0x4208, 0x4A69, 0x4A49, 0x4A69, 0x426A, 0x2145, 0x10C4, 0x10C3, 0x2145,
    0xE73B, 0xF7DD, 0xF7BB, 0xF7BC, 0xF7BC, 0xF7BC, 0xF7BC, 0xFFBC, 0xFFBC, 0xF7BD, 0xFFDE, 0x632C,
    0x0042, 0x1905, 0x10E4, 0x10E4, 0x10E4, 0x10E4, 0x10E4, 0x10E4, 0x10E4, 0x10E4, 0x10E4, 0x10E4,
    0x10C4, 0x10C4, 0x10E4, 0x10E4, 0x10E4, 0x10C3, 0x2986, 0x4A6A, 0x4A6A, 0x4A69, 0x4A69, 0x4208,
    0xB595, 0xFFFE, 0xF79C, 0xF79C, 0xF79C, 0xF79C, 0xF79C, 0xF79C, 0xF79C, 0xF79C, 0xF79C, 0xF79C,
    0xF79C, 0xF79C, 0xF79C, 0xF79C, 0xF79C, 0xF79C, 0xF79C, 0xF79C, 0xF79C, 0xF79C, 0xF79C, 0xF79C,
    0xF79C, 0xF79C, 0xF79C, 0xF79C, 0xFFBC, 0xE73B, 0x5AEB, 0x4228, 0x4A6A, 0x4A6A, 0x528A, 0x10A2,
    0x18E3, 0x5ACB, 0x528A, 0x528A, 0x4A28, 0x6B4C, 0xF7BD, 0xF7BC, 0xF79C, 0xF7BC, 0xF79C, 0xF79C,
    0xF79C, 0xF7BC, 0xF7BC, 0xF79C, 0xF79C, 0xF79C, 0xF7BC, 0xF79C, 0xF79C, 0xF79C, 0xF79C, 0xF79C,
    0xF79C, 0xF79C, 0xF79C, 0xF79C, 0xF79C, 0xF79C, 0xF79C, 0xF79C, 0xF79C, 0xF79C, 0xFFDE, 0x8430,
    0x4207, 0x528A, 0x4A69, 0x4A6A, 0x426A, 0x1904, 0x10E4, 0x10E4, 0x10A3, 0xBDF6, 0xFFDE, 0xFFBD,
    0xF79C, 0xFFBC, 0xFFBC, 0xF79C, 0xFFBC, 0xFF9C, 0xF79C, 0xFFDE, 0x73AF, 0x0862, 0x10E4, 0x10E4,
    0x10C4, 0x10E4, 0x10E4, 0x10E4, 0x10C4, 0x10C4, 0x10E4, 0x10E4, 0x10E4, 0x10E4, 0x10E4, 0x10C4,
    0x10C4, 0x10E4, 0x10C4, 0x10C3, 0x3A08, 0x4A6A, 0x4A49, 0x4A49, 0x4208, 0x630B, 0xF77C, 0xFFBD,
    0xF7BC, 0xFFBC, 0xF79C, 0xFFFE, 0xBDD6, 0x4228, 0x4A69, 0x4A49, 0x4A49, 0x5227, 0xC532, 0xF655,
    0xEE34, 0xEE35, 0xEE35, 0xEE35, 0xEE35, 0xEE35, 0xEE35, 0xEE55, 0xEE55, 0xEE55, 0xEE55, 0xEE55,
    0xEE55, 0xF635, 0xF656, 0xCDB4, 0x5268, 0x4A49, 0x4269, 0x4A69, 0x4208, 0xAD54, 0xFFFE, 0xF79C,
    0xF7BC, 0xF7BC, 0xF7BC, 0xF7BD, 0x6B2C, 0x4228, 0x4A69, 0x4A69, 0x4A6A, 0x4229, 0x10C4, 0x10E4,
    0x10C3, 0x1924, 0xCE99, 0xFFDE, 0xF7BC, 0xF7BC, 0xF7BC, 0xFFBC, 0xFFBC, 0xFFBC, 0xFFBC, 0xF7BD,
    0xF79D, 0x4A69, 0x08A3, 0x1104, 0x10E4, 0x10E4, 0x10E4, 0x10E4, 0x10E4, 0x10E4, 0x10E4, 0x10E4,
    0x10E4, 0x10E4, 0x10C4, 0x10C4, 0x10E4, 0x10E4, 0x10E4, 0x10C4, 0x1904, 0x4249, 0x4A6A, 0x4A49,
    0x4A6A, 0x4208, 0x8C50, 0xFFFE, 0xF77B, 0xF79C, 0xF79C, 0xF79C, 0xF79C, 0xF79C, 0xF79C, 0xF79C,
    0xF79C, 0xF79C, 0xF79C, 0xF79C, 0xF79C, 0xF79C, 0xF79C, 0xF79C, 0xF79C, 0xF79C, 0xF79C, 0xF79C,
    0xF79C, 0xF79C, 0xF79C, 0xF79C, 0xF7BC, 0xF79C, 0xF79C, 0xFFBD, 0x6B6D, 0x4228, 0x528A, 0x4A6A,
    0x52AA, 0x18C3, 0x18C3, 0x5ACB, 0x4A6A, 0x528A, 0x4228, 0x7BCE, 0xFFFE, 0xF79C, 0xF79C, 0xF7BC,
    0xF79C, 0xF79C, 0xF79C, 0xF7BC, 0xF79C, 0xF79C, 0xF79C, 0xF79C, 0xF79C, 0xF79C, 0xF79C, 0xF79C,
    0xF79C, 0xF79C, 0xF79C, 0xF79C, 0xF79C, 0xF79C, 0xF79C, 0xF79C, 0xF79C, 0xF79C, 0xF79C, 0xFFBD,
    0xEF5B, 0x632C, 0x4A48, 0x4A69, 0x528A, 0x4A8A, 0x3A28, 0x10E4, 0x10E4, 0x10E4, 0x0883, 0x73AE,
    0xFFFF, 0xF77C, 0xF7BC, 0xFFBC, 0xFF9C, 0xFFBC, 0xF79B, 0xFFBC, 0xF79C, 0xF7BE, 0x4249, 0x0882,
    0x10E4, 0x10C4, 0x10E4, 0x10E4, 0x10E4, 0x10E4, 0x10C4, 0x10C4, 0x10C4, 0x10C4, 0x10C4, 0x10C4,
    0x10C4, 0x10E4, 0x10C4, 0x10C4, 0x10E4, 0x10C3, 0x2146, 0x4A6A, 0x4A49, 0x4A49, 0x4A49, 0x4A49,
    0xCE37, 0xFFFE, 0xF79C, 0xFFBC, 0xF7BC, 0xFFDD, 0xEF3B, 0x5ACA, 0x4A49, 0x4A4A, 0x4A49, 0x4A07,
    0x9C2E, 0xF696, 0xEE34, 0xEE35, 0xEE35, 0xEE35, 0xEE35, 0xEE55, 0xEE55, 0xEE55, 0xEE55, 0xEE55,
    0xEE55, 0xEE55, 0xEE34, 0xEE35, 0xF677, 0xACB0, 0x4A27, 0x4A69, 0x4A69, 0x4A69, 0x5289, 0xDEFA,
    0xFFDD, 0xF7BC, 0xF7BC, 0xF7BC, 0xFFFD, 0xCE78, 0x5289, 0x4A49, 0x4A6A, 0x4A49, 0x4A6A, 0x2986,
    0x10C4, 0x10E4, 0x10E4, 0x08A3, 0x8C92, 0xFFFF, 0xF79C, 0xF7BC, 0xF7BC, 0xF7BC, 0xFFBC, 0xFFBC,
    0xF79C, 0xFFFE, 0xCE99, 0x1903, 0x10E3, 0x1104, 0x10E4, 0x10E4, 0x10E4, 0x10E4, 0x10E4, 0x10E4,
    0x10E4, 0x10E4, 0x10E4, 0x10E4, 0x10C4, 0x10C4, 0x10E4, 0x10E4, 0x10E4, 0x10E4, 0x10C3, 0x39E8,
    0x4A8A, 0x4A49, 0x4A69, 0x4228, 0x6B6D, 0xEF7C, 0xF7BC, 0xF79C, 0xF79C, 0xF79C, 0xF79C, 0xF79C,
    0xF79C, 0xF79C, 0xF79C, 0xF79C, 0xF79C, 0xF79C, 0xF79C, 0xF79C, 0xF79C, 0xF79C, 0xF79C, 0xF79C,
    0xF79C, 0xF7BC, 0xF7BC, 0xF79C, 0xF79C, 0xF7BC, 0xF7BC, 0xF7BC, 0xF79C, 0xFFFE, 0x7BEF, 0x4A48,
    0x4A69, 0x528A, 0x528A, 0x18C3, 0x18E3, 0x52AA, 0x526A, 0x528A, 0x4208, 0x8C70, 0xFFFE, 0xF79C,
    0xF7BC, 0xF79C, 0xF79C, 0xF79C, 0xF79C, 0xF79C, 0xF79C, 0xF79C, 0xF79C, 0xF79C, 0xF79C, 0xF79C,
    0xF79C, 0xF79C, 0xF79C, 0xF79C, 0xF79C, 0xF79C, 0xF79C, 0xF79C, 0xF79C, 0xF79C, 0xF79C, 0xF79C,
    0xF79C, 0xFFFD, 0xDED9, 0x5289, 0x4A69, 0x4A69, 0x4A6A, 0x4A8A, 0x29A7, 0x10C3, 0x1104, 0x10E4,
    0x08C4, 0x2124, 0xCE79, 0xFFFF, 0xF77C, 0xF79B, 0xFF9C, 0xFF9C, 0xF79C, 0xF77C, 0xFFFE, 0xBDD6,
    0x10E3, 0x10E4, 0x10C4, 0x10E4, 0x10E4, 0x10E4, 0x10E4, 0x10E4, 0x10E4, 0x10E4, 0x10E4, 0x10E4,
    0x10E4, 0x10E4, 0x10E4, 0x10C4, 0x10E4, 0x10C4, 0x10E4, 0x10C3, 0x1904, 0x4249, 0x4A4A, 0x4A49,
    0x4A69, 0x39C7, 0xAD74, 0xFFFE, 0xF79C, 0xF7BC, 0xF7BC, 0xF7BC, 0xFFDD, 0x842F, 0x4208, 0x4A6A,
    0x4A6A, 0x4207, 0x7B6B, 0xEE76, 0xEE35, 0xEE55, 0xEE35, 0xEE35, 0xEE55, 0xEE55, 0xEE55, 0xEE55,
    0xF655, 0xF655, 0xF655, 0xEE55, 0xEE55, 0xEE55, 0xF697, 0x8BCD, 0x4A07, 0x4A8A, 0x4A8A, 0x4208,
    0x7BAE, 0xF79C, 0xFFBD, 0xF79C, 0xFFBC, 0xF77B, 0xFFFE, 0xB595, 0x39E7, 0x4A69, 0x4A49, 0x4A6A,
    0x426A, 0x1925, 0x10C4, 0x10E4, 0x1105, 0x08A3, 0x31C6, 0xDEFB, 0xFFFE, 0xF79C, 0xF7BC, 0xF7BC,
    0xF7BC, 0xF79C, 0xF7DD, 0xFFFF, 0x5B2C, 0x08A2, 0x1104, 0x10E4, 0x10E4, 0x10E4, 0x10E4, 0x10E4,
    0x10E4, 0x10E4, 0x10E4, 0x10E4, 0x10E4, 0x10E4, 0x10C4, 0x10C4, 0x10E4, 0x10E4, 0x10E4, 0x10E4,
    0x10C3, 0x2966, 0x4A6A, 0x4A6A, 0x4A69, 0x4A69, 0x528A, 0xDEFA, 0xFFDD, 0xF79C, 0xF79C, 0xF79C,
    0xF79C, 0xF79C, 0xF79C, 0xF79C, 0xF79C, 0xF79C, 0xF79C, 0xF79C, 0xF79C, 0xF79C, 0xF79C, 0xF79C,
    0xF79C, 0xF79C, 0xF79C, 0xF79C, 0xF79C, 0xF79C, 0xF79C, 0xF79C, 0xF7BC, 0xF7BC, 0xF79C, 0xFFFE,
    0x9491, 0x4A48, 0x4A69, 0x4A6A, 0x4A69, 0x18E3, 0x18E3, 0x4A6A, 0x526A, 0x526A, 0x4228, 0x9CF2,
    0xFFDD, 0xF79C, 0xF79C, 0xF7BC, 0xF79C, 0xF79C, 0xF79C, 0xF7BC, 0xF7BC, 0xF79C, 0xF79C, 0xF79C,
    0xF7BC, 0xF79C, 0xF79C, 0xF79C, 0xF79C, 0xF79C, 0xF79C, 0xF79C, 0xF79C, 0xF79C, 0xF79C, 0xF79C,
    0xF79C, 0xF79C, 0xF79C, 0xFFFD, 0xCE78, 0x4228, 0x4A69, 0x4A69, 0x4A8A, 0x4A6A, 0x2165, 0x08C3,
    0x10E4, 0x10E4, 0x10E4, 0x08A3, 0x3A28, 0xD6DA, 0xFFFF, 0xFFDD, 0xFFBC, 0xFFBD, 0xF7BD, 0xFFFF,
    0xC658, 0x2986, 0x10C3, 0x10E4, 0x10E4, 0x10E4, 0x10E4, 0x10E4, 0x10E4, 0x10E4, 0x10E4, 0x10E4,
    0x10E4, 0x10E4, 0x10E4, 0x10E4, 0x10E4, 0x10C4, 0x10E4, 0x10E4, 0x10E4, 0x10E4, 0x10E4, 0x39E8,
    0x4A6A, 0x4249, 0x4A69, 0x41E7, 0x9CB2, 0xFFFE, 0xF7BC, 0xF7BC, 0xF7BC, 0xF7BC, 0xFFFE, 0xAD54,
    0x39E7, 0x4A6A, 0x4A6A, 0x4A28, 0x62C9, 0xD5F4, 0xEE76, 0xEE35, 0xEE35, 0xEE35, 0xEE55, 0xEE55,
    0xEE55, 0xEE55, 0xF655, 0xF655, 0xEE55, 0xEE55, 0xF655, 0xEE56, 0xE656, 0x732B, 0x4A28, 0x4A6A,
    0x4A8A, 0x39E7, 0x9CD2, 0xFFFE, 0xF79C, 0xF7BC, 0xFFBC, 0xF79B, 0xFFFE, 0x9CD2, 0x39C7, 0x4A6A,
    0x4A49, 0x4A6A, 0x4229, 0x1904, 0x10C4, 0x10E4, 0x10E4, 0x1904, 0x0882, 0x4269, 0xE73B, 0xFFFF,
    0xF7BD, 0xF7BD, 0xF7BD, 0xFFFE, 0xF7DE, 0x7C0F, 0x08A2, 0x10E3, 0x10E4, 0x08E4, 0x10E4, 0x10E4,
    0x10E4, 0x10E4, 0x10E4, 0x10E4, 0x10E4, 0x10E4, 0x10E4, 0x10E4, 0x10C4, 0x10C4, 0x10E4, 0x10E4,
    0x10E4, 0x10E4, 0x10C3, 0x2125, 0x4229, 0x4A69, 0x4A49, 0x4A6A, 0x4248, 0xD699, 0xFFDD, 0xF79C,
    0xF79C, 0xF79C, 0xF79C, 0xF79C, 0xF79C, 0xF79C, 0xF79C, 0xF79C, 0xF79C, 0xF79C, 0xF79C, 0xF79C,
    0xF79C, 0xF79C, 0xF79C, 0xF79C, 0xF79C, 0xF79C, 0xF79C, 0xF79C, 0xF79C, 0xF7BC, 0xF7BC, 0xF7BC,
    0xF79C, 0xFFFE, 0x9CF3, 0x4248, 0x4A6A, 0x4A49, 0x4A49, 0x2124, 0x2104, 0x4A49, 0x4A4A, 0x4A6A,
    0x4A28, 0xAD54, 0xFFDD, 0xF79C, 0xF79C, 0xF79C, 0xF79C, 0xF79C, 0xF79C, 0xF7BC, 0xF79C, 0xF79C,
    0xF79C, 0xF79C, 0xF79C, 0xF7BC, 0xF7BC, 0xF79C, 0xF79C, 0xF79C, 0xF79C, 0xF79C, 0xF79C, 0xF79C,
    0xF79C, 0xF79C, 0xF7BC, 0xF7BC, 0xF79C, 0xFFFD, 0xBDD6, 0x3A07, 0x4A89, 0x4A69, 0x4A6A, 0x4249,
    0x1925, 0x10E4, 0x10E4, 0x10E4, 0x10E4, 0x1105, 0x08C3, 0x2165, 0x8C71, 0xD6B9, 0xEF5C, 0xE75C,
    0xCE99, 0x8450, 0x2145, 0x08A3, 0x10E4, 0x10C4, 0x10E4, 0x10C4, 0x10E4, 0x10E4, 0x10E4, 0x10E4,
    0x10C4, 0x10C4, 0x10E4, 0x10C4, 0x10C4, 0x10C4, 0x10C4, 0x10C4, 0x10E4, 0x10E4, 0x10E4, 0x10E4,
    0x10A3, 0x31C7, 0x4A6A, 0x4A49, 0x4A69, 0x41E7, 0x8C50, 0xFFBD, 0xF7BC, 0xF7BC, 0xFFBC, 0xF79C,
    0xFFDD, 0xD678, 0x4A69, 0x4A49, 0x4A6A, 0x4A69, 0x5247, 0xC573, 0xEE76, 0xEE34, 0xEE55, 0xEE35,
    0xEE55, 0xEE55, 0xEE55, 0xEE55, 0xEE55, 0xEE55, 0xEE55, 0xF635, 0xEE35, 0xEE76, 0xCDB4, 0x5A88,
    0x4A49, 0x4A8A, 0x4A8A, 0x4A48, 0xC5F6, 0xFFFE, 0xF79C, 0xF7BC, 0xF7BC, 0xF79C, 0xFFDD, 0x9471,
    0x39E7, 0x4A6A, 0x4A49, 0x4A8A, 0x3A09, 0x10C4, 0x10E4, 0x10E5, 0x10E4, 0x10E4, 0x1904, 0x08A2,
    0x31C7, 0xAD96, 0xE71B, 0xEF7C, 0xDEFB, 0xAD75, 0x4A8A, 0x10A3, 0x10E4, 0x10E4, 0x10E4, 0x10C4,
    0x10E4, 0x10E4, 0x10E4, 0x10E4, 0x10E4, 0x10E4, 0x10E4, 0x10C4, 0x10C4, 0x10E4, 0x10C4, 0x10C4,
    0x10E4, 0x10E4, 0x10E4, 0x10C4, 0x10E4, 0x1904, 0x4229, 0x4A69, 0x4A69, 0x4A6A, 0x4207, 0xC616,
    0xFFFD, 0xF79C, 0xF79C, 0xF79C, 0xF79C, 0xF79C, 0xF79C, 0xF79C, 0xF79C, 0xF79C, 0xF79C, 0xF79C,
    0xF79C, 0xF79C, 0xF79C, 0xF79C, 0xF79C, 0xF79C, 0xF79C, 0xF79C, 0xF79C, 0xF79C, 0xF7BC, 0xF7BC,
    0xF7BC, 0xF7BC, 0xF79C, 0xFFDD, 0xAD54, 0x4228, 0x4A6A, 0x4A49, 0x4229, 0x2965, 0x2965, 0x4A49,
    0x4A49, 0x4A4A, 0x4228, 0xB595, 0xFFDD, 0xF79C, 0xF79C, 0xF7BC, 0xF79C, 0xF79C, 0xF7BC, 0xF7BC,
    0xF79C, 0xF79C, 0xF79C, 0xF79C, 0xF79C, 0xF79C, 0xF79C, 0xF79C, 0xF79C, 0xF79C, 0xF79C, 0xF79C,
    0xF79C, 0xF79C, 0xF79C, 0xF79C, 0xF7BC, 0xF79C, 0xF79C, 0xFFDD, 0xB574, 0x4228, 0x4A69, 0x4A69,
    0x4A6A, 0x4249, 0x1904, 0x10E4, 0x10E4, 0x10E4, 0x10E4, 0x10E4, 0x1105, 0x08C3, 0x0882, 0x10E3,
    0x2145, 0x2145, 0x10E3, 0x0882, 0x10C3, 0x10E4, 0x10E4, 0x10E4, 0x10E4, 0x10C4, 0x10C4, 0x10E4,
    0x10E4, 0x10E4, 0x10C4, 0x10C4, 0x10C4, 0x10C4, 0x10C4, 0x10C4, 0x10C4, 0x10C4, 0x10E4, 0x10E4,
    0x10E4, 0x10E4, 0x10C3, 0x31C7, 0x4A6A, 0x4A49, 0x4A69, 0x4228, 0x840F, 0xF7BD, 0xFFBD, 0xFFBC,
    0xF7BC, 0xF7BC, 0xFFBC, 0xF77C, 0x630C, 0x4249, 0x4A6A, 0x4A69, 0x4A07, 0xA490, 0xEE97, 0xEE34,
    0xEE55, 0xEE35, 0xEE55, 0xEE55, 0xEE55, 0xEE55, 0xEE55, 0xEE55, 0xF655, 0xF635, 0xEE35, 0xEE97,
    0xBD32, 0x4A27, 0x4A69, 0x4A6A, 0x4249, 0x5ACA, 0xE73B, 0xFFBD, 0xF79C, 0xF7BC, 0xF7BC, 0xF7BC,
    0xFFBD, 0x842F, 0x4207, 0x4A6A, 0x4A49, 0x4A8A, 0x31E8, 0x10C3, 0x10E4, 0x10E4, 0x10E4, 0x1104,
    0x10E4, 0x1904, 0x08C3, 0x08A2, 0x2124, 0x2145, 0x1904, 0x10A3, 0x0882, 0x10C4, 0x10C4, 0x10E4,
    0x10C4, 0x10E4, 0x10E4, 0x10E4, 0x10E4, 0x10E4, 0x10E4, 0x10E4, 0x10E4, 0x10C4, 0x10C4, 0x10E4,
    0x10C4, 0x10C4, 0x10E4, 0x10E4, 0x10E4, 0x10C4, 0x10C4, 0x18E4, 0x4229, 0x4A6A, 0x4A69, 0x4A6A,
    0x4208, 0xAD74, 0xFFFD, 0xF79C, 0xF79C, 0xF79C, 0xF79C, 0xF79C, 0xF7BC, 0xF79C, 0xF79C, 0xF79C,
    0xF79C, 0xF79C, 0xF79C, 0xF79C, 0xF79C, 0xF79C, 0xF79C, 0xF79C, 0xF79C, 0xF79C, 0xF79C, 0xF79C,
    0xF7BC, 0xF7BC, 0xF7BC, 0xF7BC, 0xF7BC, 0xFFFD, 0xB5B5, 0x4208, 0x4A69, 0x4A49, 0x4229, 0x3186,
    0x2966, 0x4A49, 0x4A49, 0x4A49, 0x4228, 0xBDD6, 0xFFDD, 0xF79C, 0xF79C, 0xF79C, 0xF79C, 0xF79C,
    0xF79C, 0xF7BC, 0xF79C, 0xF79C, 0xF79C, 0xF79C, 0xF79C, 0xF79C, 0xF79C, 0xF79C, 0xF79C, 0xF79C,
    0xF79C, 0xF79C, 0xF79C, 0xF79C, 0xF79C, 0xF7BC, 0xF79C, 0xF79C, 0xF79C, 0xFFDD, 0xAD54, 0x4208,
    0x4A69, 0x4A69, 0x4A6A, 0x4249, 0x10E4, 0x10E4, 0x10E4, 0x10E4, 0x10E4, 0x10C4, 0x10E4, 0x1104,
    0x10E4, 0x10C3, 0x10C3, 0x08C3, 0x10C3, 0x10E4, 0x10E4, 0x10E4, 0x10E4, 0x10E4, 0x10E4, 0x10E4,
    0x10E4, 0x10E4, 0x10E4, 0x10E4, 0x10E4, 0x10E4, 0x10C4, 0x10C4, 0x10C4, 0x10C4, 0x10C4, 0x10C4,
    0x10E4, 0x10E4, 0x10E4, 0x10E4, 0x10C4, 0x31A7, 0x424A, 0x4A49, 0x4A69, 0x4228, 0x83EF, 0xFFBD,
    0xF7BD, 0xFFBC, 0xF7BC, 0xFFDC, 0xFFBC, 0xFFDD, 0x840F, 0x4229, 0x4A6A, 0x4A69, 0x4A07, 0x8BED,
    0xEE76, 0xEE34, 0xEE55, 0xEE55, 0xEE55, 0xEE55, 0xF655, 0xF655, 0xF655, 0xF655, 0xF635, 0xF655,
    0xEE35, 0xEE97, 0xA490, 0x4A07, 0x4A6A, 0x4A6A, 0x4229, 0x6B6D, 0xFFBD, 0xF79C, 0xFFBC, 0xF7BC,
    0xF7BC, 0xF7BC, 0xF79D, 0x840F, 0x4228, 0x4A69, 0x4A49, 0x4A6A, 0x31C7, 0x10A3, 0x10E4, 0x10E4,
    0x10E4, 0x10E4, 0x10E4, 0x10E4, 0x10E4, 0x10E4, 0x10C3, 0x10A3, 0x10C4, 0x10E4, 0x10E4, 0x10E4,
    0x10C4, 0x10C4, 0x10C4, 0x10E4, 0x10E4, 0x10E4, 0x10E4, 0x10E4, 0x10E4, 0x10E4, 0x10E4, 0x10C4,
    0x10C4, 0x10E4, 0x10C4, 0x10C4, 0x10C4, 0x10E4, 0x10E4, 0x10E4, 0x10C3, 0x18E4, 0x4A49, 0x4A6A,
    0x4A69, 0x4A6A, 0x4228, 0xA553, 0xFFFD, 0xF79C, 0xF79C, 0xF79C, 0xF79C, 0xF79C, 0xF79C, 0xF79C,
    0xF79C, 0xF79C, 0xF79C, 0xF79C, 0xF79C, 0xF79C, 0xF79C, 0xF79C, 0xF79C, 0xF79C, 0xF79C, 0xF79C,
    0xF7BC, 0xF7BC, 0xF7BC, 0xF7BC, 0xF7BC, 0xF7BC, 0xF79C, 0xFFFD, 0xBDF6, 0x3A07, 0x4A49, 0x4229,
    0x4229, 0x31A6, 0x2966, 0x4A29, 0x4A49, 0x4A49, 0x4228, 0xBDD6, 0xFFDD, 0xF79C, 0xF79C, 0xF79C,
    0xF79C, 0xF79C, 0xF79C, 0xF7BC, 0xF79C, 0xF79C, 0xF79C, 0xF79C, 0xF79C, 0xF79C, 0xF79C, 0xF79C,
    0xF79C, 0xF79C, 0xF79C, 0xF79C, 0xF79C, 0xF79C, 0xF79C, 0xF79C, 0xF79C, 0xF79C, 0xF79C, 0xFFDD,
    0xB595, 0x4208, 0x4A8A, 0x4A69, 0x4A6A, 0x4249, 0x1904, 0x10E4, 0x10E4, 0x10E4, 0x10E4, 0x10E4,
    0x10C4, 0x10C4, 0x10E4, 0x10E4, 0x10E4, 0x10E5, 0x10E4, 0x10C4, 0x10E4, 0x10E4, 0x10E4, 0x10E4,
    0x10C4, 0x10E4, 0x10E4, 0x10E4, 0x10E4, 0x10E4, 0x10E4, 0x10E4, 0x10C4, 0x10C4, 0x10C4, 0x10C4,
    0x10E4, 0x10C4, 0x10E4, 0x10E4, 0x10E4, 0x10E4, 0x10C3, 0x29C7, 0x426A, 0x4A6A, 0x4A69, 0x4208,
    0x840F, 0xFFBD, 0xF79C, 0xF79C, 0xF7BC, 0xF7BC, 0xF79C, 0xFFFE, 0xAD54, 0x4208, 0x4A6A, 0x4A69,
    0x4A28, 0x732B, 0xE636, 0xEE34, 0xEE55, 0xEE55, 0xEE55, 0xEE55, 0xF655, 0xF655, 0xF655, 0xF655,
    0xEE35, 0xF655, 0xEE35, 0xEE76, 0x83AC, 0x4A27, 0x4A6A, 0x4A6A, 0x4228, 0x9491, 0xFFDD, 0xF79C,
    0xFFBC, 0xF7BC, 0xF7BC, 0xF7BC, 0xF79D, 0x840F, 0x4208, 0x4A69, 0x4249, 0x4A6A, 0x31C7, 0x10C3,
    0x10E4, 0x10E4, 0x10E4, 0x10E4, 0x10E4, 0x10E4, 0x10E4, 0x10E4, 0x10E4, 0x10E4, 0x10C4, 0x10C4,
    0x10E4, 0x10C4, 0x10C4, 0x10E4, 0x10E4, 0x10C4, 0x10E4, 0x10E4, 0x10E4, 0x10E4, 0x10E4, 0x10E4,
    0x10E4, 0x10C4, 0x10C4, 0x10E4, 0x10C4, 0x10C4, 0x10C4, 0x10E4, 0x10E4, 0x10E4, 0x10C3, 0x1904,
    0x4A49, 0x4A6A, 0x4A6A, 0x4A8A, 0x4208, 0xAD54, 0xFFFD, 0xF79C, 0xF79C, 0xF79C, 0xF79C, 0xF79C,
    0xF79C, 0xF79C, 0xF79C, 0xF79C, 0xF79C, 0xF79C, 0xF79C, 0xF79C, 0xF79C, 0xF79C, 0xF79C, 0xF79C,
    0xF79C, 0xF7BC, 0xF7BC, 0xF7BC, 0xF79C, 0xF7BC, 0xF7BC, 0xF7BC, 0xF79C, 0xFFFD, 0xBDD6, 0x39E7,
    0x4A49, 0x4229, 0x4229, 0x31A6, 0x2945, 0x4A29, 0x4A49, 0x4A6A, 0x4A48, 0xBDD6, 0xFFFE, 0xF79C,
    0xF7BC, 0xF7BC, 0xF79C, 0xF79C, 0xF7BC, 0xF7BC, 0xF79C, 0xF79C, 0xF79C, 0xF79C, 0xF79C, 0xF79C,
    0xF79C, 0xF79C, 0xF79C, 0xF79C, 0xF79C, 0xF79C, 0xF79C, 0xF79C, 0xF79C, 0xF79C, 0xFFBC, 0xF79C,
    0xF79C, 0xFFDD, 0xBDD6, 0x4208, 0x528A, 0x4A69, 0x4A6A, 0x4249, 0x1925, 0x10C3, 0x10E4, 0x10E4,
    0x10E4, 0x10C4, 0x10E4, 0x10C4, 0x10E4, 0x10E4, 0x10C4, 0x10E4, 0x10E4, 0x10E4, 0x10C4, 0x10E4,
    0x10E4, 0x10E4, 0x10E4, 0x10E4, 0x10E4, 0x10E4, 0x10E4, 0x10E4, 0x10E4, 0x10E4, 0x10C4, 0x10C4,
    0x10C4, 0x10E4, 0x10E4, 0x10C4, 0x10E4, 0x10E4, 0x10E4, 0x10E4, 0x10C4, 0x31E8, 0x4A6A, 0x4A49,
    0x4A69, 0x4228, 0x8C30, 0xFFBD, 0xFFBD, 0xFFBC, 0xF7BC, 0xFFBC, 0xFFBC, 0xFFFE, 0xCE38, 0x4228,
    0x4A6A, 0x4A69, 0x4A28, 0x62A9, 0xDE16, 0xEE34, 0xEE55, 0xEE55, 0xEE55, 0xEE55, 0xF655, 0xF655,
    0xF655, 0xEE55, 0xF655, 0xF655, 0xEE35, 0xE656, 0x730A, 0x4A28, 0x4A6A, 0x4A6A, 0x3A08, 0xB5B5,
    0xFFDD, 0xF79C, 0xF7BC, 0xF7BC, 0xF7BC, 0xF79C, 0xFFBD, 0x8C50, 0x4208, 0x4A69, 0x4A69, 0x4A6A,
    0x31E8, 0x10C3, 0x10E4, 0x10E4, 0x10E4, 0x08E4, 0x10E4, 0x10E4, 0x10E4, 0x10E4, 0x10E4, 0x10E4,
    0x10E4, 0x10E4, 0x10E4, 0x10C4, 0x10E4, 0x10E4, 0x10C4, 0x10E4, 0x10E4, 0x10E4, 0x10E4, 0x10E4,
    0x10E4, 0x10E4, 0x10E4, 0x10C4, 0x10C4, 0x10E4, 0x10C4, 0x10C4, 0x10C4, 0x10E4, 0x10E4, 0x10E4,
    0x10C4, 0x1904, 0x4A6A, 0x4A6A, 0x4A6A, 0x4A6A, 0x4208, 0xB5D5, 0xFFFE, 0xF79C, 0xF7BC, 0xF7BD,
    0xF79C, 0xF79C, 0xF79C, 0xF79C, 0xF79C, 0xF79C, 0xF79C, 0xF79C, 0xF79C, 0xF79C, 0xF79C, 0xF79C,
    0xF79C, 0xF79C, 0xF79C, 0xF79C, 0xF79C, 0xF79C, 0xF7BC, 0xF7BC, 0xF7BC, 0xF7BC, 0xF7BC, 0xFFFE,
    0xB5B5, 0x4207, 0x4A49, 0x4A49, 0x4229, 0x3186, 0x2124, 0x4A49, 0x4A49, 0x4A6A, 0x4A48, 0xB595,
    0xFFDD, 0xF79C, 0xF79C, 0xF79C, 0xF79C, 0xF79C, 0xF79C, 0xF7BC, 0xF79C, 0xF79C, 0xF79C, 0xF79C,
    0xF79C, 0xF79C, 0xF79C, 0xF79C, 0xF79C, 0xF79C, 0xF79C, 0xF79C, 0xF79C, 0xF79C, 0xF79C, 0xF7BC,
    0xF79C, 0xF79C, 0xF79C, 0xFFDD, 0xCE57, 0x4228, 0x4A69, 0x4A6A, 0x4A4A, 0x4A6A, 0x2145, 0x10C3,
    0x10E4, 0x10E4, 0x10E4, 0x10E4, 0x10E4, 0x10E4, 0x10E4, 0x10E4, 0x10E4, 0x10E4, 0x10E4, 0x10E4,
    0x10E4, 0x10E4, 0x10E4, 0x10E4, 0x10E4, 0x10E4, 0x10E4, 0x10E4, 0x10E4, 0x10E4, 0x10E4, 0x10E4,
    0x10E4, 0x10E4, 0x10E4, 0x10E4, 0x10E4, 0x10E4, 0x10E4, 0x10E4, 0x10E4, 0x10E4, 0x10C3, 0x3A08,
    0x4A6A, 0x4A49, 0x4A69, 0x4208, 0x9491, 0xFFDD, 0xF7BC, 0xF7BC, 0xF7BC, 0xFFBC, 0xF7BC, 0xFFFD,
    0xDED9, 0x52A9, 0x4A69, 0x4A69, 0x4A28, 0x5A69, 0xD5F5, 0xEE55, 0xEE35, 0xEE55, 0xEE55, 0xF655,
    0xEE55, 0xEE55, 0xEE55, 0xEE35, 0xF655, 0xF654, 0xEE55, 0xDE36, 0x6289, 0x4A28, 0x4A69, 0x4A69,
    0x4228, 0xCE78, 0xFFFE, 0xF79C, 0xF7BC, 0xF7BC, 0xF7BC, 0xF79C, 0xFFDD, 0x94B1, 0x4207, 0x4A6A,
    0x4A6A, 0x4A6A, 0x3A09, 0x10C3, 0x10E4, 0x10E4, 0x10E4, 0x10E4, 0x10E4, 0x10E4, 0x10E4, 0x10E4,
    0x10C4, 0x10E4, 0x10E4, 0x10E4, 0x10E4, 0x10E4, 0x10E4, 0x10E4, 0x10E4, 0x10E4, 0x10E4, 0x10E4,
    0x10E4, 0x10E4, 0x10E4, 0x10E4, 0x10E4, 0x10E4, 0x10E4, 0x10E4, 0x10C4, 0x10C4, 0x10C4, 0x10C4,
    0x10C4, 0x10E4, 0x10C3, 0x2145, 0x4A6A, 0x4A49, 0x4A69, 0x4A6A, 0x4248, 0xC657, 0xFFFE, 0xF79C,
    0xF79C, 0xF79C, 0xF79C, 0xF79C, 0xF7BC, 0xF79C, 0xF79C, 0xF79C, 0xF79C, 0xF79C, 0xF79C, 0xF79C,
    0xF79C, 0xF79C, 0xF79C, 0xF79C, 0xF79C, 0xF7BC, 0xF7BC, 0xF7BC, 0xFFBC, 0xF79C, 0xF79C, 0xF79C,
    0xF79C, 0xFFFD, 0xB595, 0x4228, 0x4A69, 0x4A49, 0x4A29, 0x2966, 0x18E3, 0x4A69, 0x4A6A, 0x528A,
    0x4A69, 0xAD34, 0xFFDE, 0xF79C, 0xF79C, 0xF7BC, 0xF79C, 0xF79C, 0xF79C, 0xF7BC, 0xF79C, 0xF79C,
    0xF79C, 0xF79C, 0xF79C, 0xF79C, 0xF79C, 0xF79C, 0xF79C, 0xF79C, 0xF79C, 0xF79C, 0xF79C, 0xF79C,
    0xF79C, 0xF79C, 0xF79C, 0xF7BC, 0xF79C, 0xFFDD, 0xDED9, 0x52AA, 0x4A49, 0x4A6A, 0x4A49, 0x4A8A,
    0x2986, 0x10C3, 0x10E4, 0x10C4, 0x10E5, 0x10E4, 0x10E4, 0x10E4, 0x10E4, 0x10E4, 0x10E4, 0x10E4,
    0x10E4, 0x10E4, 0x10E4, 0x10E4, 0x10E4, 0x10E4, 0x10E4, 0x10E4, 0x10E4, 0x10C4, 0x10C4, 0x10C4,
    0x10C4, 0x10C4, 0x10C4, 0x10E4, 0x10E4, 0x10E4, 0x10E4, 0x10E4, 0x10E4, 0x10E4, 0x10E5, 0x10E4,
    0x18E4, 0x4209, 0x4A6A, 0x4A49, 0x528A, 0x4207, 0x9CF2, 0xFFFE, 0xF79C, 0xFFBC, 0xFFBC, 0xF7BC,
    0xF79C, 0xFFDD, 0xEF5B, 0x632B, 0x4A49, 0x4A69, 0x4A28, 0x5249, 0xC554, 0xF696, 0xEE55, 0xEE35,
    0xF655, 0xEE34, 0xF654, 0xF634, 0xF635, 0xF655, 0xF655, 0xEE55, 0xF696, 0xCDB4, 0x5A68, 0x4A28,
    0x4A6A, 0x4249, 0x5ACA, 0xE6FA, 0xFFDD, 0xF79C, 0xF7BC, 0xF7BC, 0xF7BC, 0xF79C, 0xFFFE, 0xA533,
    0x39E7, 0x4A8A, 0x4A6A, 0x4A6A, 0x4229, 0x1904, 0x10E4, 0x10E4, 0x10E4, 0x10E4, 0x10E4, 0x10E4,
    0x10E4, 0x10E4, 0x10E4, 0x10C4, 0x10C4, 0x10C4, 0x10C4, 0x10E4, 0x10E4, 0x10E4, 0x10E4, 0x10E4,
    0x10E4, 0x10E4, 0x10E4, 0x10E4, 0x10E4, 0x10C4, 0x10C4, 0x10C4, 0x10C4, 0x10C4, 0x10C4, 0x10C4,
    0x10C4, 0x10C4, 0x10C4, 0x10E4, 0x08A3, 0x31A7, 0x4A6A, 0x4A6A, 0x4A6A, 0x4A6A, 0x528A, 0xDEFA,
    0xFFDD, 0xF79C, 0xF79C, 0xF79C, 0xF79C, 0xF79C, 0xF7BC, 0xF79C, 0xF79C, 0xF79C, 0xF79C, 0xF79C,
    0xF79C, 0xF79C, 0xF79C, 0xF79C, 0xF7BC, 0xF79C, 0xF79C, 0xF7BC, 0xF7BC, 0xF7BC, 0xF7BC, 0xF79C,
    0xF79C, 0xF79C, 0xF79C, 0xFFFD, 0xAD54, 0x4A48, 0x528A, 0x4A4A, 0x4A49, 0x2125, 0x18E3, 0x528A,
    0x4A6A, 0x526A, 0x4A48, 0x94B1, 0xFFFE, 0xF79C, 0xF7BC, 0xF7BC, 0xF7BC, 0xF7BC, 0xF79C, 0xF7BC,
    0xF79C, 0xF79C, 0xF79C, 0xF79C, 0xF79C, 0xF79C, 0xF79C, 0xF79C, 0xF79C, 0xF79C, 0xF79C, 0xF79C,
    0xF79C, 0xF79C, 0xF79C, 0xF79C, 0xF79C, 0xF7BC, 0xF79C, 0xF7BC, 0xF7BC, 0x738D, 0x4228, 0x4A69,
    0x4A6A, 0x4A6A, 0x3A08, 0x10C3, 0x10E3, 0x10E4, 0x10E4, 0x10E4, 0x10E4, 0x10E4, 0x10C4, 0x10C4,
    0x10E4, 0x10E4, 0x10E4, 0x10E4, 0x10E4, 0x10E4, 0x10E4, 0x10E4, 0x10E4, 0x10E4, 0x10E4, 0x10C4,
    0x10C4, 0x10C4, 0x10C4, 0x10C4, 0x10C4, 0x10C4, 0x10E4, 0x10E4, 0x10E4, 0x10E4, 0x10E4, 0x10E4,
    0x10E4, 0x10C4, 0x2145, 0x4A6A, 0x4A6A, 0x4A6A, 0x4A69, 0x4228, 0xBDD5, 0xFFFE, 0xF79C, 0xF7BC,
    0xFFBC, 0xFFBC, 0xF79C, 0xFF9C, 0xF79C, 0x73AE, 0x4228, 0x4A6A, 0x526A, 0x4A28, 0x838D, 0xE656,
    0xEE76, 0xEE35, 0xEE55, 0xEE34, 0xF634, 0xF654, 0xF655, 0xEE34, 0xEE55, 0xEE76, 0xEEB8, 0x940E,
    0x4A28, 0x4A69, 0x4A6A, 0x4228, 0x6B4D, 0xEF5C, 0xFFBC, 0xF79C, 0xF79C, 0xF7BC, 0xF7BC, 0xF79C,
    0xFFFE, 0xBDD6, 0x4228, 0x4A89, 0x4A6A, 0x4A6A, 0x4A8A, 0x2146, 0x10C3, 0x10E4, 0x10E4, 0x10E4,
    0x10E4, 0x10E4, 0x10E4, 0x10E4, 0x10C4, 0x10C4, 0x10C4, 0x10C4, 0x10C4, 0x10E4, 0x10E4, 0x10E4,
    0x10E4, 0x10E4, 0x10E4, 0x10E4, 0x10E4, 0x10E4, 0x10E4, 0x10C4, 0x10C4, 0x10C4, 0x10C4, 0x10C4,
    0x10E4, 0x10E4, 0x10C4, 0x10E4, 0x10C4, 0x10E4, 0x10E4, 0x4229, 0x4A6A, 0x4A69, 0x4A6A, 0x4228,
    0x738D, 0xEF7C, 0xF7BC, 0xF79C, 0xF79C, 0xF79C, 0xF79C, 0xF79C, 0xF79C, 0xF79C, 0xF79C, 0xF79C,
    0xF79C, 0xF79C, 0xF79C, 0xF79C, 0xF79C, 0xF79C, 0xF79C, 0xF79C, 0xF79C, 0xF7BC, 0xF7BC, 0xF7BC,
    0xF7BC, 0xF7BC, 0xF7BC, 0xF7BC, 0xF79C, 0xFFFE, 0x9CD2, 0x4A49, 0x526A, 0x4A6A, 0x4A4A, 0x18E3,
    0x18E3, 0x52AB, 0x4A6A, 0x526A, 0x4A49, 0x840F, 0xFFFE, 0xF79C, 0xF79C, 0xF7BC, 0xF7BC, 0xF7BC,
    0xF79C, 0xF7BC, 0xF79C, 0xF79C, 0xF79C, 0xF79C, 0xF79C, 0xF79C, 0xF79C, 0xF79C, 0xF79C, 0xF79C,
    0xF79C, 0xF79C, 0xF79C, 0xF79C, 0xF79C, 0xF79C, 0xF79C, 0xF79C, 0xF79C, 0xF79C, 0xFFFE, 0x9CF2,
    0x4207, 0x4A6A, 0x4A4A, 0x4A6A, 0x4A6A, 0x2125, 0x10C3, 0x10E4, 0x10E4, 0x10E4, 0x10E4, 0x10E4,
    0x10C4, 0x10C4, 0x10C4, 0x10C4, 0x10C4, 0x10C4, 0x10C4, 0x10C4, 0x10C4, 0x10C4, 0x10C4, 0x10C4,
    0x10C4, 0x10C4, 0x10C4, 0x10C4, 0x10C4, 0x10C4, 0x10C4, 0x10C4, 0x10E4, 0x10E4, 0x10E4, 0x10E4,
    0x10E4, 0x10E4, 0x10E4, 0x10C4, 0x31C7, 0x4A8A, 0x4A49, 0x528A, 0x4A48, 0x5AEA, 0xDEDA, 0xFFDD,
    0xF79C, 0xF7BC, 0xF7BC, 0xFFBC, 0xFFBC, 0xF79C, 0xFFDD, 0x842F, 0x4208, 0x4A8A, 0x4A49, 0x4A49,
    0x5228, 0x7B4B, 0xDE16, 0xEE97, 0xEE55, 0xF655, 0xEE34, 0xEE34, 0xEE35, 0xEE55, 0xEE76, 0xDE57,
    0x8BEE, 0x5248, 0x4A49, 0x4A6A, 0x4A6A, 0x4208, 0x7BEF, 0xF7BD, 0xFF9C, 0xF79C, 0xF79C, 0xF79C,
    0xF7BC, 0xF79C, 0xFFDD, 0xDEFA, 0x5AEB, 0x4248, 0x4A8A, 0x4A6A, 0x4A8A, 0x39E8, 0x10E4, 0x10E4,
    0x10C4, 0x10E4, 0x10E4, 0x10E4, 0x10E4, 0x10E4, 0x10C4, 0x10C4, 0x10C4, 0x10C4, 0x10C4, 0x10E4,
    0x10E4, 0x10E4, 0x10E4, 0x10E4, 0x10C4, 0x10C4, 0x10C4, 0x10C4, 0x10C4, 0x10C4, 0x10C4, 0x10C4,
    0x10C4, 0x10C4, 0x10E4, 0x10E4, 0x10E4, 0x10E4, 0x10E4, 0x10C3, 0x2125, 0x4A6A, 0x4A6A, 0x4A69,
    0x528A, 0x4208, 0x94D2, 0xFFFE, 0xF79C, 0xF7BC, 0xF79C, 0xF79C, 0xF79C, 0xF79C, 0xF79C, 0xF79C,
    0xF79C, 0xF79C, 0xF79C, 0xF79C, 0xF79C, 0xF79C, 0xF79C, 0xF79C, 0xF79C, 0xF7BC, 0xF7BC, 0xF7BC,
    0xF7BC, 0xF7BC, 0xF79C, 0xF79C, 0xF79C, 0xF79C, 0xF79C, 0xFFFE, 0x8430, 0x4A48, 0x528A, 0x526A,
    0x528A, 0x18C3, 0x2103, 0x5ACB, 0x4A6A, 0x526A, 0x4A49, 0x6B6D, 0xF7BD, 0xF77C, 0xF79C, 0xF7BC,
    0xF7BC, 0xF7BC, 0xF7BC, 0xF7BC, 0xF79C, 0xF79C, 0xF79C, 0xF79C, 0xF79C, 0xF79C, 0xF79C, 0xF79C,
    0xF79C, 0xF79C, 0xF79C, 0xF79C, 0xF79C, 0xF79C, 0xF79C, 0xF7BC, 0xF79C, 0xF79C, 0xFFBC, 0xF79C,
    0xFFDD, 0xCE78, 0x4A69, 0x4A69, 0x4A6A, 0x4A6A, 0x4A8A, 0x31C7, 0x10C3, 0x10E4, 0x10E4, 0x10E4,
    0x10E4, 0x10C4, 0x10C4, 0x10C4, 0x10C4, 0x10C4, 0x10C4, 0x10C4, 0x10C4, 0x10C4, 0x10C4, 0x10C4,
    0x10C4, 0x10C4, 0x10C4, 0x10C4, 0x10C4, 0x10C4, 0x10C4, 0x10C4, 0x10C4, 0x10C4, 0x10E4, 0x10E4,
    0x10E4, 0x10E4, 0x10E4, 0x10E4, 0x10E4, 0x1904, 0x4249, 0x4A6A, 0x4A6A, 0x4A69, 0x4248, 0x7BCE,
    0xFFDD, 0xF7BC, 0xF7BC, 0xF7BC, 0xFF9C, 0xF79B, 0xFF9C, 0xF79C, 0xFFFE, 0x9491, 0x3A07, 0x4A8A,
    0x4A6A, 0x4A6A, 0x5269, 0x5228, 0x6AEA, 0xB4F2, 0xE636, 0xEE76, 0xEE76, 0xF697, 0xEE76, 0xEE77,
    0xBD53, 0x732B, 0x4A27, 0x4A49, 0x4A6A, 0x4A6A, 0x4A8A, 0x3A08, 0x8C50, 0xFFFE, 0xF79C, 0xF79C,
    0xF79C, 0xF79C, 0xF7BC, 0xF7BC, 0xF79C, 0xFFDE, 0x840F, 0x4A28, 0x4A8A, 0x4A8A, 0x4A6A, 0x4A6A,
    0x1905, 0x10C4, 0x10E4, 0x10E4, 0x10E4, 0x10E4, 0x10E4, 0x10E4, 0x10E4, 0x10E4, 0x10C4, 0x10C4,
    0x10C4, 0x10E4, 0x10E4, 0x10E4, 0x10E4, 0x10E4, 0x10C4, 0x10C4, 0x10C4, 0x10C4, 0x10C4, 0x10E4,
    0x10E4, 0x10E4, 0x10E4, 0x10E4, 0x10E4, 0x10E4, 0x10E4, 0x10E4, 0x10C4, 0x10C3, 0x31C7, 0x4A8A,
    0x4A6A, 0x4A69, 0x4A69, 0x4A69, 0xCE78, 0xFFFE, 0xF79C, 0xF79C, 0xF79C, 0xF79C, 0xF79C, 0xF79C,
    0xF79C, 0xF79C, 0xF79C, 0xF79C, 0xF79C, 0xF79C, 0xF79C, 0xF79C, 0xF79C, 0xF79C, 0xF79C, 0xF7BC,
    0xF7BC, 0xF7BC, 0xF7BC, 0xF7BC, 0xF7BC, 0xF7BC, 0xFFBC, 0xF7BC, 0xF79C, 0xFFBD, 0x738D, 0x4A48,
    0x528A, 0x4A6A, 0x528A, 0x18C3, 0x18C3, 0x52AA, 0x528A, 0x4A6A, 0x4A49, 0x5AEB, 0xE73B, 0xF79C,
    0xF79C, 0xF7BC, 0xF79C, 0xF7BC, 0xF7BC, 0xF7BC, 0xF79C, 0xF79C, 0xF79C, 0xF79C, 0xF79C, 0xF7BC,
    0xF7BC, 0xF79C, 0xF79C, 0xF79C, 0xF79C, 0xF79C, 0xF79C, 0xF79C, 0xF79C, 0xF79C, 0xF79C, 0xF79C,
    0xF79C, 0xF79C, 0xF79C, 0xF79D, 0x6B6C, 0x4A28, 0x526A, 0x4A6A, 0x4A69, 0x4249, 0x1904, 0x10C3,
    0x10E4, 0x10E4, 0x10E4, 0x10E4, 0x10E4, 0x10E4, 0x10E4, 0x10E4, 0x10E4, 0x10E4, 0x10E4, 0x10C4,
    0x10C4, 0x10C4, 0x10C4, 0x10C4, 0x10C4, 0x10C4, 0x10C4, 0x10C4, 0x10E4, 0x10E4, 0x10C4, 0x10C4,
    0x10E4, 0x10E4, 0x10E4, 0x10E4, 0x10E4, 0x10E4, 0x10C3, 0x31C7, 0x4A6A, 0x4A69, 0x4A69, 0x4A69,
    0x4228, 0xAD94, 0xFFFE, 0xF79C, 0xF79C, 0xF7BC, 0xF79C, 0xF79C, 0xFFBC, 0xF79B, 0xFFFE, 0x9CD2,
    0x4228, 0x4A8A, 0x4A8A, 0x4A6A, 0x4A6A, 0x4A6A, 0x4A49, 0x5248, 0x6AEA, 0x93EE, 0xA490, 0xACB1,
    0x9C4F, 0x732B, 0x5248, 0x4A28, 0x5249, 0x4A49, 0x4A6A, 0x4A6A, 0x4A6A, 0x4208, 0x9491, 0xFFFE,
    0xF79B, 0xF79C, 0xF79C, 0xF79C, 0xF7BC, 0xF7BC, 0xF79C, 0xFFFE, 0xBDD6, 0x4A48, 0x4A89, 0x4A6A,
    0x4A6A, 0x4A8A, 0x31A7, 0x10A3, 0x10E4, 0x10E4, 0x10E4, 0x10E4, 0x10C4, 0x10E4, 0x10E4, 0x10C4,
    0x10C4, 0x10C4, 0x10C4, 0x10E4, 0x10E4, 0x10E4, 0x10E4, 0x10E4, 0x10C4, 0x10C4, 0x10C4, 0x10C4,
    0x10C4, 0x10E4, 0x10E4, 0x10E4, 0x10E4, 0x10E4, 0x10E4, 0x10E4, 0x10E4, 0x10E4, 0x10C3, 0x2125,
    0x4269, 0x4A6A, 0x4A69, 0x4A69, 0x4A48, 0x6B4C, 0xF79D, 0xF7BC, 0xF79C, 0xF79C, 0xF79C, 0xF79C,
    0xF79C, 0xF79C, 0xF7BC, 0xF79C, 0xF79C, 0xF79C, 0xF79C, 0xF79C, 0xF79C, 0xF79C, 0xF79C, 0xF79C,
    0xF79C, 0xF79C, 0xF7BC, 0xF7BC, 0xF7BC, 0xF7BC, 0xFFBC, 0xF79C, 0xF79C, 0xF79C, 0xF79C, 0xEF5B,
    0x630B, 0x4228, 0x4A6A, 0x4A6A, 0x52AA, 0x18C3, 0x0020, 0x4A49, 0x528A, 0x4A4A, 0x4229, 0x528A,
    0xCE78, 0xFFDD, 0xF79C, 0xF79C, 0xF7BC, 0xF7BC, 0xF7BC, 0xF79C, 0xF79C, 0xF79C, 0xF79C, 0xF79C,
    0xF79C, 0xF79C, 0xF79C, 0xF79C, 0xF79C, 0xF79C, 0xF79C, 0xF79C, 0xF79C, 0xF79C, 0xF79C, 0xF79C,
    0xF79C, 0xF79C, 0xF79C, 0xF79C, 0xF79C, 0xFFDD, 0xB574, 0x4A48, 0x5269, 0x4A69, 0x528A, 0x4A6A,
    0x31C7, 0x10C3, 0x10E4, 0x10E4, 0x10E4, 0x10E4, 0x10E4, 0x10E4, 0x10E4, 0x10E4, 0x10E4, 0x10C4,
    0x10C4, 0x10C4, 0x10C4, 0x10C4, 0x10C4, 0x10C4, 0x10C4, 0x10C4, 0x10C4, 0x10E4, 0x10E4, 0x10E4,
    0x10C4, 0x10C4, 0x10E4, 0x10E4, 0x10E4, 0x10E4, 0x10E4, 0x10C3, 0x1925, 0x4A6A, 0x4A8A, 0x4A6A,
    0x4A69, 0x4A68, 0x52AA, 0xE73B, 0xFFBD, 0xF79C, 0xF79C, 0xF7BC, 0xF79C, 0xF79C, 0xF79C, 0xF79C,
    0xFFFE, 0xA513, 0x4228, 0x4A8A, 0x4A6A, 0x4A6A, 0x4A6A, 0x4A8A, 0x4A8A, 0x5289, 0x5249, 0x4A28,
    0x4A07, 0x4A27, 0x4A28, 0x4A28, 0x5249, 0x5269, 0x5269, 0x4A6A, 0x4A4A, 0x4A6A, 0x4A6A, 0x4208,
    0x94B1, 0xFFFE, 0xF79C, 0xF79C, 0xF79C, 0xF79C, 0xF7BC, 0xF7BC, 0xF79C, 0xFFBC, 0xEF7C, 0x632B,
    0x4A49, 0x4A6A, 0x4A49, 0x4A6A, 0x4249, 0x2125, 0x10C3, 0x10E4, 0x10E4, 0x10E4, 0x10E4, 0x10E4,
    0x10E4, 0x10E4, 0x10E4, 0x10E4, 0x10E4, 0x10E4, 0x10E4, 0x10E4, 0x10E4, 0x10E4, 0x10C4, 0x10C4,
    0x10C4, 0x10C4, 0x10C4, 0x10E4, 0x10E4, 0x10E4, 0x10E4, 0x10E4, 0x10E4, 0x10E4, 0x10E4, 0x10E4,
    0x10C3, 0x31C7, 0x4A8A, 0x4A69, 0x4A69, 0x528A, 0x4228, 0xAD54, 0xFFFE, 0xF77C, 0xF7BC, 0xF79C,
    0xF79C, 0xF79C, 0xF79C, 0xF79C, 0xF79C, 0xF79C, 0xF79C, 0xF79C, 0xF79C, 0xF79C, 0xF79C, 0xF79C,
    0xF79C, 0xF79C, 0xF79C, 0xF7BC, 0xF7BC, 0xF7BC, 0xF7BC, 0xF7BC, 0xFFBC, 0xF79C, 0xF7BC, 0xF77C,
    0xFFDD, 0xD6B9, 0x52AA, 0x4A49, 0x4A6A, 0x4A6A, 0x4A69, 0x0861, 0x0000, 0x39C7, 0x528A, 0x4A49,
    0x4A49, 0x4208, 0xBDB5, 0xFFFE, 0xF77B, 0xF79C, 0xF7BC, 0xF7BC, 0xF7BC, 0xF79C, 0xF79C, 0xF79C,
    0xF79C, 0xF79C, 0xF79C, 0xF79C, 0xF79C, 0xF79C, 0xF79C, 0xF79C, 0xF79C, 0xF79C, 0xF79C, 0xF79C,
    0xF79C, 0xF79C, 0xF79C, 0xF79C, 0xF79C, 0xF7BC, 0xF79C, 0xFFDD, 0xEF5B, 0x6B4C, 0x4A28, 0x528A,
    0x4A49, 0x4A69, 0x4269, 0x18E4, 0x10C3, 0x10E4, 0x10E4, 0x10E4, 0x10E4, 0x10E4, 0x10E4, 0x10E4,
    0x10E4, 0x10C4, 0x10C4, 0x10C4, 0x10C4, 0x10C4, 0x10C4, 0x10C4, 0x10C4, 0x10C4, 0x10C4, 0x10E4,
    0x10E4, 0x10E4, 0x10C4, 0x10E4, 0x10E4, 0x10E4, 0x10E4, 0x10E4, 0x10C4, 0x10C3, 0x4228, 0x4A6A,
    0x4A6A, 0x4A69, 0x5289, 0x4227, 0x9CD2, 0xFFDD, 0xF79C, 0xF79C, 0xF7BC, 0xF79C, 0xF79C, 0xF79C,
    0xF79C, 0xF79B, 0xFFFE, 0xA513, 0x4207, 0x4A8A, 0x4A6A, 0x528A, 0x4A6A, 0x4A8A, 0x4A6A, 0x4A6A,
    0x528A, 0x528A, 0x528A, 0x528A, 0x528A, 0x4A6A, 0x4A6A, 0x4A49, 0x4A69, 0x4A49, 0x4A6A, 0x4A6A,
    0x4A69, 0x4207, 0x94B1, 0xFFFE, 0xF79C, 0xF79C, 0xF79C, 0xF79C, 0xF79C, 0xF79B, 0xF7BC, 0xF79C,
    0xFFFE, 0xA533, 0x4228, 0x4A69, 0x4A6A, 0x4A49, 0x4A6A, 0x39E8, 0x10E4, 0x10E4, 0x10E4, 0x10C4,
    0x10E4, 0x10E4, 0x10E4, 0x10E4, 0x10E4, 0x10E4, 0x10E4, 0x10E4, 0x10E4, 0x10E4, 0x10E4, 0x10E4,
    0x10C4, 0x10C4, 0x10C4, 0x10C4, 0x10C4, 0x10E4, 0x10E4, 0x10E4, 0x10E4, 0x10E4, 0x10E4, 0x10E4,
    0x10E4, 0x10C4, 0x1904, 0x4249, 0x4A69, 0x4A8A, 0x4A69, 0x4A49, 0x5AEB, 0xE71B, 0xF7BD, 0xF7BC,
    0xF79B, 0xFFBC, 0xF79C, 0xF79C, 0xF79C, 0xF79C, 0xF79C, 0xF79C, 0xF79C, 0xF79C, 0xF79C, 0xF79C,
    0xF79C, 0xF79C, 0xF79C, 0xF79C, 0xF79C, 0xF79C, 0xF79C, 0xF79C, 0xF79C, 0xF79C, 0xF79C, 0xF7BC,
    0xFFBC, 0xF77B, 0xFFFD, 0xBDD6, 0x4208, 0x4A49, 0x4A49, 0x526A, 0x39E7, 0x0000, 0x0000, 0x3186,
    0x4A6A, 0x4A29, 0x4A4A, 0x39C7, 0x9CF2, 0xFFFD, 0xF79C, 0xF79C, 0xF7BC, 0xF7BC, 0xF7BC, 0xF79C,
    0xF79C, 0xF79C, 0xF79C, 0xF79C, 0xF79C, 0xF79C, 0xF79C, 0xF79C, 0xF79C, 0xF79C, 0xF79C, 0xF79C,
    0xF79C, 0xF79C, 0xF79C, 0xF79C, 0xF79C, 0xF79C, 0xF79C, 0xF79C, 0xFFBC, 0xF79B, 0xFFFE, 0xB575,
    0x4A28, 0x526A, 0x4A6A, 0x4A6A, 0x4A69, 0x39E8, 0x10C3, 0x10E4, 0x10E4, 0x10E4, 0x10E4, 0x10E4,
    0x10E4, 0x10E4, 0x10E4, 0x10C4, 0x10C4, 0x10C4, 0x10C4, 0x10C4, 0x10C4, 0x10C4, 0x10C4, 0x10E4,
    0x10E4, 0x10E4, 0x10E4, 0x10E4, 0x10E4, 0x10E4, 0x10E4, 0x10E4, 0x10E4, 0x10E4, 0x10C3, 0x31C7,
    0x4A8A, 0x4A69, 0x4A6A, 0x4A69, 0x4A69, 0x5AEB, 0xE71A, 0xFFDD, 0xF79C, 0xF79C, 0xF7BC, 0xF79C,
    0xF7BC, 0xF79C, 0xF79C, 0xF79C, 0xFFFE, 0x9CF2, 0x4227, 0x4A8A, 0x4A69, 0x4A6A, 0x4A49, 0x4A28,
    0x5269, 0x528A, 0x4A6A, 0x4A6A, 0x4A6A, 0x4A6A, 0x4A6A, 0x4A6A, 0x4A6A, 0x5269, 0x4A28, 0x4A28,
    0x4A69, 0x4A49, 0x5269, 0x4207, 0x8C70, 0xFFFE, 0xF79C, 0xF7BC, 0xF7BC, 0xF79C, 0xF79C, 0xF79C,
    0xF79C, 0xF79C, 0xFFDD, 0xE71B, 0x5AEB, 0x4A28, 0x4A69, 0x4A49, 0x4A6A, 0x4A6A, 0x29A7, 0x10C4,
    0x10E4, 0x10E4, 0x10E4, 0x10E4, 0x10E4, 0x10E4, 0x10E4, 0x10E4, 0x10E4, 0x10E4, 0x10E4, 0x10E4,
    0x10E4, 0x10E4, 0x10C4, 0x10C4, 0x10C4, 0x10C4, 0x10C4, 0x10E4, 0x10E4, 0x10E4, 0x10E4, 0x10E4,
    0x10E4, 0x10E4, 0x10E4, 0x10C3, 0x3A28, 0x4A8A, 0x4A89, 0x4A69, 0x5289, 0x4228, 0xA534, 0xFFFE,
    0xF77C, 0xF7BC, 0xF7BC, 0xF79C, 0xF79C, 0xF79C, 0xF79C, 0xF79C, 0xF79C, 0xF79C, 0xF79C, 0xF79C,
    0xF79C, 0xF79C, 0xF79C, 0xF79C, 0xF79C, 0xF79C, 0xF79C, 0xF79C, 0xF79C, 0xF79C, 0xF79C, 0xF79C,
    0xF79C, 0xFFBC, 0xF79C, 0xF79C, 0xFFFD, 0xA4F2, 0x39C6, 0x4A69, 0x4A29, 0x4A6A, 0x3186, 0x0000,
    0x0000, 0x2124, 0x4A49, 0x4229, 0x4A49, 0x39E7, 0x7BEE, 0xF79C, 0xF7BC, 0xF79C, 0xF7BC, 0xF7BC,
    0xF7BC, 0xF79C, 0xF79C, 0xF79C, 0xF79C, 0xF79C, 0xF79C, 0xF79C, 0xF79C, 0xF79C, 0xF79C, 0xF79C,
    0xF79C, 0xF79C, 0xF79C, 0xF79C, 0xF79C, 0xF79C, 0xF79C, 0xF79C, 0xF79C, 0xF79C, 0xF7BC, 0xF7BC,
    0xF79C, 0xF79D, 0x738E, 0x4A29, 0x528A, 0x4A69, 0x4A69, 0x4A6A, 0x31C8, 0x10C4, 0x10E4, 0x10E4,
    0x10E4, 0x10E4, 0x10E4, 0x10E4, 0x10E4, 0x10E4, 0x10C4, 0x10C4, 0x10C4, 0x10C4, 0x10C4, 0x10C4,
    0x10C4, 0x10E4, 0x10E4, 0x10E4, 0x10E4, 0x10E4, 0x10E4, 0x10E4, 0x10E4, 0x10E4, 0x10E4, 0x08A4,
    0x2987, 0x4A8A, 0x4A6A, 0x4A69, 0x4A8A, 0x528A, 0x4228, 0xAD74, 0xFFFE, 0xF79C, 0xF79C, 0xF7BC,
    0xF79C, 0xFFBC, 0xF79C, 0xF79C, 0xF7BC, 0xF79C, 0xFFFE, 0x94B1, 0x4228, 0x528A, 0x4A69, 0x4A49,
    0x7B6D, 0x8BEE, 0x5A68, 0x4A28, 0x4A49, 0x4A49, 0x4A49, 0x4A49, 0x4A49, 0x4A49, 0x4A49, 0x5248,
    0x83CE, 0x7BCE, 0x4A28, 0x5269, 0x5289, 0x4207, 0x8C50, 0xFFFE, 0xF7BC, 0xF79C, 0xF7BC, 0xF79C,
    0xF79C, 0xF79C, 0xF79C, 0xF79C, 0xF79C, 0xFFFE, 0xB595, 0x4A28, 0x4A69, 0x4A6A, 0x4A49, 0x4A8A,
    0x4A6A, 0x2987, 0x10A3, 0x10E4, 0x10C4, 0x10E4, 0x10C4, 0x10E4, 0x10E4, 0x10E4, 0x10E4, 0x10E4,
    0x10E4, 0x10E4, 0x10E4, 0x10E4, 0x10C4, 0x10C4, 0x10C4, 0x10C4, 0x10C4, 0x10E4, 0x10E4, 0x10E4,
    0x10E4, 0x10E4, 0x10E4, 0x10E4, 0x10C3, 0x31E8, 0x4A8A, 0x4A8A, 0x4A69, 0x5289, 0x4A48, 0x6B4C,
    0xEF5C, 0xF7BD, 0xF7BC, 0xF79C, 0xF7BC, 0xF79C, 0xF79C, 0xF79C, 0xF79C, 0xF79C, 0xF79C, 0xF79C,
    0xF79C, 0xF79C, 0xF79C, 0xF79C, 0xF79C, 0xF79C, 0xF79C, 0xF79C, 0xF79C, 0xF79C, 0xF79C, 0xF79C,
    0xF79C, 0xF79C, 0xF7BC, 0xF79C, 0xF79C, 0xF7BC, 0xF79C, 0x7BEE, 0x39E7, 0x4A69, 0x4A29, 0x4A6A,
    0x2945, 0x0000, 0x0000, 0x0861, 0x4248, 0x4A49, 0x4A49, 0x4228, 0x5ACA, 0xEF3B, 0xFFBC, 0xF79C,
    0xF79C, 0xF79C, 0xF79C, 0xF79C, 0xF7BC, 0xF79C, 0xF79C, 0xF79C, 0xF79C, 0xF79C, 0xF79C, 0xF79C,
    0xF79C, 0xF79C, 0xF79C, 0xF79C, 0xF79C, 0xF79C, 0xF79C, 0xF79C, 0xF79C, 0xF79C, 0xF79C, 0xF79C,
    0xF79C, 0xF7BC, 0xF79C, 0xFFDD, 0xD699, 0x528A, 0x4A49, 0x528A, 0x4A6A, 0x4A6A, 0x528A, 0x39C8,
    0x10C4, 0x10C3, 0x10E4, 0x10E4, 0x10E4, 0x10E4, 0x10C4, 0x10E4, 0x10E4, 0x10C4, 0x10C4, 0x10C4,
    0x10C4, 0x10C4, 0x10C4, 0x10C4, 0x10C4, 0x10C4, 0x10C4, 0x10E4, 0x10C4, 0x10E4, 0x10E4, 0x10E4,
    0x10C3, 0x2986, 0x4A6A, 0x4A8A, 0x4A69, 0x4A69, 0x5289, 0x4228, 0x7BEF, 0xF7BD, 0xF7BC, 0xF7BC,
    0xF79C, 0xFF9C, 0xF79C, 0xFF9C, 0xF79C, 0xF7BC, 0xF79C, 0xF77C, 0xFFFE, 0x8C71, 0x4208, 0x4A8A,
    0x528A, 0x4A28, 0xA490, 0xF6D8, 0xCD94, 0xA44F, 0x7B4B, 0x72EA, 0x6AC9, 0x6AC9, 0x6AC9, 0x730A,
    0x9BEE, 0xC532, 0xF6D9, 0xACF2, 0x4A28, 0x4A69, 0x4A69, 0x4208, 0x840F, 0xFFDD, 0xF7BC, 0xF79C,
    0xF7BC, 0xF79C, 0xF79C, 0xF79C, 0xF79C, 0xF79C, 0xFFBC, 0xF79C, 0xFFBD, 0x83EF, 0x4208, 0x526A,
    0x4A49, 0x4A6A, 0x4A6A, 0x4A6A, 0x2966, 0x10C3, 0x10E3, 0x10E4, 0x10C4, 0x10C4, 0x10E4, 0x10E4,
    0x10E4, 0x10E4, 0x10E4, 0x10E4, 0x10E4, 0x10E4, 0x10C4, 0x10C4, 0x10C4, 0x10C4, 0x10C4, 0x10E4,
    0x10C4, 0x10E4, 0x10E4, 0x10C4, 0x10C4, 0x18E4, 0x31C8, 0x4A8A, 0x4A6A, 0x4A69, 0x5289, 0x5269,
    0x4A48, 0xC617, 0xFFDD, 0xF79C, 0xF79C, 0xF79C, 0xF79C, 0xF79C, 0xF79C, 0xF79C, 0xF79C, 0xF79C,
    0xF79C, 0xF79C, 0xF79C, 0xF79C, 0xF79C, 0xF79C, 0xF79C, 0xF79C, 0xF79C, 0xF79C, 0xF79C, 0xF79C,
    0xF79C, 0xF79C, 0xFF9C, 0xFF9C, 0xFF9C, 0xF79C, 0xF7BC, 0xF7BC, 0xE73B, 0x5AAA, 0x4229, 0x4A49,
    0x4A49, 0x4228, 0x10A2, 0x0000, 0x0000, 0x0020, 0x4228, 0x4A49, 0x4A49, 0x4A49, 0x4207, 0xCE37,
    0xFFBC, 0xF79C, 0xF79C, 0xF79C, 0xF79C, 0xF7BC, 0xF79C, 0xF79C, 0xF79C, 0xF79C, 0xF79C, 0xF79C,
    0xF79C, 0xF79C, 0xF79C, 0xF79C, 0xF79C, 0xF79C, 0xF79C, 0xF79C, 0xF79C, 0xF79C, 0xF79C, 0xF79C,
    0xF79C, 0xF79C, 0xF7BC, 0xF7BC, 0xF79C, 0xF79C, 0xFFDE, 0xB595, 0x4A28, 0x528A, 0x4A6A, 0x4A6A,
    0x4A4A, 0x528B, 0x4229, 0x1905, 0x10C3, 0x10E4, 0x10E4, 0x10E4, 0x10E4, 0x10C4, 0x10E4, 0x10E4,
    0x10C4, 0x10C4, 0x10C4, 0x10C4, 0x10C4, 0x10C4, 0x10E4, 0x10E4, 0x10E4, 0x10E4, 0x10E4, 0x10E4,
    0x10C3, 0x10E4, 0x31A7, 0x4A6A, 0x4A6A, 0x526A, 0x4A6A, 0x4A6A, 0x4A48, 0x630B, 0xE71B, 0xFFBD,
    0xF79C, 0xF7BC, 0xF79C, 0xFF9C, 0xFF9C, 0xF79C, 0xF79C, 0xF7BC, 0xFFBC, 0xF79C, 0xFFDD, 0x840F,
    0x3A08, 0x4A8A, 0x526A, 0x4A28, 0xA470, 0xF697, 0xEE76, 0xF697, 0xEE77, 0xE636, 0xDE15, 0xD5D4,
    0xE615, 0xEE56, 0xF656, 0xF655, 0xF6B7, 0xA4B1, 0x4A28, 0x4A69, 0x4A6A, 0x4228, 0x73AE, 0xF79C,
    0xF7BC, 0xF79C, 0xF7BC, 0xF79C, 0xF79C, 0xF79C, 0xF79C, 0xF79C, 0xF7BC, 0xF77C, 0xFFDD, 0xE71B,
    0x630B, 0x4228, 0x4A69, 0x4A6A, 0x4A49, 0x4A6A, 0x4A6A, 0x31A7, 0x10C3, 0x10C3, 0x10E4, 0x10C4,
    0x10E4, 0x10E4, 0x10E4, 0x10E4, 0x10E4, 0x10E4, 0x10E4, 0x10E4, 0x10E4, 0x10E4, 0x10C4, 0x10E4,
    0x10E4, 0x10C4, 0x10C4, 0x10E4, 0x10C4, 0x08A3, 0x1904, 0x3A08, 0x4A8A, 0x4A8A, 0x4A6A, 0x528A,
    0x5269, 0x4A28, 0xA513, 0xFFDD, 0xF79C, 0xF79C, 0xF79C, 0xF79C, 0xF79C, 0xF79C, 0xF79C, 0xF79C,
    0xF79C, 0xF79C, 0xF79C, 0xF79C, 0xF79C, 0xF79C, 0xF79C, 0xF79C, 0xF79C, 0xF79C, 0xF79C, 0xF79C,
    0xF79C, 0xF7BC, 0xF7BC, 0xF79C, 0xFF9C, 0xFF9C, 0xFF9C, 0xFF9C, 0xF79C, 0xFFDD, 0xCE57, 0x4208,
    0x4A29, 0x4A49, 0x4A49, 0x4208, 0x0020, 0x0000, 0x0000, 0x0000, 0x31A6, 0x4A49, 0x4A29, 0x4A49,
    0x41E7, 0x9491, 0xFFFD, 0xF79C, 0xF79C, 0xF79C, 0xF79C, 0xF79C, 0xF79C, 0xF79C, 0xF79C, 0xF79C,
    0xF7BC, 0xF79C, 0xF79C, 0xF79C, 0xF79C, 0xF79C, 0xF79C, 0xF79C, 0xF79C, 0xF79C, 0xF79C, 0xF79C,
    0xF79C, 0xF79C, 0xF79C, 0xF79C, 0xF79C, 0xF79C, 0xF79C, 0xF7BC, 0xF79C, 0xFFDE, 0x9CD2, 0x4207,
    0x528A, 0x4A6A, 0x4A6A, 0x4A6A, 0x4A8A, 0x4249, 0x2986, 0x10E4, 0x10C4, 0x10E4, 0x10E4, 0x10E4,
    0x10E4, 0x10E4, 0x10E4, 0x10E4, 0x10E4, 0x10E4, 0x10E4, 0x10E4, 0x10E4, 0x10E4, 0x10E4, 0x10C4,
    0x10E4, 0x10C3, 0x10E4, 0x39E8, 0x4A8A, 0x4A6A, 0x4A6A, 0x4A6A, 0x526A, 0x4A6A, 0x5289, 0xCE78,
    0xFFFE, 0xF79C, 0xF79C, 0xF79C, 0xF79C, 0xF79C, 0xFF9C, 0xF79C, 0xF79C, 0xF79C, 0xF79C, 0xFF9C,
    0xF77C, 0x6B8D, 0x4228, 0x4A8A, 0x4A69, 0x5249, 0xACB0, 0xF676, 0xEE35, 0xEE35, 0xEE56, 0xEE56,
    0xEE76, 0xEE56, 0xEE56, 0xEE56, 0xEE35, 0xEE34, 0xEE56, 0xACD1, 0x5248, 0x4A69, 0x4A6A, 0x4228,
    0x6B4C, 0xEF5B, 0xF7DD, 0xF79C, 0xF7BC, 0xF79C, 0xF79C, 0xF79C, 0xF79C, 0xF79C, 0xFFBC, 0xFFBC,
    0xF77C, 0xFFFE, 0xCE58, 0x5289, 0x4A49, 0x4A6A, 0x4A69, 0x4A6A, 0x4A8A, 0x4A8A, 0x39E8, 0x18E4,
    0x08C3, 0x10E4, 0x10E4, 0x10E4, 0x10E4, 0x10E4, 0x10E4, 0x10E4, 0x10E4, 0x10E4, 0x10C4, 0x10C4,
    0x10E4, 0x10E4, 0x10E4, 0x10C4, 0x10E4, 0x10A3, 0x10A3, 0x2986, 0x4249, 0x4A6A, 0x4A8A, 0x4A6A,
    0x526A, 0x528A, 0x4228, 0x8C50, 0xFFBD, 0xF79C, 0xF79C, 0xF79C, 0xF79C, 0xF79C, 0xF79C, 0xF79C,
    0xF79C, 0xF79C, 0xF79C, 0xF79C, 0xF79C, 0xF79C, 0xF79C, 0xF79C, 0xF79C, 0xF79C, 0xF79C, 0xF79C,
    0xF79C, 0xF79C, 0xF79C, 0xF7BC, 0xF7BC, 0xF7BC, 0xFF9C, 0xFF9C, 0xFF9C, 0xF79C, 0xF79C, 0xFFDE,
    0x94B1, 0x39E7, 0x4A49, 0x4229, 0x4A49, 0x39C7, 0x0000, 0x0000, 0x0000, 0x0000, 0x10A2, 0x4228,
    0x4A29, 0x4A49, 0x39E7, 0x6B4C, 0xF79C, 0xF79C, 0xF79C, 0xF79C, 0xF79C, 0xF7BC, 0xF79C, 0xF79C,
    0xF79C, 0xF79C, 0xF79C, 0xF79C, 0xF79C, 0xF79C, 0xF79C, 0xF79C, 0xF79C, 0xF79C, 0xF79C, 0xF79C,
    0xF79C, 0xF79C, 0xF79C, 0xF79C, 0xF79C, 0xF79C, 0xF79C, 0xF7BC, 0xF7BC, 0xF79C, 0xF79C, 0xF79C,
    0xF7BD, 0x9491, 0x4228, 0x528A, 0x4A6A, 0x4A49, 0x4A6A, 0x4A8A, 0x4A8A, 0x3A09, 0x2145, 0x10E4,
    0x08A3, 0x10C4, 0x10E4, 0x10E4, 0x10E4, 0x10E4, 0x10E4, 0x10E4, 0x10E4, 0x10E4, 0x10E4, 0x10E4,
    0x10E4, 0x10E3, 0x1904, 0x2986, 0x4249, 0x4A8A, 0x4A6A, 0x4A6A, 0x4A6A, 0x528A, 0x4A49, 0x528A,
    0xC637, 0xFFFE, 0xF79C, 0xF7BC, 0xF7BC, 0xF79C, 0xF79C, 0xF79C, 0xFF9C, 0xF79C, 0xF7BC, 0xF79C,
    0xF79B, 0xFFDD, 0xE6FA, 0x5AEB, 0x4269, 0x4A8A, 0x4A69, 0x5249, 0xBCF2, 0xF655, 0xEE35, 0xEE35,
    0xEE55, 0xEE35, 0xEE55, 0xEE55, 0xEE35, 0xEE55, 0xEE34, 0xF634, 0xF676, 0xBD12, 0x5248, 0x4A49,
    0x4A6A, 0x4A49, 0x5AAA, 0xDEFA, 0xFFFD, 0xF79C, 0xF7BC, 0xF79C, 0xF79C, 0xF79C, 0xF79C, 0xF7BC,
    0xF79C, 0xF79C, 0xFFBC, 0xF79C, 0xFFFE, 0xBDD6, 0x5269, 0x4A48, 0x528A, 0x4A6A, 0x4A49, 0x4A6A,
    0x4A8A, 0x4229, 0x2987, 0x10C4, 0x10A3, 0x10C4, 0x10C4, 0x10E4, 0x10E4, 0x10E4, 0x10E4, 0x10E4,
    0x10E4, 0x10C4, 0x10C4, 0x10E4, 0x10C4, 0x10A3, 0x10A3, 0x2125, 0x39E8, 0x4A6A, 0x4A8A, 0x4A6A,
    0x4A6A, 0x528A, 0x528A, 0x4228, 0x842F, 0xF79C, 0xF79C, 0xF79C, 0xF79C, 0xF79C, 0xF79C, 0xF79C,
    0xF79C, 0xF79C, 0xF79C, 0xF79C, 0xF79C, 0xF79C, 0xF79C, 0xF79C, 0xF79C, 0xF79C, 0xF79C, 0xF79C,
    0xF79C, 0xF79C, 0xF79C, 0xF79C, 0xF79C, 0xF79C, 0xF79C, 0xF79C, 0xF79C, 0xFF9C, 0xF79C, 0xF7BC,
    0xF79C, 0xF79C, 0x6B4C, 0x39E7, 0x4A49, 0x4A49, 0x4229, 0x18E3, 0x0000, 0x0000, 0x0000, 0x0000,
    0x0020, 0x39E8, 0x4A4A, 0x4A29, 0x4A49, 0x4A28, 0xCE58, 0xFFDD, 0xF79C, 0xF7BC, 0xF79C, 0xF7BC,
    0xF7BC, 0xF79C, 0xF79C, 0xF79C, 0xF79C, 0xF79C, 0xF79C, 0xF79C, 0xF79C, 0xF79C, 0xF79C, 0xF79C,
    0xF79C, 0xF79C, 0xF79C, 0xF79C, 0xF79C, 0xF79C, 0xF79C, 0xF79C, 0xF79C, 0xF79C, 0xF7BC, 0xF79C,
    0xF7BC, 0xF79C, 0xF7BC, 0xFFDD, 0x94B1, 0x4207, 0x4A6A, 0x4A8A, 0x4A69, 0x4A6A, 0x4A6A, 0x4A8A,
    0x4A6A, 0x3A08, 0x2986, 0x1905, 0x10C4, 0x10A4, 0x10C4, 0x10C4, 0x10C4, 0x10C4, 0x10C3, 0x10C3,
    0x10C3, 0x1904, 0x2166, 0x31C7, 0x4249, 0x4AAA, 0x4A8A, 0x4A8A, 0x4A6A, 0x4A6A, 0x528A, 0x4A49,
    0x52AA, 0xC638, 0xFFFE, 0xF79C, 0xF79C, 0xF7BC, 0xF79B, 0xF79C, 0xF79C, 0xF79C, 0xF79C, 0xF79C,
    0xF79C, 0xF79C, 0xF79B, 0xFFDD, 0xD678, 0x4A49, 0x4A8A, 0x4A6A, 0x4A49, 0x5A69, 0xCD73, 0xF655,
    0xF635, 0xEE35, 0xF655, 0xF655, 0xEE35, 0xF655, 0xF635, 0xEE34, 0xF634, 0xEE34, 0xEE76, 0xCD94,
    0x5A68, 0x4A49, 0x4A4A, 0x4A6A, 0x4228, 0xCE78, 0xFFFD, 0xF79C, 0xF7BC, 0xF79C, 0xF79C, 0xF79C,
    0xF79C, 0xF79C, 0xF7BC, 0xF79C, 0xF79C, 0xF79C, 0xF79C, 0xFFDD, 0xBDF6, 0x52A9, 0x4A48, 0x4A69,
    0x4A6A, 0x4A6A, 0x4A4A, 0x4A6A, 0x4A8A, 0x3A29, 0x29A7, 0x2125, 0x18E4, 0x10C3, 0x10C3, 0x08A3,
    0x10A3, 0x10C4, 0x10A3, 0x10C4, 0x10A4, 0x10C4, 0x1905, 0x2966, 0x3A08, 0x4A6A, 0x4A6A, 0x4A6A,
    0x4A6A, 0x4A6A, 0x528A, 0x528A, 0x4208, 0x8C30, 0xF7BD, 0xF7BD, 0xF7BC, 0xF79C, 0xF7BC, 0xF79C,
    0xF79C, 0xF79C, 0xF79C, 0xF79C, 0xF79C, 0xF79C, 0xF79C, 0xF79C, 0xF79C, 0xF79C, 0xF79C, 0xF79C,
    0xF79C, 0xF79C, 0xF79C, 0xF79C, 0xF79C, 0xF79C, 0xF79C, 0xF79C, 0xF79C, 0xF79C, 0xF79C, 0xF7BC,
    0xF7BC, 0xF79C, 0xFFDD, 0xCE78, 0x4A48, 0x4228, 0x4229, 0x4A49, 0x39E8, 0x0841, 0x0000, 0x0000,
    0x0000, 0x0000, 0x0000, 0x3186, 0x4A49, 0x4229, 0x4A69, 0x39E7, 0x9CF3, 0xFFFE, 0xF79C, 0xFFBC,
    0xF79C, 0xF7BC, 0xF79C, 0xF79C, 0xF79C, 0xF79C, 0xF79C, 0xF79C, 0xF79C, 0xF79C, 0xF79C, 0xF79C,
    0xF79C, 0xF79C, 0xF79C, 0xF79C, 0xF79C, 0xF79C, 0xF79C, 0xF79C, 0xF79C, 0xF79C, 0xF79C, 0xF79C,
    0xF79C, 0xF7BC, 0xF7BB, 0xF79B, 0xF7BC, 0xF7BC, 0xF79C, 0x9491, 0x4A49, 0x4228, 0x4A8A, 0x4A69,
    0x4A6A, 0x4A69, 0x4A6A, 0x4A6A, 0x4A6A, 0x424A, 0x3A09, 0x31C8, 0x3187, 0x2966, 0x2966, 0x2966,
    0x2986, 0x31C7, 0x39E8, 0x4229, 0x4A6A, 0x4A8A, 0x4A8A, 0x4A6A, 0x4A8A, 0x528A, 0x528A, 0x4A69,
    0x4228, 0x632B, 0xD698, 0xFFFE, 0xF79C, 0xF7BC, 0xF79C, 0xF79C, 0xF7BC, 0xF79C, 0xF79C, 0xF79C,
    0xF79C, 0xF79C, 0xF7BC, 0xF79C, 0xF79B, 0xFFDD, 0xB595, 0x4208, 0x4A6A, 0x4A6A, 0x5249, 0x6289,
    0xDE15, 0xF655, 0xF635, 0xF655, 0xF655, 0xEE35, 0xEE35, 0xEE35, 0xF635, 0xEE34, 0xF634, 0xF634,
    0xEE55, 0xDE15, 0x6288, 0x4A28, 0x4A6A, 0x4A6A, 0x3A08, 0xB595, 0xFFFD, 0xF7BC, 0xF79C, 0xF79C,
    0xF7BC, 0xF7BC, 0xFFBC, 0xF79C, 0xF79C, 0xF79C, 0xF7BC, 0xF79C, 0xF7BC, 0xF79C, 0xFFFE, 0xCE78,
    0x632B, 0x4228, 0x4A48, 0x4A8A, 0x4A6A, 0x4A6A, 0x4A6A, 0x4A6A, 0x4A8A, 0x4A6A, 0x4229, 0x39E8,
    0x31C7, 0x2986, 0x2966, 0x2966, 0x2966, 0x31A7, 0x39E8, 0x3A09, 0x424A, 0x4A8A, 0x4A8A, 0x4A6A,
    0x4A6A, 0x4A49, 0x4A6A, 0x528A, 0x4A48, 0x4228, 0x8C50, 0xF77C, 0xFFBD, 0xF79C, 0xF7BC, 0xF79C,
    0xF79C, 0xF79C, 0xF79C, 0xF79C, 0xF79C, 0xF79C, 0xF79C, 0xF79C, 0xF79C, 0xF79C, 0xF79C, 0xF79C,
    0xF79C, 0xF79C, 0xF79C, 0xF79C, 0xF79C, 0xF79C, 0xF79C, 0xF79C, 0xF79C, 0xF79C, 0xF79C, 0xF79C,
    0xF79C, 0xF79C, 0xF7BC, 0xF79C, 0xFFFE, 0x9CF2, 0x39E7, 0x4A49, 0x4229, 0x4A49, 0x3186, 0x0000,
    0x0000, 0x0000, 0x0000, 0x0000, 0x0000, 0x18E4, 0x4229, 0x4A4A, 0x4A49, 0x4248, 0x5AEB, 0xEF5C,
    0xFFDD, 0xFFBD, 0xFFBC, 0xF79C, 0xFFBC, 0xF79C, 0xF7BC, 0xFFBC, 0xFFBC, 0xF79C, 0xF79C, 0xF79C,
    0xF79C, 0xF79C, 0xF79C, 0xF79C, 0xF79C, 0xF79C, 0xF79C, 0xF79C, 0xF79C, 0xF79C, 0xF79C, 0xF79C,
    0xF79C, 0xF79C, 0xF79C, 0xF7BC, 0xF7BB, 0xF7BC, 0xF7BC, 0xF79C, 0xF7BD, 0xF7BD, 0xC637, 0x7BCE,
    0x4228, 0x4A68, 0x4A69, 0x4A69, 0x4A49, 0x4A69, 0x4A6A, 0x4A6A, 0x4A6A, 0x4A6A, 0x4A6A, 0x4A6A,
    0x4A6A, 0x4A6A, 0x4A6A, 0x4A6A, 0x528A, 0x4A6A, 0x4A6A, 0x4A6A, 0x4A6A, 0x4A8A, 0x4A6A, 0x4A69,
    0x4207, 0x52C9, 0xAD53, 0xEF5B, 0xFFDD, 0xF79B, 0xF79C, 0xF79C, 0xF7BC, 0xF7BC, 0xF79C, 0xF79C,
    0xF79C, 0xF79C, 0xF79C, 0xF79C, 0xF79C, 0xFFBC, 0xF79C, 0xFFFE, 0x840F, 0x4228, 0x4A6A, 0x4A69,
    0x5228, 0x7B4B, 0xEE77, 0xEE55, 0xEE55, 0xEE55, 0xEE55, 0xEE55, 0xEE55, 0xEE35, 0xEE35, 0xEE34,
    0xF634, 0xF634, 0xEE55, 0xEE76, 0x7B4B, 0x4A28, 0x4A4A, 0x4A6A, 0x4229, 0x73CE, 0xFFFE, 0xF7BC,
    0xF79C, 0xF79C, 0xFFBC, 0xF7BC, 0xF79C, 0xF79C, 0xF79C, 0xF79C, 0xF79C, 0xF7BC, 0xF79C, 0xF7BC,
    0xF79C, 0xFFFD, 0xEF5B, 0xAD54, 0x630B, 0x39E7, 0x4A49, 0x4A6A, 0x4A69, 0x4A69, 0x4A49, 0x4A6A,
    0x4A6A, 0x4A6A, 0x4A6A, 0x4A6A, 0x4A8A, 0x4A6A, 0x4A8A, 0x4A6A, 0x4A8A, 0x4A8A, 0x4A6A, 0x4A69,
    0x4A69, 0x4A69, 0x4A69, 0x528A, 0x4A49, 0x41E7, 0x736D, 0xC617, 0xFFBD, 0xF7BC, 0xF79C, 0xF79C,
    0xF79C, 0xF79C, 0xF79C, 0xF79C, 0xF79C, 0xF79C, 0xF79C, 0xF79C, 0xF79C, 0xF79C, 0xF79C, 0xF79C,
    0xF79C, 0xF79C, 0xF79C, 0xF79C, 0xF79C, 0xF79C, 0xF79C, 0xF79C, 0xF79C, 0xF79C, 0xF79C, 0xF79C,
    0xF79C, 0xF79C, 0xF79C, 0xF79C, 0xF7BC, 0xFFBD, 0xEF5C, 0x5AEA, 0x4248, 0x4A49, 0x4228, 0x4A49,
    0x2104, 0x0000, 0x0000, 0x0000, 0x0000, 0x0000, 0x0000, 0x0841, 0x39C7, 0x4A49, 0x4A49, 0x528A,
    0x4A49, 0xAD75, 0xFFFF, 0xF79C, 0xFFBD, 0xF79C, 0xF7BC, 0xF79C, 0xF79C, 0xF7BC, 0xF7BC, 0xF79C,
    0xF79C, 0xF79C, 0xF79C, 0xF79C, 0xF79C, 0xF79C, 0xF79C, 0xF79C, 0xF79C, 0xF79C, 0xF79C, 0xF79C,
    0xF79C, 0xF79C, 0xF79C, 0xF79C, 0xF79C, 0xF7BC, 0xF7BC, 0xF79C, 0xF7BC, 0xF7BC, 0xF79C, 0xF7BC,
    0xFFDD, 0xF7BD, 0xBDB5, 0x630B, 0x4207, 0x4A28, 0x5269, 0x4A69, 0x4A69, 0x4A69, 0x4A69, 0x4A6A,
    0x4A4A, 0x4A49, 0x4A4A, 0x4A6A, 0x4A6A, 0x4A6A, 0x4A69, 0x4A6A, 0x526A, 0x528A, 0x4A6A, 0x528A,
    0x4A48, 0x4A69, 0x8C50, 0xDEFA, 0xFFFD, 0xFFBC, 0xF79B, 0xF7BC, 0xF79C, 0xF79C, 0xF79C, 0xF79C,
    0xF79C, 0xF7BC, 0xF7BC, 0xF7BC, 0xF7BC, 0xF7BC, 0xFFBC, 0xF79C, 0xFFBC, 0xEF3B, 0x5AEB, 0x4249,
    0x4A6A, 0x4A69, 0x5207, 0x9C4F, 0xF697, 0xEE55, 0xEE55, 0xEE55, 0xEE55, 0xEE55, 0xEE55, 0xEE55,
    0xEE55, 0xEE55, 0xEE35, 0xF634, 0xF655, 0xF697, 0xA46F, 0x4A07, 0x526A, 0x4A6A, 0x4A6A, 0x5ACA,
    0xE71B, 0xFFBD, 0xF79C, 0xF7BC, 0xF7BC, 0xF7BC, 0xF79C, 0xF79C, 0xF79C, 0xF79C, 0xF79C, 0xF79C,
    0xFFBC, 0xF79C, 0xFFBC, 0xF79C, 0xFFBD, 0xFFFE, 0xE73B, 0x9491, 0x4A69, 0x4207, 0x4A49, 0x5289,
    0x4A49, 0x4A69, 0x4A49, 0x4A69, 0x4A69, 0x4A49, 0x4A69, 0x4A6A, 0x4A6A, 0x4A6A, 0x4A69, 0x4A6A,
    0x4A6A, 0x4A69, 0x4A69, 0x4A69, 0x4A48, 0x4207, 0x5AEB, 0xAD54, 0xF77C, 0xFFFE, 0xF79C, 0xF7BC,
    0xF79C, 0xF79C, 0xF79C, 0xF79C, 0xF79C, 0xF79C, 0xF79C, 0xF79C, 0xF79C, 0xF79C, 0xF79C, 0xF79C,
    0xF79C, 0xF79C, 0xF79C, 0xF79C, 0xF79C, 0xF79C, 0xF79C, 0xF79C, 0xF79C, 0xF79C, 0xF79C, 0xF79C,
    0xF79C, 0xF79C, 0xF7BC, 0xF7BC, 0xF79C, 0xF79C, 0xF79C, 0xFFFE, 0xB595, 0x4A48, 0x528A, 0x4229,
    0x4A69, 0x39C7, 0x0841, 0x0000, 0x0000, 0x0000, 0x0000, 0x0000, 0x0000, 0x0000, 0x2965, 0x528A,
    0x4A6A, 0x528A, 0x4A49, 0x738D, 0xF79D, 0xF7BD, 0xF7BD, 0xFFBD, 0xF79C, 0xF79C, 0xF79C, 0xF7BC,
    0xF79C, 0xF79C, 0xF79C, 0xF79C, 0xF79C, 0xF79C, 0xF79C, 0xF79C, 0xF79C, 0xF79C, 0xF79C, 0xF79C,
    0xF79C, 0xF79C, 0xF79C, 0xF79C, 0xF79C, 0xF79C, 0xF79C, 0xF79C, 0xF79C, 0xF79C, 0xF79C, 0xFFBC,
    0xF7BC, 0xF79C, 0xF79C, 0xF79C, 0xFFDE, 0xEF5B, 0xAD54, 0x6B4C, 0x4A28, 0x4207, 0x4228, 0x4A49,
    0x4A69, 0x4A8A, 0x4A6A, 0x4A6A, 0x4A6A, 0x4A69, 0x4A6A, 0x4A69, 0x528A, 0x4A69, 0x4A49, 0x4A48,
    0x4228, 0x5289, 0x7BEE, 0xCE58, 0xFFFE, 0xFFDD, 0xF79C, 0xF7BC, 0xF7BC, 0xF79C, 0xF79C, 0xF79C,
    0xF79C, 0xF79C, 0xF79C, 0xF7BC, 0xF7BC, 0xF7BC, 0xF7BC, 0xF7BC, 0xF79C, 0xF79C, 0xFFFE, 0xBDF6,
    0x4A48, 0x4A6A, 0x4A6A, 0x526A, 0x5207, 0xC553, 0xF697, 0xEE55, 0xEE55, 0xEE55, 0xEE55, 0xF655,
    0xEE55, 0xEE55, 0xEE55, 0xEE55, 0xF655, 0xF655, 0xEE35, 0xF696, 0xC552, 0x5227, 0x5269, 0x426A,
    0x4A6A, 0x4A49, 0xBDB6, 0xFFFE, 0xF79C, 0xF7BC, 0xF7BC, 0xF7BC, 0xF79C, 0xF79C, 0xF79C, 0xF79C,
    0xF7BC, 0xF7BC, 0xF79C, 0xF7BC, 0xF79C, 0xFFBC, 0xF7BC, 0xF77C, 0xF79C, 0xFFFE, 0xD699, 0x83EE,
    0x4A69, 0x4207, 0x4A48, 0x4228, 0x4A69, 0x4A69, 0x528A, 0x4A6A, 0x4A69, 0x4A6A, 0x4A6A, 0x4A69,
    0x4A69, 0x4A69, 0x4A69, 0x4228, 0x4228, 0x4A48, 0x6B6D, 0xAD74, 0xEF5B, 0xFFFE, 0xF7BD, 0xF79C,
    0xF7BC, 0xF79C, 0xF79C, 0xF79C, 0xF79C, 0xF79C, 0xF79C, 0xF79C, 0xF79C, 0xF79C, 0xF79C, 0xF79C,
    0xF79C, 0xF79C, 0xF79C, 0xF79C, 0xF79C, 0xF79C, 0xF79C, 0xF79C, 0xF79C, 0xF79C, 0xF79C, 0xF79C,
    0xF79C, 0xF7BC, 0xF79C, 0xF79C, 0xF7BC, 0xF7BC, 0xF79C, 0xF79C, 0xF7BD, 0xF7BD, 0x738D, 0x4A48,
    0x4A8A, 0x4A69, 0x4A69, 0x2945, 0x0000, 0x0000, 0x0000, 0x0000, 0x0000, 0x0000, 0x0000, 0x0000,
    0x10A2, 0x4A6A, 0x528A, 0x528A, 0x52AA, 0x4A48, 0xBDD6, 0xFFFF, 0xF7BD, 0xF79D, 0xFFBC, 0xF7BC,
    0xF7BC, 0xFFBC, 0xF7BC, 0xF79C, 0xF79C, 0xF79C, 0xF79C, 0xF79C, 0xF79C, 0xF79C, 0xF79C, 0xF79C,
    0xF79C, 0xF79C, 0xF79C, 0xF79C, 0xF79C, 0xF79C, 0xF79C, 0xF79C, 0xF79C, 0xF79C, 0xF79C, 0xF79C,
    0xF79C, 0xF7BC, 0xF7BC, 0xF79C, 0xFFBC, 0xF7BC, 0xF77C, 0xFFBD, 0xFFFE, 0xF77C, 0xCE37, 0x9491,
    0x6B2C, 0x5ACA, 0x4A49, 0x4208, 0x4208, 0x4228, 0x4228, 0x4228, 0x4208, 0x3A07, 0x4228, 0x4A49,
    0x52AA, 0x6B6D, 0x9CF2, 0xD6B8, 0xF7BC, 0xFFFD, 0xF79C, 0xF79C, 0xF79C, 0xF79C, 0xF79C, 0xF79C,
    0xF79C, 0xF79C, 0xF79C, 0xF79C, 0xF79C, 0xF7BC, 0xF7BC, 0xF7BC, 0xF7BC, 0xF7BC, 0xF7BC, 0xF7BC,
    0xFFDD, 0x8C50, 0x4208, 0x4A8A, 0x4A6A, 0x4A28, 0x62A9, 0xDDF5, 0xF676, 0xEE55, 0xF655, 0xEE55,
    0xF655, 0xF634, 0xF655, 0xF655, 0xF635, 0xF635, 0xF635, 0xF635, 0xF655, 0xEE75, 0xDE15, 0x6AE9,
    0x4A48, 0x4A8A, 0x4A8A, 0x4208, 0x8C10, 0xFFBD, 0xF79C, 0xF7BC, 0xF79C, 0xF79C, 0xF79C, 0xF79C,
    0xF7BC, 0xF7BC, 0xF7BC, 0xF79C, 0xFF9D, 0xFFBD, 0xF79C, 0xF7BC, 0xF7BC, 0xF7BC, 0xF7BC, 0xF79C,
    0xFFDD, 0xFFBD, 0xD6B9, 0xA534, 0x738D, 0x5ACA, 0x4A48, 0x4207, 0x39E7, 0x4208, 0x4228, 0x4228,
    0x4228, 0x4208, 0x4208, 0x4228, 0x528A, 0x632C, 0x9491, 0xCE58, 0xF79C, 0xFFFE, 0xF7BD, 0xF79C,
    0xFFBC, 0xF79C, 0xFFBC, 0xF79C, 0xF79C, 0xF79C, 0xF79C, 0xF79C, 0xF79C, 0xF79C, 0xF79C, 0xF79C,
    0xF79C, 0xF79C, 0xF79C, 0xF79C, 0xF79C, 0xF79C, 0xF79C, 0xF79C, 0xF79C, 0xF79C, 0xF79C, 0xF79C,
    0xF79C, 0xF79C, 0xF79C, 0xF7BC, 0xF79C, 0xF79C, 0xF7BC, 0xF7BC, 0xF79C, 0xF79C, 0xFFFE, 0xC616,
    0x4A48, 0x52AA, 0x4A8A, 0x528A, 0x4A69, 0x10A2, 0x0000, 0x0000, 0x0000, 0x0000, 0x0000, 0x0000,
    0x0000, 0x0000, 0x0000, 0x39C7, 0x528A, 0x4A69, 0x528A, 0x4A49, 0x6B6D, 0xF7BD, 0xF7BD, 0xF7BD,
    0xF7BC, 0xF79C, 0xF79C, 0xF79C, 0xF7BC, 0xF79C, 0xF79C, 0xF7BC, 0xF7BC, 0xF79C, 0xF79C, 0xF79C,
    0xF79C, 0xF79C, 0xF79C, 0xF79C, 0xF79C, 0xF79C, 0xF79C, 0xF79C, 0xF79C, 0xF79C, 0xF79C, 0xF79C,
    0xF79C, 0xF79C, 0xF79C, 0xF79C, 0xF7BC, 0xF79C, 0xF79C, 0xF79C, 0xF7BC, 0xF79C, 0xF79C, 0xF79D,
    0xFFDD, 0xFFDE, 0xF7BD, 0xDED9, 0xBDF6, 0xAD54, 0x9CD2, 0x8C30, 0x7BEE, 0x83EE, 0x842F, 0x8C70,
    0xA4F2, 0xBDD6, 0xDEDA, 0xF7BD, 0xFFFD, 0xFFDD, 0xF7BC, 0xF79C, 0xF79C, 0xF7BC, 0xF79C, 0xF79C,
    0xF79C, 0xF79C, 0xFF9C, 0xF7BC, 0xF7BC, 0xF7BC, 0xF7BC, 0xF7BC, 0xF7BC, 0xF7BC, 0xF7BC, 0xF7BC,
    0xF7BC, 0xFFDC, 0xE6FA, 0x5AAA, 0x4A49, 0x4A6A, 0x4A6A, 0x4A08, 0x8BEE, 0xEE97, 0xEE34, 0xF655,
    0xEE55, 0xEE55, 0xEE55, 0xEE54, 0xF654, 0xF654, 0xF635, 0xF635, 0xEE35, 0xF655, 0xF655, 0xEE35,
    0xEE97, 0x8BCD, 0x4A07, 0x4A6A, 0x4A6A, 0x4A49, 0x5289, 0xDEFA, 0xFFBD, 0xF7BC, 0xF79C, 0xF79C,
    0xF79C, 0xF79C, 0xF7BC, 0xF7BC, 0xF7BC, 0xF7BC, 0xF79C, 0xF79C, 0xFFBC, 0xF79C, 0xF7BC, 0xF7BC,
    0xF7BC, 0xF79C, 0xF79C, 0xF79C, 0xFFBD, 0xFFDE, 0xFFDE, 0xE6FA, 0xC5F6, 0xAD54, 0x9CB1, 0x842F,
    0x83EF, 0x7BCE, 0x83EE, 0x8C70, 0xA533, 0xBDB5, 0xD698, 0xF79C, 0xFFFE, 0xFFDD, 0xFFBD, 0xF79C,
    0xF79C, 0xF7BC, 0xF79C, 0xFFBC, 0xF79C, 0xFFBC, 0xF79C, 0xF79C, 0xF79C, 0xF79C, 0xF79C, 0xF79C,
    0xF79C, 0xF79C, 0xF79C, 0xF79C, 0xF79C, 0xF79C, 0xF79C, 0xF79C, 0xF79C, 0xF79C, 0xF79C, 0xF79C,
    0xF79C, 0xF79C, 0xF79C, 0xF79C, 0xF79C, 0xF7BC, 0xF79C, 0xF7BC, 0xF79C, 0xFFBC, 0xF79C, 0xFFBD,
    0xFFBD, 0x73AD, 0x4A48, 0x528A, 0x4A69, 0x528A, 0x31A6, 0x0000, 0x0000, 0x0000, 0x0000, 0x0000,
    0x0000, 0x0000, 0x0000, 0x0000, 0x0000, 0x18C3, 0x52AA, 0x528A, 0x528A, 0x528A, 0x4228, 0xAD74,
    0xFFFE, 0xEF9C, 0xF7BC, 0xF79C, 0xF79C, 0xF79C, 0xF79C, 0xF79C, 0xF79C, 0xF7BC, 0xF7BC, 0xF79C,
    0xF79C, 0xF79C, 0xF79C, 0xF79C, 0xF79C, 0xF79C, 0xF79C, 0xF79C, 0xF79C, 0xF79C, 0xF79C, 0xF79C,
    0xF79C, 0xF79C, 0xF7BC, 0xF7BC, 0xF79C, 0xF79C, 0xF79C, 0xF79C, 0xF79C, 0xF79C, 0xF79C, 0xF79C,
    0xF79C, 0xF79C, 0xF79C, 0xF79C, 0xF79C, 0xFFDD, 0xFFFD, 0xFFFE, 0xFFDD, 0xFFBC, 0xF79C, 0xF79C,
    0xFFBD, 0xFFDD, 0xFFFE, 0xFFFE, 0xFFDD, 0xF79C, 0xF79C, 0xF79C, 0xF79C, 0xF79C, 0xF79C, 0xF79C,
    0xF79C, 0xF79C, 0xF79C, 0xF79C, 0xFFBC, 0xFFBC, 0xF7BC, 0xF7BC, 0xF7BC, 0xF7BC, 0xF7BC, 0xF7BC,
    0xF7BC, 0xFF9C, 0xF79B, 0xFFFD, 0xAD33, 0x4A08, 0x528A, 0x4A69, 0x4A6A, 0x4208, 0x8BCE, 0xF6B6,
    0xEE55, 0xF655, 0xEE55, 0xEE55, 0xEE55, 0xEE55, 0xEE54, 0xF654, 0xF635, 0xF635, 0xF635, 0xF634,
    0xEE55, 0xEE35, 0xEE77, 0x838D, 0x4A08, 0x526A, 0x4A49, 0x4A6A, 0x4208, 0xA512, 0xFFFD, 0xF79C,
    0xF79C, 0xF79C, 0xF7BC, 0xF79C, 0xF7BC, 0xF7BC, 0xF7BC, 0xF7BC, 0xF79C, 0xF7BC, 0xF79C, 0xF79C,
    0xF79C, 0xF79C, 0xF79C, 0xF79C, 0xF79C, 0xF79C, 0xF79C, 0xF79C, 0xF79C, 0xFFBD, 0xFFFE, 0xFFFE,
    0xFFDD, 0xFFBD, 0xF79C, 0xF79C, 0xF79C, 0xFFDD, 0xFFFD, 0xFFFE, 0xFFDD, 0xF7BC, 0xF79C, 0xF79C,
    0xF79C, 0xF79C, 0xF79C, 0xF79C, 0xF79C, 0xF79C, 0xF79C, 0xF79C, 0xF79C, 0xF79C, 0xF79C, 0xF79C,
    0xF79C, 0xF79C, 0xF79C, 0xF79C, 0xF79C, 0xF79C, 0xF79C, 0xF79C, 0xF79C, 0xF79C, 0xF79C, 0xF79C,
    0xF79C, 0xF79C, 0xF79C, 0xF79C, 0xF79C, 0xF79C, 0xF79C, 0xF79C, 0xF79C, 0xF79C, 0xFFBC, 0xF79C,
    0xF79C, 0xFFDD, 0xB5B5, 0x4A48, 0x5289, 0x4A69, 0x4A69, 0x528A, 0x18C3, 0x0000, 0x0000, 0x0000,
    0x0000, 0x0000, 0x0000, 0x0000, 0x0000, 0x0000, 0x0000, 0x0020, 0x39E8, 0x528A, 0x4A6A, 0x5289,
    0x4A69, 0x5AEB, 0xE73B, 0xF7DD, 0xF79C, 0xF79C, 0xF79C, 0xF79C, 0xF79C, 0xF7BC, 0xF7BC, 0xF79C,
    0xF79C, 0xF79C, 0xF79C, 0xF79C, 0xF79C, 0xF79C, 0xF79C, 0xF79C, 0xF79C, 0xF79C, 0xF79C, 0xF79C,
    0xF79C, 0xF79C, 0xF79C, 0xF7BC, 0xF7BC, 0xF7BC, 0xF79C, 0xF79C, 0xF79C, 0xF79C, 0xF79C, 0xF79C,
    0xF79C, 0xF79C, 0xF79C, 0xF79C, 0xF79C, 0xF79C, 0xF79C, 0xF79C, 0xF79C, 0xF79C, 0xF79C, 0xF79C,
    0xF7BC, 0xF7BC, 0xF7BC, 0xF79C, 0xF79C, 0xF79C, 0xF79C, 0xF7BC, 0xF79C, 0xF79C, 0xF79C, 0xF79C,
    0xF79C, 0xF79C, 0xF79C, 0xF79C, 0xF7BC, 0xF7BC, 0xF7BC, 0xF7BC, 0xF7BC, 0xF7BC, 0xF7BC, 0xF7BC,
    0xF7BC, 0xF7BC, 0xF7BC, 0xFF9C, 0xF7BC, 0xEF7C, 0x630C, 0x4A29, 0x4A69, 0x4A69, 0x4A6A, 0x4A49,
    0x5A68, 0xD5B4, 0xF696, 0xF655, 0xEE55, 0xEE55, 0xEE55, 0xEE55, 0xF655, 0xF655, 0xF655, 0xF655,
    0xF655, 0xF655, 0xEE55, 0xEE77, 0xC553, 0x5227, 0x5249, 0x4A49, 0x4A4A, 0x4A69, 0x4228, 0x632B,
    0xEF7C, 0xF7BD, 0xF79C, 0xF7BC, 0xF79C, 0xF7BC, 0xF7BC, 0xF7BC, 0xF7BC, 0xF7BC, 0xF7BC, 0xF7BC,
    0xF7BC, 0xF7BC, 0xF7BC, 0xF79C, 0xF79C, 0xF79C, 0xF79C, 0xF79C, 0xF79C, 0xF79C, 0xF79C, 0xF79C,
    0xF79C, 0xF79C, 0xF79C, 0xF7BC, 0xFFBC, 0xF79C, 0xF79C, 0xF79C, 0xF79C, 0xF79C, 0xF79C, 0xF7BC,
    0xF7BC, 0xF7BC, 0xF79C, 0xF79C, 0xF79C, 0xF79C, 0xF79C, 0xF79C, 0xF79C, 0xF79C, 0xF79C, 0xF79C,
    0xF79C, 0xF79C, 0xF79C, 0xF79C, 0xF79C, 0xF79C, 0xF79C, 0xF79C, 0xF79C, 0xF79C, 0xF79C, 0xF79C,
    0xF79C, 0xF79C, 0xF79C, 0xF79C, 0xF79C, 0xF79C, 0xF79C, 0xF79C, 0xF79C, 0xF79C, 0xF79C, 0xF79B,
    0xFFBC, 0xF79C, 0xF79C, 0xEF5B, 0x630B, 0x4A28, 0x5289, 0x4A69, 0x528A, 0x3A07, 0x0020, 0x0000,
    0x0000, 0x0000, 0x0000, 0x0000, 0x0000, 0x0000, 0x0000, 0x0000, 0x0000, 0x0000, 0x18C2, 0x528A,
    0x4A6A, 0x4A69, 0x4A69, 0x4207, 0x8C70, 0xF7DD, 0xF79C, 0xF79C, 0xF79C, 0xF79C, 0xF79C, 0xF7BC,
    0xF7BC, 0xF79C, 0xF79C, 0xF79C, 0xF79C, 0xF79C, 0xF79C, 0xF79C, 0xF79C, 0xF79C, 0xF79C, 0xF79C,
    0xF79C, 0xF79C, 0xF79C, 0xF79C, 0xF79C, 0xF79C, 0xF79C, 0xF79C, 0xF79C, 0xF79C, 0xF79C, 0xF79C,
    0xF79C, 0xF79C, 0xF79C, 0xF79C, 0xF79C, 0xF79C, 0xF79C, 0xF79C, 0xF79C, 0xF7BC, 0xF7BC, 0xF79C,
    0xF79C, 0xF7BC, 0xF7BC, 0xF79C, 0xF79C, 0xF79C, 0xF79C, 0xF79C, 0xF79C, 0xF79C, 0xF79C, 0xF79C,
    0xF79C, 0xF79C, 0xF79C, 0xF79C, 0xF79C, 0xF7BC, 0xF7BC, 0xF7BC, 0xF7BC, 0xF7BC, 0xF7BC, 0xF7BC,
    0xF7BC, 0xF7BC, 0xF7BC, 0xF7BC, 0xF7BC, 0xF79C, 0xFFFE, 0xB5B5, 0x4A28, 0x526A, 0x4A6A, 0x4A6A,
    0x4A6A, 0x4A6A, 0x4A07, 0x940E, 0xF6B7, 0xF655, 0xEE55, 0xEE55, 0xEE55, 0xEE55, 0xF655, 0xF655,
    0xEE55, 0xEE55, 0xF655, 0xF634, 0xEE55, 0xF697, 0x8BAD, 0x4A07, 0x4A69, 0x4A6A, 0x4A6A, 0x4A6A,
    0x4A6A, 0x4207, 0xB595, 0xFFFE, 0xF79C, 0xF79C, 0xFFBC, 0xF7BC, 0xF7BC, 0xF7BC, 0xF7BC, 0xF79C,
    0xF79C, 0xF79C, 0xF79C, 0xF79C, 0xF79C, 0xF79C, 0xF79C, 0xF79C, 0xF79C, 0xF79C, 0xF79C, 0xF79C,
    0xF79C, 0xF79C, 0xF79C, 0xFFBC, 0xF79C, 0xF79C, 0xF7BC, 0xF7BC, 0xF79C, 0xF79C, 0xF79C, 0xF79C,
    0xF79C, 0xF7BC, 0xF7BC, 0xF79C, 0xF79C, 0xF79C, 0xF79C, 0xF79C, 0xF79C, 0xF79C, 0xF79C, 0xF79C,
    0xF79C, 0xF79C, 0xF79C, 0xF79C, 0xF79C, 0xF79C, 0xF79C, 0xF79C, 0xF79C, 0xF79C, 0xF79C, 0xF79C,
    0xF79C, 0xF79C, 0xF79C, 0xF79C, 0xF79C, 0xF79C, 0xF79C, 0xF79C, 0xF79C, 0xF79C, 0xF79C, 0xF79C,
    0xF7BC, 0xF7BB, 0xF79B, 0xF79B, 0xFFBD, 0x94B2, 0x39E7, 0x4A69, 0x4A69, 0x4A69, 0x528A, 0x18C3,
    0x0000, 0x0000, 0x0000, 0x0000, 0x0000, 0x0000, 0x0000, 0x0000, 0x0000, 0x0000, 0x0000, 0x0000,
    0x0000, 0x39C7, 0x4A6A, 0x4A49, 0x4A49, 0x4A48, 0x4228, 0xC658, 0xFFDD, 0xF79B, 0xF7BC, 0xF7BC,
    0xF79C, 0xF7BC, 0xF79C, 0xF79C, 0xF79C, 0xF79C, 0xF79C, 0xF79C, 0xF79C, 0xF79C, 0xF79C, 0xF79C,
    0xF79C, 0xF79C, 0xF79C, 0xF79C, 0xF79C, 0xF79C, 0xF79C, 0xF79C, 0xF79C, 0xF79C, 0xF79C, 0xF79C,
    0xF79C, 0xF79C, 0xF79C, 0xF79C, 0xF79C, 0xF79C, 0xF79C, 0xF79C, 0xF79C, 0xF79C, 0xF7BC, 0xF7BC,
    0xF7BC, 0xFFBC, 0xF7BC, 0xF79C, 0xF79C, 0xF7BC, 0xF7BC, 0xF7BC, 0xFFBC, 0xF7BC, 0xF79C, 0xF79C,
    0xF79C, 0xF79C, 0xF79C, 0xF79C, 0xF79C, 0xF79C, 0xF79C, 0xF7BC, 0xF7BC, 0xF7BC, 0xF7BC, 0xF7BC,
    0xF7BC, 0xF7BC, 0xF7BC, 0xF7BC, 0xF7BC, 0xF7BC, 0xF7BC, 0xF7BC, 0xF79C, 0x6B6D, 0x4229, 0x526A,
    0x4A4A, 0x4A69, 0x4A6A, 0x4A4A, 0x4A49, 0x5AA9, 0xDE15, 0xF676, 0xEE55, 0xEE55, 0xF655, 0xF655,
    0xF655, 0xF655, 0xF655, 0xF655, 0xF654, 0xF654, 0xEE55, 0xD5F5, 0x6289, 0x4A49, 0x4A6A, 0x4A6A,
    0x4A6A, 0x4A6A, 0x4A6A, 0x4228, 0x6B4C, 0xEF7C, 0xFFBD, 0xF79B, 0xF7BC, 0xF7BC, 0xF7BC, 0xF7BC,
    0xF79C, 0xF79C, 0xF79C, 0xF79C, 0xF79C, 0xF79C, 0xF79C, 0xF79C, 0xF79C, 0xF79C, 0xF79C, 0xF79C,
    0xF7BC, 0xF7BC, 0xF79C, 0xF79C, 0xF79C, 0xF79C, 0xF7BC, 0xF7BC, 0xF7BC, 0xF79C, 0xF7BC, 0xF79C,
    0xF79C, 0xF79C, 0xF79C, 0xF79C, 0xF79C, 0xF79C, 0xF79C, 0xF79C, 0xF79C, 0xF79C, 0xF79C, 0xF79C,
    0xF79C, 0xF79C, 0xF79C, 0xF79C, 0xF79C, 0xF79C, 0xF79C, 0xF79C, 0xF79C, 0xF79C, 0xF79C, 0xF79C,
    0xF79C, 0xF79C, 0xF79C, 0xF79C, 0xF79C, 0xF79C, 0xF79C, 0xF79C, 0xF79C, 0xF79C, 0xF79C, 0xF79C,
    0xF79C, 0xF79C, 0xF79C, 0xF79B, 0xF79B, 0xF7BC, 0xCE78, 0x4A48, 0x4229, 0x4A49, 0x4A49, 0x528A,
    0x39C7, 0x0000, 0x0000, 0x0000, 0x0000, 0x0000, 0x0000, 0x0000, 0x0000, 0x0000, 0x0000, 0x0000,
    0x0000, 0x0000, 0x0000, 0x1082, 0x4A49, 0x4A69, 0x4A49, 0x4A48, 0x4207, 0x634C, 0xEF7B, 0xF7BC,
    0xF79C, 0xF79C, 0xF7BC, 0xF79C, 0xF79C, 0xF79C, 0xF79C, 0xF79C, 0xF79C, 0xF79C, 0xF79C, 0xF79C,
    0xF79C, 0xF79C, 0xF79C, 0xF79C, 0xF79C, 0xF79C, 0xF79C, 0xF79C, 0xF79C, 0xF79C, 0xF79C, 0xF79C,
    0xF79C, 0xF79C, 0xF79C, 0xF79C, 0xF79C, 0xF79C, 0xF79C, 0xF79C, 0xF79C, 0xF79C, 0xF79C, 0xF7BC,
    0xF7BC, 0xF7BC, 0xF7BC, 0xF7BC, 0xF7BC, 0xF7BC, 0xF7BC, 0xF79C, 0xF7BC, 0xF7BC, 0xF79C, 0xF79C,
    0xF79C, 0xF79C, 0xF79C, 0xF79C, 0xF79C, 0xF79C, 0xF79C, 0xF79C, 0xF7BC, 0xF7BC, 0xF7BC, 0xF7BC,
    0xF7BC, 0xF7BC, 0xF7BC, 0xF7BC, 0xF7BC, 0xF7BC, 0xF79C, 0xF7BC, 0xF79C, 0xFFFE, 0xB595, 0x4228,
    0x526A, 0x4A4A, 0x4A6A, 0x528A, 0x4A6A, 0x4A4A, 0x4A6A, 0x4A28, 0xB511, 0xF6B7, 0xEE55, 0xF655,
    0xF655, 0xF655, 0xF655, 0xF655, 0xEE55, 0xEE55, 0xF655, 0xEE34, 0xF697, 0xB4F1, 0x4A28, 0x4A69,
    0x4A6A, 0x4A6A, 0x4A6A, 0x4A49, 0x4A69, 0x4A69, 0x4208, 0xAD75, 0xFFFE, 0xF79C, 0xFFBC, 0xF79B,
    0xFFBC, 0xF79C, 0xF79C, 0xF79C, 0xF7BC, 0xF7BC, 0xF7BC, 0xF7BC, 0xF7BC, 0xF79C, 0xF79C, 0xF79C,
    0xF79C, 0xF79C, 0xF7BC, 0xF7BC, 0xF7BC, 0xF7BC, 0xF79C, 0xF7BC, 0xF79C, 0xF79C, 0xF79C, 0xF79C,
    0xF79C, 0xF79C, 0xF79C, 0xF79C, 0xF79C, 0xF79C, 0xF79C, 0xF79C, 0xF79C, 0xF79C, 0xF79C, 0xF79C,
    0xF79C, 0xF79C, 0xF79C, 0xF79C, 0xF79C, 0xF79C, 0xF79C, 0xF79C, 0xF79C, 0xF79C, 0xF79C, 0xF79C,
    0xF79C, 0xF79C, 0xF79C, 0xF79C, 0xF79C, 0xF79C, 0xF79C, 0xF79C, 0xF79C, 0xF79C, 0xF79C, 0xF79C,
    0xF79C, 0xF79C, 0xF79C, 0xF79C, 0xF79C, 0xF7BB, 0xF79B, 0xF79C, 0x738D, 0x39E7, 0x4A49, 0x4A49,
    0x4A49, 0x4228, 0x10A2, 0x0000, 0x0000, 0x0000, 0x0000, 0x0000, 0x0000, 0x0000, 0x0000, 0x0000,
    0x0000, 0x0000, 0x0000, 0x0000, 0x0000, 0x0000, 0x2965, 0x4A49, 0x4228, 0x4A49, 0x4A48, 0x39C7,
    0x9CB1, 0xFFDD, 0xF79C, 0xF79C, 0xF7BC, 0xF79C, 0xF79C, 0xF79C, 0xF79C, 0xF79C, 0xF79C, 0xF79C,
    0xF79C, 0xF79C, 0xF79C, 0xF79C, 0xF79C, 0xF79C, 0xF79C, 0xF79C, 0xF79C, 0xF79C, 0xF79C, 0xF79C,
    0xF79C, 0xF79C, 0xF79C, 0xF79C, 0xF79C, 0xF79C, 0xF79C, 0xF79C, 0xF79C, 0xF79C, 0xF79C, 0xF79C,
    0xF79C, 0xF79C, 0xF79C, 0xF7BC, 0xF7BC, 0xF7BC, 0xF7BC, 0xF7BC, 0xF7BC, 0xF7BC, 0xF7BC, 0xF79C,
    0xF79C, 0xF79C, 0xF79C, 0xF79C, 0xF7BC, 0xF7BC, 0xF79C, 0xF79C, 0xF79C, 0xF79C, 0xF79C, 0xF79C,
    0xF7BC, 0xF7BC, 0xF7BC, 0xF7BC, 0xF7BC, 0xF7BC, 0xF7BC, 0xF79C, 0xFFBC, 0xF79C, 0xFFDD, 0xEF3B,
    0x632B, 0x4A49, 0x4A6A, 0x4A4A, 0x4A69, 0x4A28, 0x4A69, 0x4A6A, 0x4A6A, 0x4228, 0x734B, 0xE677,
    0xEE76, 0xEE35, 0xF655, 0xF635, 0xF655, 0xEE55, 0xEE55, 0xEE55, 0xEE34, 0xEE55, 0xEE77, 0x7B6C,
    0x4A28, 0x4A6A, 0x4A4A, 0x4A49, 0x4229, 0x4A69, 0x4A49, 0x4A6A, 0x4A49, 0x5AEB, 0xEF5C, 0xF7BD,
    0xF79C, 0xFFBC, 0xF79C, 0xF79C, 0xFFBD, 0xF79C, 0xF79C, 0xF79C, 0xF79C, 0xF79C, 0xF79C, 0xF79C,
    0xF79C, 0xF79C, 0xF79C, 0xF79C, 0xF79C, 0xF79C, 0xF79C, 0xF79C, 0xF79C, 0xF79C, 0xF79C, 0xF79C,
    0xF79C, 0xF79C, 0xF79C, 0xF79C, 0xF79C, 0xF79C, 0xF79C, 0xF79C, 0xF79C, 0xF79C, 0xF79C, 0xF79C,
    0xF79C, 0xF79C, 0xF79C, 0xF79C, 0xF79C, 0xF79C, 0xF79C, 0xF79C, 0xF79C, 0xF79C, 0xF79C, 0xF79C,
    0xF79C, 0xF79C, 0xF79C, 0xF79C, 0xF79C, 0xF79C, 0xF79C, 0xF79C, 0xF79C, 0xF79C, 0xF79C, 0xF79C,
    0xF79C, 0xF79C, 0xF7BC, 0xF79C, 0xF79C, 0xFFBC, 0xFFBC, 0xF79B, 0xFFFD, 0xA513, 0x39E7, 0x4A49,
    0x4A49, 0x4229, 0x4A49, 0x2965, 0x0000, 0x0000, 0x0000, 0x0000, 0x0000, 0x0000, 0x0000, 0x0000,
    0x0000, 0x0000, 0x0000, 0x0000, 0x0000, 0x0000, 0x0000, 0x0000, 0x0861, 0x39C7, 0x4A49, 0x4229,
    0x4A49, 0x4A49, 0x4228, 0xCE37, 0xFFDD, 0xF79C, 0xF7BC, 0xF79C, 0xF7BC, 0xF79C, 0xFF9C, 0xFF9C,
    0xF79C, 0xF79C, 0xF79C, 0xF79C, 0xF79C, 0xF79C, 0xF79C, 0xF79C, 0xF79C, 0xF79C, 0xF79C, 0xF79C,
    0xF79C, 0xF79C, 0xF79C, 0xF79C, 0xF79C, 0xF79C, 0xF79C, 0xF79C, 0xF79C, 0xF79C, 0xF79C, 0xF79C,
    0xF79C, 0xF79C, 0xF79C, 0xF79C, 0xF79C, 0xF79C, 0xF79C, 0xF79C, 0xF79C, 0xF79C, 0xF79C, 0xF79C,
    0xF79C, 0xF79C, 0xF79C, 0xF79C, 0xF79C, 0xF79C, 0xF7BC, 0xF7BC, 0xF79C, 0xF79C, 0xF79C, 0xF79C,
    0xF79C, 0xF79C, 0xF7BC, 0xF7BC, 0xF7BC, 0xF7BC, 0xFFBC, 0xFF9C, 0xFF9C, 0xFFBC, 0xF79C, 0xF77C,
    0xFFFE, 0x9491, 0x4207, 0x4A69, 0x4A4A, 0x526A, 0x4A28, 0x6B4C, 0x5289, 0x4A49, 0x4A49, 0x4A6A,
    0x4A28, 0xB512, 0xEE97, 0xEE35, 0xF634, 0xF655, 0xEE55, 0xEE55, 0xEE55, 0xEE55, 0xEE55, 0xEE76,
    0xBD12, 0x4A07, 0x4A49, 0x4A49, 0x4A49, 0x4A69, 0x5ACA, 0x4A49, 0x4A69, 0x4A6A, 0x4A69, 0x4208,
    0x94B1, 0xFFFE, 0xF79C, 0xF79C, 0xF7BC, 0xFFBC, 0xF79C, 0xF79C, 0xF79C, 0xF79C, 0xF79C, 0xF79C,
    0xF79C, 0xF79C, 0xF79C, 0xF79C, 0xF79C, 0xF79C, 0xF79C, 0xF79C, 0xF79C, 0xF79C, 0xF79C, 0xF79C,
    0xF79C, 0xF79C, 0xF79C, 0xF79C, 0xF79C, 0xF79C, 0xF79C, 0xF79C, 0xF79C, 0xF79C, 0xF79C, 0xF79C,
    0xF79C, 0xF79C, 0xF79C, 0xF79C, 0xF79C, 0xF79C, 0xF79C, 0xF79C, 0xF79C, 0xF79C, 0xF79C, 0xF79C,
    0xF79C, 0xF79C, 0xF79C, 0xF79C, 0xF79C, 0xF79C, 0xF79C, 0xF79C, 0xF79C, 0xF79C, 0xF79C, 0xF79C,
    0xF79C, 0xF79C, 0xF79C, 0xF79C, 0xF79C, 0xF79C, 0xFFBC, 0xF79C, 0xF79C, 0xFFDD, 0xCE78, 0x4A68,
    0x4A48, 0x4A49, 0x4A49, 0x4A49, 0x39E8, 0x0861, 0x0000, 0x0000, 0x0000, 0x0000, 0x0000, 0x0000,
    0x0000, 0x0000, 0x0000, 0x0000, 0x0000, 0x0000, 0x0000, 0x0000, 0x0000, 0x0000, 0x0000, 0x18E4,
    0x4228, 0x4229, 0x4A49, 0x4A49, 0x39E7, 0x6B6D, 0xF7BD, 0xFFBD, 0xF79C, 0xFFBC, 0xF7BC, 0xF7BC,
    0xFF9C, 0xFF9C, 0xF79C, 0xF79C, 0xF79C, 0xF79C, 0xF79C, 0xF79C, 0xF79C, 0xF79C, 0xF79C, 0xF79C,
    0xF79C, 0xF79C, 0xF79C, 0xF79C, 0xF79C, 0xF79C, 0xF79C, 0xF79C, 0xF79C, 0xF79C, 0xF79C, 0xF79C,
    0xF79C, 0xF79C, 0xF79C, 0xF79C, 0xF79C, 0xF79C, 0xF79C, 0xF79C, 0xF79C, 0xF7BC, 0xF7BC, 0xF7BC,
    0xF7BC, 0xF7BC, 0xF7BC, 0xF79C, 0xF79C, 0xF79C, 0xF79C, 0xF79C, 0xF7BC, 0xF7BC, 0xF79C, 0xF79C,
    0xF79C, 0xF79C, 0xF79C, 0xF79C, 0xF7BC, 0xF7BC, 0xF79C, 0xFF9C, 0xFF9C, 0xFF9C, 0xFF9C, 0xF79C,
    0xF77C, 0xFFFE, 0xC638, 0x4A68, 0x4A69, 0x4A69, 0x4A4A, 0x4A29, 0x62CB, 0xDEB9, 0x736C, 0x4208,
    0x4A6A, 0x4A49, 0x4A28, 0x6B0B, 0xE677, 0xEE55, 0xF654, 0xF654, 0xEE55, 0xEE55, 0xEE55, 0xEE55,
    0xEE55, 0xE677, 0x732B, 0x4A08, 0x4A69, 0x4A69, 0x4A28, 0x6B2C, 0xD638, 0x5AAA, 0x4A29, 0x4A49,
    0x4A69, 0x4A69, 0x4A48, 0xCE57, 0xFFFE, 0xF79C, 0xFFBC, 0xF79C, 0xF7BC, 0xF79C, 0xF79C, 0xF79C,
    0xF79C, 0xF79C, 0xF79C, 0xF79C, 0xF79C, 0xF79C, 0xF79C, 0xF79C, 0xF79C, 0xF79C, 0xF79C, 0xF79C,
    0xF79C, 0xF79C, 0xF79C, 0xF79C, 0xF79C, 0xF79C, 0xF79C, 0xF79C, 0xF79C, 0xF79C, 0xF79C, 0xF79C,
    0xF79C, 0xF79C, 0xF79C, 0xF79C, 0xF79C, 0xF79C, 0xF79C, 0xF79C, 0xF79C, 0xF79C, 0xF79C, 0xF79C,
    0xF79C, 0xF79C, 0xF79C, 0xF79C, 0xF79C, 0xF79C, 0xF79C, 0xF79C, 0xF79C, 0xF79C, 0xF79C, 0xF79C,
    0xF79C, 0xF79C, 0xF79C, 0xF79C, 0xF79C, 0xF79C, 0xF79C, 0xF79C, 0xF79C, 0xF79C, 0xFFBD, 0xFFDE,
    0x73AE, 0x41E7, 0x4A69, 0x4A69, 0x4A49, 0x4A49, 0x2104, 0x0000, 0x0000, 0x0000, 0x0000, 0x0000,
    0x0000, 0x0000, 0x0000, 0x0000, 0x0000, 0x0000, 0x0000, 0x0000, 0x0000, 0x0000, 0x0000, 0x0000,
    0x0000, 0x0000, 0x2966, 0x4A49, 0x4229, 0x4A4A, 0x4A49, 0x4208, 0x9CF3, 0xFFBD, 0xF7BD, 0xF79C,
    0xFFBC, 0xFF9C, 0xFF9C, 0xFF9C, 0xF79C, 0xF79C, 0xF7BC, 0xF7BC, 0xF79C, 0xF79C, 0xF79C, 0xF79C,
    0xF79C, 0xF79C, 0xF79C, 0xF79C, 0xF79C, 0xF79C, 0xF79C, 0xF79C, 0xF79C, 0xF79C, 0xF79C, 0xF79C,
    0xF79C, 0xF79C, 0xF79C, 0xF79C, 0xF79C, 0xF79C, 0xF79C, 0xF79C, 0xF79C, 0xF79C, 0xF79C, 0xF79C,
    0xF79C, 0xF79C, 0xF79C, 0xF79C, 0xF79C, 0xF79C, 0xF79C, 0xF79C, 0xF79C, 0xF79C, 0xF7BC, 0xF7BC,
    0xF79C, 0xF79C, 0xF79C, 0xF79C, 0xF79C, 0xF79C, 0xF7BC, 0xF7BC, 0xF79C, 0xFF9C, 0xFF9C, 0xFF9C,
    0xFF9B, 0xF79C, 0xFFDD, 0xDEDA, 0x5AEB, 0x4A48, 0x4A69, 0x4A49, 0x4A6A, 0x4A29, 0xB554, 0xFFBC,
    0xBDB5, 0x5248, 0x4A49, 0x4A69, 0x4A49, 0x4A28, 0xACD1, 0xF696, 0xEE34, 0xF654, 0xEE55, 0xEE55,
    0xEE55, 0xEE35, 0xF696, 0xACD1, 0x4A27, 0x4A49, 0x4A6A, 0x4A49, 0x5248, 0xBD95, 0xFFDE, 0xAD34,
    0x4A28, 0x4A69, 0x4A49, 0x4A69, 0x4A48, 0x62EB, 0xDEDA, 0xFFBD, 0xF77C, 0xFFBC, 0xF79B, 0xF7BC,
    0xF79C, 0xF79C, 0xF79C, 0xF79C, 0xF79C, 0xF79C, 0xF79C, 0xF79C, 0xF79C, 0xF79C, 0xF79C, 0xF79C,
    0xF79C, 0xF79C, 0xF79C, 0xF79C, 0xF79C, 0xF79C, 0xF79C, 0xF79C, 0xF79C, 0xF79C, 0xF79C, 0xF79C,
    0xF79C, 0xF79C, 0xF79C, 0xF79C, 0xF79C, 0xF79C, 0xF79C, 0xF79C, 0xF79C, 0xF79C, 0xF79C, 0xF79C,
    0xF79C, 0xF79C, 0xF79C, 0xF79C, 0xF79C, 0xF79C, 0xF79C, 0xF79C, 0xF79C, 0xF79C, 0xF79C, 0xF79C,
    0xF79C, 0xF79C, 0xF79C, 0xF79C, 0xF79C, 0xF79C, 0xF79C, 0xF79C, 0xFFBC, 0xF79C, 0xFFBC, 0xF79C,
    0xFFDE, 0xA534, 0x4229, 0x4A49, 0x4A69, 0x4229, 0x4A69, 0x3186, 0x0020, 0x0000, 0x0000, 0x0000,
    0x0000, 0x0000, 0x0000, 0x0000, 0x0000, 0x0000, 0x0000, 0x0000, 0x0000, 0x0000, 0x0000, 0x0000,
    0x0000, 0x0000, 0x0000, 0x0000, 0x0861, 0x39E8, 0x4229, 0x4A29, 0x4A69, 0x4A49, 0x4208, 0x9491,
    0xFFDD, 0xF79C, 0xF79C, 0xFFBC, 0xFF9C, 0xFF9C, 0xF79C, 0xF7BC, 0xF7BC, 0xF7BC, 0xF79C, 0xF79C,
    0xF79C, 0xF79C, 0xF79C, 0xF79C, 0xF79C, 0xF79C, 0xF79C, 0xF79C, 0xF79C, 0xF79C, 0xF79C, 0xF79C,
    0xF79C, 0xF79C, 0xF79C, 0xF79C, 0xF79C, 0xF79C, 0xF79C, 0xF79C, 0xF79C, 0xF79C, 0xF79C, 0xF79C,
    0xF79C, 0xF79C, 0xF79C, 0xF79C, 0xF79C, 0xF79C, 0xF79C, 0xF79C, 0xF79C, 0xF79C, 0xF79C, 0xF79C,
    0xF7BC, 0xF7BC, 0xF79C, 0xF79C, 0xF79C, 0xF79C, 0xF79C, 0xF79C, 0xF7BC, 0xF7BC, 0xF79C, 0xF79C,
    0xF79C, 0xF79B, 0xFFBC, 0xF79C, 0xEF3B, 0x632B, 0x4208, 0x4A49, 0x4A69, 0x4A6A, 0x4229, 0x9451,
    0xFF7C, 0xEF1A, 0xFF7C, 0x8C0F, 0x4208, 0x4A69, 0x4A49, 0x4A29, 0x6289, 0xDE15, 0xF675, 0xF654,
    0xF654, 0xEE55, 0xEE55, 0xEE56, 0xDDF5, 0x5A89, 0x4A49, 0x4A69, 0x4A49, 0x4207, 0x83EE, 0xFF9C,
    0xF73B, 0xFF7C, 0x8BEF, 0x4208, 0x4A6A, 0x4A49, 0x4A69, 0x4208, 0x630B, 0xEF5C, 0xF7BC, 0xF79C,
    0xF79C, 0xF7BC, 0xF79C, 0xF79C, 0xF79C, 0xF79C, 0xF79C, 0xF79C, 0xF79C, 0xF79C, 0xF79C, 0xF79C,
    0xF79C, 0xF79C, 0xF79C, 0xF79C, 0xF79C, 0xF79C, 0xF79C, 0xF79C, 0xF79C, 0xF79C, 0xF79C, 0xF79C,
    0xF79C, 0xF79C, 0xF79C, 0xF79C, 0xF79C, 0xF79C, 0xF79C, 0xF79C, 0xF79C, 0xF79C, 0xF79C, 0xF79C,
    0xF79C, 0xF79C, 0xF79C, 0xF79C, 0xF79C, 0xF79C, 0xF79C, 0xF79C, 0xF79C, 0xF79C, 0xF79C, 0xF79C,
    0xF79C, 0xF79C, 0xF79C, 0xF79C, 0xF79C, 0xF79C, 0xFFBC, 0xF79C, 0xF79C, 0xF7BC, 0xF7BC, 0xF79C,
    0xF79C, 0xFFFE, 0xA513, 0x4A49, 0x528A, 0x4A6A, 0x4229, 0x4A69, 0x4228, 0x10A2, 0x0000, 0x0000,
    0x0000, 0x0000, 0x0000, 0x0000, 0x0000, 0x0000, 0x0000, 0x0000, 0x0000, 0x0000, 0x0000, 0x0000,
    0x0000, 0x0000, 0x0000, 0x0000, 0x0000, 0x0000, 0x0000, 0x18C3, 0x4228, 0x4228, 0x4A69, 0x4A89,
    0x528A, 0x4228, 0x9CF3, 0xFFFF, 0xF79D, 0xF79C, 0xF7BC, 0xF79C, 0xFFBC, 0xF7BC, 0xF79C, 0xF79C,
    0xF79C, 0xF79C, 0xF79C, 0xF7BC, 0xF7BC, 0xF7BC, 0xF7BC, 0xF79C, 0xF79C, 0xF79C, 0xF79C, 0xF79C,
    0xF79C, 0xF79C, 0xF79C, 0xF79C, 0xF79C, 0xF79C, 0xF79C, 0xF79C, 0xF79C, 0xF79C, 0xF79C, 0xF79C,
    0xF79C, 0xF79C, 0xF79C, 0xF79C, 0xF79C, 0xF79C, 0xF79C, 0xF79C, 0xF79C, 0xF79C, 0xF7BC, 0xF7BC,
    0xF79C, 0xF79C, 0xF7BC, 0xF7BC, 0xF7BC, 0xF7BC, 0xF7BC, 0xF79C, 0xF79C, 0xF79C, 0xF79C, 0xF7BC,
    0xF7BC, 0xF79C, 0xF7BC, 0xF7BC, 0xF79B, 0xFFFD, 0x9CD2, 0x4207, 0x4A6A, 0x4A49, 0x4A4A, 0x4A49,
    0x6B0C, 0xEEFA, 0xF73B, 0xF71A, 0xF73B, 0xD637, 0x4A48, 0x4A49, 0x4A6A, 0x4A4A, 0x4A08, 0x940F,
    0xEE97, 0xEE34, 0xF634, 0xF654, 0xEE35, 0xEE97, 0x940F, 0x4A08, 0x4A4A, 0x4A6A, 0x4A49, 0x4A28,
    0xD616, 0xFF5B, 0xF71A, 0xFF5B, 0xE6B9, 0x5ACB, 0x4249, 0x4A69, 0x4A49, 0x4A69, 0x4208, 0x9CB2,
    0xFFFE, 0xF79C, 0xF79C, 0xF79C, 0xF79C, 0xF7BC, 0xF7BC, 0xF7BC, 0xF7BC, 0xF7BC, 0xF79C, 0xF79C,
    0xF79C, 0xF79C, 0xF79C, 0xF79C, 0xF79C, 0xF79C, 0xF79C, 0xF79C, 0xF79C, 0xF79C, 0xF79C, 0xF79C,
    0xF79C, 0xF79C, 0xF79C, 0xF79C, 0xF79C, 0xF79C, 0xF79C, 0xF79C, 0xF79C, 0xF79C, 0xF79C, 0xF79C,
    0xF79C, 0xF79C, 0xF79C, 0xF79C, 0xF79C, 0xF79C, 0xF79C, 0xF79C, 0xF79C, 0xF79C, 0xF79C, 0xF79C,
    0xF79C, 0xF79C, 0xF79C, 0xF79C, 0xF79C, 0xF79C, 0xFF9C, 0xFF9C, 0xF79C, 0xF79C, 0xF7BC, 0xF7BC,
    0xF79C, 0xF79C, 0xFFFF, 0xAD74, 0x4A48, 0x528A, 0x528A, 0x4A69, 0x4A69, 0x4A49, 0x2104, 0x0000,
    0x0000, 0x0000, 0x0000, 0x0000, 0x0000, 0x0000, 0x0000, 0x0000, 0x0000, 0x0000, 0x0000, 0x0000,
    0x0000, 0x0000, 0x0000, 0x0000, 0x0000, 0x0000, 0x0000, 0x0000, 0x0000, 0x0000, 0x2104, 0x4A69,
    0x4A69, 0x4A89, 0x4A69, 0x528A, 0x4A48, 0xA513, 0xFFDE, 0xF7BD, 0xF79C, 0xF7BC, 0xF79C, 0xFFBC,
    0xF79C, 0xF79C, 0xF79C, 0xF79C, 0xF7BC, 0xF7BC, 0xF7BC, 0xF7BC, 0xF7BC, 0xF79C, 0xF79C, 0xF79C,
    0xF79C, 0xF79C, 0xF79C, 0xF79C, 0xF79C, 0xF79C, 0xF79C, 0xF79C, 0xF79C, 0xF79C, 0xF79C, 0xF79C,
    0xF79C, 0xF79C, 0xF79C, 0xF79C, 0xF79C, 0xF79C, 0xF79C, 0xF79C, 0xF79C, 0xF79C, 0xF79C, 0xF79C,
    0xF79C, 0xF79C, 0xF79C, 0xF79C, 0xF79C, 0xF79C, 0xF79C, 0xF79C, 0xF79C, 0xF79C, 0xF79C, 0xF79C,
    0xFF9C, 0xF79C, 0xF79C, 0xF7BC, 0xF79C, 0xF79C, 0xFFFE, 0xBDF6, 0x4A48, 0x4A49, 0x4A49, 0x4A4A,
    0x4A29, 0x4A28, 0xC5F6, 0xFF7C, 0xF71A, 0xF73A, 0xF71A, 0xF75C, 0x8C0F, 0x41E7, 0x4A6A, 0x4A6A,
    0x4A49, 0x5A68, 0xCD94, 0xF676, 0xF634, 0xF655, 0xEE76, 0xCDB4, 0x5A68, 0x5249, 0x4A6A, 0x4A4A,
    0x4208, 0x83EE, 0xF73B, 0xF71A, 0xF71A, 0xF73A, 0xFF7C, 0xB595, 0x4A28, 0x4A69, 0x4A49, 0x4A69,
    0x4A49, 0x4A49, 0xB5B5, 0xFFFE, 0xF79C, 0xF79C, 0xF79C, 0xF79C, 0xF7BC, 0xF7BC, 0xF7BC, 0xF7BC,
    0xF7BC, 0xF79C, 0xF79C, 0xF79C, 0xF79C, 0xF79C, 0xF79C, 0xF79C, 0xF79C, 0xF79C, 0xF79C, 0xF79C,
    0xF79C, 0xF79C, 0xF79C, 0xF79C, 0xF79C, 0xF79C, 0xF79C, 0xF79C, 0xF79C, 0xF79C, 0xF79C, 0xF79C,
    0xF79C, 0xF79C, 0xF79C, 0xF79C, 0xF79C, 0xF79C, 0xF79C, 0xF79C, 0xF79C, 0xF79C, 0xF79C, 0xF79C,
    0xF79C, 0xF79C, 0xF79C, 0xF79C, 0xF79C, 0xF79C, 0xF79C, 0xF79C, 0xF79C, 0xF79C, 0xFF9C, 0xF79C,
    0xF7BC, 0xF79C, 0xF7BC, 0xFFFE, 0xAD75, 0x4A89, 0x528A, 0x4A69, 0x4A69, 0x4A69, 0x528A, 0x2124,
    0x0000, 0x0000, 0x0000, 0x0000, 0x0000, 0x0000, 0x0000, 0x0000, 0x0000, 0x0000, 0x0000, 0x0000,
    0x0000, 0x0000, 0x0000, 0x0000, 0x0000, 0x0000, 0x0000, 0x0000, 0x0000, 0x0000, 0x0000, 0x0000,
    0x0000, 0x3186, 0x52AA, 0x4A6A, 0x4A69, 0x4A69, 0x528A, 0x4A28, 0x9CF3, 0xFFDE, 0xF7BD, 0xF79C,
    0xFFBC, 0xF7BC, 0xF79C, 0xF79C, 0xF79C, 0xF79C, 0xF79C, 0xF79C, 0xF79C, 0xF79C, 0xF79C, 0xF79C,
    0xF79C, 0xF79C, 0xF79C, 0xF79C, 0xF79C, 0xF79C, 0xF79C, 0xF79C, 0xF79C, 0xF79C, 0xF79C, 0xF79C,
    0xF79C, 0xF79C, 0xF79C, 0xF79C, 0xF79C, 0xF79C, 0xF79C, 0xF79C, 0xF79C, 0xF79C, 0xF79C, 0xF79C,
    0xF7BC, 0xF79C, 0xF79C, 0xF79C, 0xF79C, 0xF79C, 0xF79C, 0xF79C, 0xF79C, 0xF79C, 0xF79C, 0xF79C,
    0xF79C, 0xFF9C, 0xFF9C, 0xF79C, 0xF7BC, 0xF79C, 0xF79C, 0xFFFE, 0xCE58, 0x4A69, 0x4228, 0x4A49,
    0x4249, 0x4A49, 0x41C7, 0x9450, 0xF75C, 0xF71A, 0xF73A, 0xF71A, 0xF71A, 0xF75B, 0xD658, 0x5269,
    0x4A49, 0x4A49, 0x4A6A, 0x4A28, 0x836C, 0xEE77, 0xEE55, 0xEE35, 0xEE77, 0x83AD, 0x4A07, 0x526A,
    0x4A6A, 0x4A49, 0x5269, 0xCE37, 0xF73B, 0xF71A, 0xF719, 0xF71A, 0xF71A, 0xF75C, 0x9450, 0x41E7,
    0x5269, 0x4A49, 0x4A4A, 0x4A69, 0x5289, 0xCE37, 0xFFFE, 0xF79C, 0xF7BC, 0xF79C, 0xF79C, 0xF79C,
    0xF79C, 0xF79C, 0xF79C, 0xF79C, 0xF79C, 0xF79C, 0xF79C, 0xF79C, 0xF79C, 0xF79C, 0xF79C, 0xF79C,
    0xF79C, 0xF79C, 0xF79C, 0xF79C, 0xF79C, 0xF79C, 0xF79C, 0xF79C, 0xF79C, 0xF79C, 0xF79C, 0xF79C,
    0xF79C, 0xF79C, 0xF79C, 0xF79C, 0xF79C, 0xF79C, 0xF79C, 0xF79C, 0xF79C, 0xF79C, 0xF79C, 0xF79C,
    0xF79C, 0xF79C, 0xF79C, 0xF79C, 0xF79C, 0xF79C, 0xF79C, 0xF79C, 0xF79C, 0xF79C, 0xF79C, 0xFFBC,
    0xF79C, 0xF79C, 0xF79C, 0xF79C, 0xFFFE, 0xAD54, 0x5289, 0x528A, 0x528A, 0x528A, 0x4A69, 0x528A,
    0x3186, 0x0000, 0x0000, 0x0000, 0x0000, 0x0000, 0x0000, 0x0000, 0x0000, 0x0000, 0x0000, 0x0000,
    0x0000, 0x0000, 0x0000, 0x0000, 0x0000, 0x0000, 0x0000, 0x0000, 0x0000, 0x0000, 0x0000, 0x0000,
    0x0000, 0x0000, 0x0000, 0x0000, 0x31A6, 0x52AA, 0x4A69, 0x4A69, 0x526A, 0x4A69, 0x4228, 0x9491,
    0xF7BD, 0xFFBD, 0xF79C, 0xF7BC, 0xF79C, 0xF79C, 0xF79C, 0xF79C, 0xF79C, 0xF79C, 0xF79C, 0xF79C,
    0xF79C, 0xF7BC, 0xF7BC, 0xF79C, 0xF79C, 0xF79C, 0xF79C, 0xF79C, 0xF79C, 0xF79C, 0xF79C, 0xF79C,
    0xF79C, 0xF79C, 0xF79C, 0xF79C, 0xF79C, 0xF79C, 0xF79C, 0xF79C, 0xF79C, 0xF79C, 0xF79C, 0xF79C,
    0xF79C, 0xF79C, 0xF79C, 0xF79C, 0xF79C, 0xF79C, 0xF79C, 0xF79C, 0xF79C, 0xF79C, 0xF79C, 0xF79C,
    0xF79C, 0xF79C, 0xFF9C, 0xFF9C, 0xFF9C, 0xF79C, 0xF7BC, 0xF79C, 0xFFFF, 0xCE78, 0x528A, 0x4A49,
    0x4A49, 0x4A49, 0x4229, 0x41E7, 0x734C, 0xEEFA, 0xF71A, 0xF71A, 0xF71A, 0xF73A, 0xF71A, 0xF71A,
    0xF75C, 0x9C71, 0x4208, 0x4A6A, 0x4A4A, 0x5269, 0x4A07, 0xB4F2, 0xEEB8, 0xEE97, 0xBD53, 0x5227,
    0x5269, 0x526A, 0x4A49, 0x4208, 0x9471, 0xF75B, 0xEEFA, 0xF73A, 0xF71A, 0xF71A, 0xF71A, 0xF71A,
    0xEEFA, 0x736D, 0x41E7, 0x526A, 0x4A49, 0x4A49, 0x4A49, 0x52A9, 0xCE58, 0xFFFE, 0xF79C, 0xF79C,
    0xF79C, 0xF79C, 0xF79C, 0xF79C, 0xF79B, 0xF79C, 0xF79C, 0xF79C, 0xF79C, 0xF79C, 0xF79C, 0xF79C,
    0xF79C, 0xF79C, 0xF79C, 0xF79C, 0xF79C, 0xF79C, 0xF79C, 0xF79C, 0xF79C, 0xF79C, 0xF79C, 0xF79C,
    0xF79C, 0xF79C, 0xF79C, 0xF79C, 0xF79C, 0xF79C, 0xF79C, 0xF79C, 0xF79C, 0xF79C, 0xF79C, 0xF79C,
    0xF79C, 0xF79C, 0xF79C, 0xF7BC, 0xF7BC, 0xF79C, 0xF79C, 0xF79C, 0xF79C, 0xF79C, 0xF79C, 0xF79C,
    0xF79C, 0xF79C, 0xF79C, 0xF7BC, 0xF7BC, 0xFFBD, 0x9CD2, 0x4A48, 0x4A69, 0x528A, 0x4A6A, 0x4A69,
    0x528A, 0x31A6, 0x0000, 0x0000, 0x0000, 0x0000, 0x0000, 0x0000, 0x0000, 0x0000, 0x0000, 0x0000,
    0x0000, 0x0000, 0x0000, 0x0000, 0x0000, 0x0000, 0x0000, 0x0000, 0x0000, 0x0000, 0x0000, 0x0000,
    0x0000, 0x0000, 0x0000, 0x0000, 0x0000, 0x0000, 0x0000, 0x31A6, 0x528A, 0x4A6A, 0x4A69, 0x4A69,
    0x4A69, 0x4207, 0x840F, 0xEF7D, 0xFFDD, 0xF79C, 0xF79C, 0xF79C, 0xF79C, 0xF79C, 0xF79C, 0xFF9C,
    0xFF9C, 0xFF9C, 0xFF9C, 0xF7BC, 0xF7BC, 0xF7BC, 0xF79C, 0xF79C, 0xF79C, 0xF79C, 0xF79C, 0xF79C,
    0xF79C, 0xF79C, 0xF79C, 0xF79C, 0xF79C, 0xF79C, 0xF79C, 0xF79C, 0xF79C, 0xF79C, 0xF79C, 0xF79C,
    0xF79C, 0xF79C, 0xF79C, 0xF79C, 0xF79C, 0xF79C, 0xF7BC, 0xF7BC, 0xF79C, 0xF79C, 0xF79C, 0xF79C,
    0xF79C, 0xF79C, 0xFF9C, 0xFFBC, 0xF79B, 0xFF9C, 0xFFBC, 0xF79C, 0xF79C, 0xFFFE, 0xC637, 0x528A,
    0x4A29, 0x4A4A, 0x4A49, 0x4A49, 0x4208, 0x5AAA, 0xDE98, 0xFF5B, 0xF6F9, 0xF73A, 0xF719, 0xF719,
    0xF71A, 0xF71A, 0xF73B, 0xDE99, 0x5AAA, 0x4A49, 0x4A6A, 0x4A69, 0x5248, 0x62CA, 0xDE57, 0xEEB9,
    0x732B, 0x4A28, 0x4A69, 0x4A49, 0x4A49, 0x5AAA, 0xDE99, 0xF71B, 0xF73A, 0xF71A, 0xF71A, 0xF71A,
    0xF71A, 0xEEF9, 0xFF5B, 0xDE99, 0x62CA, 0x4228, 0x4A6A, 0x4A49, 0x528A, 0x4A49, 0x5289, 0xCE37,
    0xFFFE, 0xF79C, 0xF79C, 0xF79C, 0xF79C, 0xF79C, 0xFFBC, 0xFF9C, 0xFF9C, 0xF79C, 0xF79C, 0xF79C,
    0xF7BC, 0xF79C, 0xF79C, 0xF79C, 0xF79C, 0xF79C, 0xF79C, 0xF79C, 0xF79C, 0xF79C, 0xF79C, 0xF79C,
    0xF79C, 0xF79C, 0xF79C, 0xF79C, 0xF79C, 0xF79C, 0xF79C, 0xF79C, 0xF79C, 0xF79C, 0xF79C, 0xF79C,
    0xF79C, 0xF79C, 0xF79C, 0xF79C, 0xF79C, 0xF79C, 0xF79C, 0xF79C, 0xF79C, 0xF79C, 0xF7BC, 0xF7BC,
    0xF79C, 0xF79C, 0xF79C, 0xF7BC, 0xF79C, 0xF7BC, 0xF7BD, 0x8C70, 0x39E7, 0x4A49, 0x528A, 0x4A6A,
    0x4A6A, 0x52AA, 0x31A6, 0x0000, 0x0000, 0x0000, 0x0000, 0x0000, 0x0000, 0x0000, 0x0000, 0x0000,
    0x0000, 0x0000, 0x0000, 0x0000, 0x0000, 0x0000, 0x0000, 0x0000, 0x0000, 0x0000, 0x0000, 0x0000,
    0x0000, 0x0000, 0x0000, 0x0000, 0x0000, 0x0000, 0x0000, 0x0000, 0x0000, 0x0000, 0x2965, 0x528A,
    0x528A, 0x4A69, 0x4A69, 0x4A49, 0x41E7, 0x630B, 0xD678, 0xFFFE, 0xF79C, 0xF79C, 0xF79C, 0xF79C,
    0xF7BC, 0xF79C, 0xF79C, 0xFFBC, 0xF79C, 0xF79C, 0xF79C, 0xF79C, 0xF79C, 0xF79C, 0xF79C, 0xF79C,
    0xF79C, 0xF79C, 0xF79C, 0xF7BC, 0xF79C, 0xF79C, 0xF79C, 0xF79C, 0xF79C, 0xF79C, 0xF79C, 0xF79C,
    0xF79C, 0xF79C, 0xF79C, 0xF79C, 0xF7BC, 0xF79C, 0xF79C, 0xF79C, 0xF7BC, 0xF7BC, 0xF79C, 0xF79C,
    0xF7BC, 0xF79C, 0xF7BC, 0xFFBC, 0xF7BB, 0xF7BB, 0xF7BB, 0xF79B, 0xF79B, 0xF79C, 0xFFFE, 0xB595,
    0x528A, 0x4A69, 0x4A4A, 0x4A4A, 0x4A4A, 0x4A49, 0x5289, 0xCE37, 0xF73B, 0xF6F9, 0xF719, 0xF719,
    0xF719, 0xF719, 0xF71A, 0xF71A, 0xF71A, 0xF75B, 0x8C0F, 0x4208, 0x4A6A, 0x4A6A, 0x4A69, 0x4A28,
    0x9430, 0xA4D2, 0x5248, 0x528A, 0x4A6A, 0x526A, 0x41E7, 0x83EF, 0xF73B, 0xEEFA, 0xF71A, 0xF71A,
    0xF71A, 0xF71A, 0xF6FA, 0xF71A, 0xF71A, 0xF73B, 0xD637, 0x5AAA, 0x4A49, 0x526A, 0x4A69, 0x4A69,
    0x4A49, 0x5289, 0xBDB5, 0xFFFE, 0xF7BC, 0xF79C, 0xFFBC, 0xF79C, 0xF79B, 0xF79B, 0xFFBC, 0xF79C,
    0xF79C, 0xF79C, 0xF79C, 0xF79C, 0xF79C, 0xF79C, 0xF79C, 0xF79C, 0xF79C, 0xF79C, 0xF79C, 0xF79C,
    0xF79C, 0xF79C, 0xF79C, 0xF79C, 0xF79C, 0xF79C, 0xF79C, 0xF79C, 0xF79C, 0xF79C, 0xF79C, 0xF79C,
    0xF79C, 0xF7BC, 0xF79C, 0xF79C, 0xF79C, 0xF79C, 0xF79C, 0xF79C, 0xF79C, 0xF79C, 0xF79C, 0xF79C,
    0xF79C, 0xFFBC, 0xF79C, 0xF7BC, 0xF79C, 0xF79C, 0xFFFD, 0xDED9, 0x73AD, 0x4207, 0x4A49, 0x4A69,
    0x4A6A, 0x4A6A, 0x528A, 0x2966, 0x0000, 0x0000, 0x0000, 0x0000, 0x0000, 0x0000, 0x0000, 0x0000,
    0x0000, 0x0000, 0x0000, 0x0000, 0x0000, 0x0000, 0x0000, 0x0000, 0x0000, 0x0000, 0x0000, 0x0000,
    0x0000, 0x0000, 0x0000, 0x0000, 0x0000, 0x0000, 0x0000, 0x0000, 0x0000, 0x0000, 0x0000, 0x0000,
    0x0000, 0x2945, 0x4A49, 0x4A69, 0x4A49, 0x4A49, 0x4A69, 0x4207, 0x4A68, 0xAD54, 0xFFDD, 0xF7BD,
    0xF79C, 0xF79C, 0xF79C, 0xF79C, 0xFFBC, 0xF79C, 0xF7BC, 0xF7BC, 0xF7BC, 0xF7BC, 0xF7BC, 0xF7BC,
    0xF7BC, 0xF7BC, 0xF7BC, 0xF7BC, 0xF7BC, 0xF79C, 0xF79C, 0xF79C, 0xF79C, 0xF79C, 0xF79C, 0xF79C,
    0xF79C, 0xF79C, 0xF79C, 0xF7BC, 0xF79C, 0xF79C, 0xF79C, 0xF7BC, 0xF79C, 0xF79C, 0xF79C, 0xF79C,
    0xF7BC, 0xF7BC, 0xF7BC, 0xF7BC, 0xF7BC, 0xF7BB, 0xF7BB, 0xF79B, 0xF7BB, 0xF77B, 0xFFDD, 0xF77C,
    0x94B1, 0x4A48, 0x4A69, 0x4A6A, 0x4A6A, 0x4A6A, 0x4A69, 0x5AAA, 0xCE17, 0xFF7C, 0xF71A, 0xF719,
    0xF719, 0xF719, 0xF719, 0xF71A, 0xF6F9, 0xF73A, 0xEEF9, 0xF73A, 0xCE16, 0x4A48, 0x4A49, 0x4A6A,
    0x4A6A, 0x526A, 0x5249, 0x5A89, 0x5269, 0x528A, 0x4A6A, 0x4A69, 0x4A28, 0xC5D6, 0xF73B, 0xF6FA,
    0xF71A, 0xF71A, 0xF71A, 0xF71A, 0xF71A, 0xF719, 0xF6F9, 0xF71A, 0xFF7C, 0xCE38, 0x5ACA, 0x4A49,
    0x526A, 0x4A6A, 0x528A, 0x5269, 0x4A48, 0x94B1, 0xEF7C, 0xFFDD, 0xEF7B, 0xF79C, 0xF79C, 0xFFBC,
    0xF79C, 0xF79C, 0xF79C, 0xF7BC, 0xF79C, 0xF79C, 0xF79C, 0xF79C, 0xF79C, 0xF79C, 0xF79C, 0xF79C,
    0xF79C, 0xF79C, 0xF79C, 0xF79C, 0xF79C, 0xF79C, 0xF79C, 0xF79C, 0xF79C, 0xF79C, 0xF79C, 0xF79C,
    0xF79C, 0xF79C, 0xF79C, 0xF79C, 0xF79C, 0xF79C, 0xF79C, 0xF79C, 0xF79C, 0xF79C, 0xF79C, 0xF79C,
    0xF79C, 0xF7BC, 0xF79C, 0xF79C, 0xF7BC, 0xF79C, 0xF7BD, 0xFFFD, 0xBDD6, 0x5ACA, 0x4207, 0x4A49,
    0x4A69, 0x4A49, 0x4A49, 0x4A6A, 0x2965, 0x0000, 0x0000, 0x0000, 0x0000, 0x0000, 0x0000, 0x0000,
    0x0000, 0x0000, 0x0000, 0x0000, 0x0000, 0x0000, 0x0000, 0x0000, 0x0000, 0x0000, 0x0000, 0x0000,
    0x0000, 0x0000, 0x0000, 0x0000, 0x0000, 0x0000, 0x0000, 0x0000, 0x0000, 0x0000, 0x0000, 0x0000,
    0x0000, 0x0000, 0x0000, 0x0000, 0x18E4, 0x4A29, 0x4A49, 0x4A49, 0x4A49, 0x4A69, 0x4208, 0x3A07,
    0x7BEF, 0xE71B, 0xFFFE, 0xF7BD, 0xF79C, 0xF7BC, 0xF7BC, 0xFFBC, 0xF79C, 0xF7BC, 0xF7BC, 0xF7BC,
    0xF7BC, 0xF7BC, 0xF7BC, 0xF7BC, 0xF7BC, 0xF7BC, 0xF7BC, 0xF79C, 0xF79C, 0xF79C, 0xF79C, 0xF79C,
    0xF7BC, 0xF7BC, 0xF79C, 0xF79C, 0xF79C, 0xF7BC, 0xF79C, 0xF79C, 0xF7BC, 0xF7BC, 0xF79C, 0xF7BC,
    0xF7BC, 0xF7BC, 0xF79C, 0xF79C, 0xF7BC, 0xF7BC, 0xF7BC, 0xF7BC, 0xF79C, 0xF79B, 0xF79C, 0xFFDD,
    0xD678, 0x6B6C, 0x41E7, 0x4A49, 0x4A69, 0x528A, 0x526A, 0x5269, 0x5289, 0xCE17, 0xFF7C, 0xF71A,
    0xF73A, 0xF719, 0xF719, 0xF719, 0xF71A, 0xF71A, 0xF73A, 0xF71A, 0xF71A, 0xF6F9, 0xF73B, 0x9C91,
    0x4208, 0x528A, 0x4A6A, 0x4A6A, 0x528A, 0x5269, 0x528A, 0x4A6A, 0x528A, 0x4228, 0x9450, 0xF73B,
    0xEEF9, 0xF71A, 0xF71A, 0xF71A, 0xF71A, 0xF71A, 0xF6FA, 0xF71A, 0xF71A, 0xF71A, 0xF71A, 0xFF9D,
    0xD638, 0x62CA, 0x4A49, 0x528A, 0x4A6A, 0x4A6A, 0x4A69, 0x4207, 0x6B4C, 0xCE78, 0xFFDD, 0xF79C,
    0xF79C, 0xF77B, 0xF79C, 0xFFBC, 0xF79C, 0xF7BC, 0xF7BC, 0xF79C, 0xF79C, 0xF7BC, 0xF79C, 0xF79C,
    0xF79C, 0xF79C, 0xF79C, 0xF79C, 0xF79C, 0xF79C, 0xF79C, 0xF79C, 0xF79C, 0xF7BC, 0xF7BC, 0xF79C,
    0xF79C, 0xF79C, 0xF7BC, 0xF7BC, 0xF79C, 0xF79C, 0xF79C, 0xF79C, 0xF79C, 0xF79C, 0xF79C, 0xF79C,
    0xF79C, 0xF79C, 0xF79C, 0xF79C, 0xF7BC, 0xF79C, 0xF79C, 0xFFDE, 0xEF5C, 0x9491, 0x4248, 0x4228,
    0x4A69, 0x4A49, 0x4229, 0x4A49, 0x4249, 0x2125, 0x0000, 0x0000, 0x0000, 0x0000, 0x0000, 0x0000,
    0x0000, 0x0000, 0x0000, 0x0000, 0x0000, 0x0000, 0x0000, 0x0000, 0x0000, 0x0000, 0x0000, 0x0000,
    0x0000, 0x0000, 0x0000, 0x0000, 0x0000, 0x0000, 0x0000, 0x0000, 0x0000, 0x0000, 0x0000, 0x0000,
    0x0000, 0x0000, 0x0000, 0x0000, 0x0000, 0x0000, 0x0000, 0x10A2, 0x4208, 0x4A69, 0x4A49, 0x4A49,
    0x4A49, 0x4A69, 0x4207, 0x52CA, 0xB595, 0xF7BD, 0xF7BD, 0xF79C, 0xF79C, 0xF7BC, 0xFFBC, 0xF7BC,
    0xF7BC, 0xF7BC, 0xF7BC, 0xF7BC, 0xF7BC, 0xF7BC, 0xF7BC, 0xF7BC, 0xF7BC, 0xF79C, 0xF79C, 0xF79C,
    0xF79C, 0xF79C, 0xF7BC, 0xF7BC, 0xF79C, 0xF79C, 0xF79C, 0xF79C, 0xF79C, 0xF79C, 0xFFBC, 0xF7BC,
    0xF79C, 0xF7BC, 0xF7BC, 0xF7BC, 0xF79C, 0xF79C, 0xFFBC, 0xF7BC, 0xF7BC, 0xF7BC, 0xF79C, 0xFFDD,
    0xEF7C, 0x9CF2, 0x4A69, 0x4208, 0x4A69, 0x4A49, 0x4A49, 0x4A49, 0x4A29, 0x4A28, 0xB575, 0xFF7C,
    0xF73B, 0xF73A, 0xF71A, 0xF71A, 0xF71A, 0xF71A, 0xF71A, 0xF71A, 0xF71A, 0xF71A, 0xF71A, 0xF6F9,
    0xF71A, 0xEF1A, 0x6B4C, 0x4A49, 0x4A8A, 0x4A6A, 0x4A49, 0x4A49, 0x5269, 0x528A, 0x4A6A, 0x630B,
    0xE6B9, 0xF73A, 0xF6F9, 0xFF19, 0xF71A, 0xF71A, 0xF71A, 0xF71A, 0xF71A, 0xF6FA, 0xF71A, 0xF71A,
    0xF73A, 0xF71A, 0xFF9C, 0xC5D6, 0x5289, 0x4A49, 0x4A69, 0x4A6A, 0x4A6A, 0x4A49, 0x4207, 0x4A48,
    0x9CF2, 0xEF5B, 0xFFBD, 0xF79C, 0xF79C, 0xF79C, 0xF7BC, 0xF7BC, 0xF7BC, 0xF7BC, 0xF79C, 0xF7BC,
    0xF79C, 0xF79C, 0xF79C, 0xF79C, 0xF79C, 0xF79C, 0xF79C, 0xF79C, 0xF79C, 0xF79C, 0xF79C, 0xFFBC,
    0xF7BC, 0xF79C, 0xF79C, 0xF79C, 0xF7BC, 0xF7BC, 0xF79C, 0xF7BC, 0xF7BC, 0xF79C, 0xF79C, 0xF79C,
    0xF79C, 0xF79C, 0xF7BC, 0xF7BC, 0xF7BC, 0xF7BC, 0xF79C, 0xFFBD, 0xFFDD, 0xC5F6, 0x6B2C, 0x4228,
    0x4A89, 0x4A69, 0x4A49, 0x4A49, 0x4A6A, 0x4208, 0x18C3, 0x0000, 0x0000, 0x0000, 0x0000, 0x0000,
    0x0000, 0x0000, 0x0000, 0x0000, 0x0000, 0x0000, 0x0000, 0x0000, 0x0000, 0x0000, 0x0000, 0x0000,
    0x0000, 0x0000, 0x0000, 0x0000, 0x0000, 0x0000, 0x0000, 0x0000, 0x0000, 0x0000, 0x0000, 0x0000,
    0x0000, 0x0000, 0x0000, 0x0000, 0x0000, 0x0000, 0x0000, 0x0000, 0x0000, 0x0000, 0x1082, 0x39C7,
    0x4A69, 0x4A69, 0x4248, 0x4A49, 0x4A69, 0x4A49, 0x4228, 0x8450, 0xE71A, 0xFFDD, 0xFFFD, 0xF79C,
    0xF79C, 0xF79C, 0xF7BC, 0xF7BC, 0xF7BC, 0xF7BC, 0xF7BC, 0xF7BC, 0xF7BC, 0xF7BC, 0xF7BC, 0xF7BC,
    0xF7BC, 0xF7BC, 0xF7BC, 0xF7BC, 0xF79C, 0xF7BC, 0xF7BC, 0xF7BC, 0xF79C, 0xF79C, 0xF79C, 0xF79C,
    0xF79C, 0xFFBC, 0xFFBC, 0xF79C, 0xF79C, 0xF79C, 0xF7BC, 0xFFBD, 0xF7BD, 0xF79C, 0xF79C, 0xFFFE,
    0xFFFE, 0xCE58, 0x6B4C, 0x39E7, 0x4A49, 0x4A49, 0x4A49, 0x4A49, 0x4A69, 0x4229, 0x528A, 0xB575,
    0xF75C, 0xF73B, 0xF73A, 0xF71A, 0xF73A, 0xF71A, 0xF71A, 0xF73A, 0xF73A, 0xF71A, 0xF71A, 0xF71A,
    0xF6F9, 0xF6F9, 0xF71A, 0xFF7B, 0xC5D6, 0x4A49, 0x4A8A, 0x4A4A, 0x4A49, 0x4A49, 0x4A49, 0x528A,
    0x4A49, 0xBD95, 0xFF7C, 0xF71A, 0xFF19, 0xF719, 0xF71A, 0xF71A, 0xF71A, 0xF71A, 0xF71A, 0xF6FA,
    0xF71A, 0xF71A, 0xF71A, 0xFF3A, 0xF71A, 0xFF9C, 0xD658, 0x632C, 0x4249, 0x4A6A, 0x4A4A, 0x4A49,
    0x4A69, 0x4248, 0x39E6, 0x632B, 0xC616, 0xFFDD, 0xFFDD, 0xF79C, 0xF79C, 0xF79C, 0xF7BC, 0xF7BC,
    0xF79C, 0xF7BC, 0xF79C, 0xF79C, 0xF79C, 0xF79C, 0xF79C, 0xF7BC, 0xF7BC, 0xF7BC, 0xF7BC, 0xF7BC,
    0xFFBC, 0xFFBC, 0xF7BC, 0xF79C, 0xF79C, 0xF79C, 0xF79C, 0xF79C, 0xF79C, 0xF7BC, 0xF7BC, 0xF79C,
    0xF79C, 0xF79C, 0xFFBC, 0xF79C, 0xF79C, 0xF79C, 0xF79C, 0xFFBD, 0xFFFE, 0xEF3B, 0x9491, 0x4A68,
    0x4A69, 0x528A, 0x5289, 0x4A49, 0x4A6A, 0x4A6A, 0x31A7, 0x1082, 0x0000, 0x0000, 0x0000, 0x0000,
    0x0000, 0x0000, 0x0000, 0x0000, 0x0000, 0x0000, 0x0000, 0x0000, 0x0000, 0x0000, 0x0000, 0x0000,
    0x0000, 0x0000, 0x0000, 0x0000, 0x0000, 0x0000, 0x0000, 0x0000, 0x0000, 0x0000, 0x0000, 0x0000,
    0x0000, 0x0000, 0x0000, 0x0000, 0x0000, 0x0000, 0x0000, 0x0000, 0x0000, 0x0000, 0x0000, 0x0000,
    0x0000, 0x0841, 0x2945, 0x4228, 0x4A69, 0x4A49, 0x4A69, 0x528A, 0x528A, 0x4A49, 0x5ACA, 0x9CD2,
    0xDEDA, 0xFFDE, 0xFFFE, 0xFFDD, 0xF7BC, 0xF79C, 0xF7BC, 0xF7BC, 0xF79C, 0xF79C, 0xFFBC, 0xFFBC,
    0xFF9C, 0xF79C, 0xF79C, 0xF7BC, 0xFFBC, 0xF7BC, 0xF7BC, 0xF79C, 0xF7BC, 0xF7BC, 0xF7BC, 0xF79C,
    0xF79C, 0xF79C, 0xF79C, 0xF7BB, 0xFFBC, 0xF7BB, 0xF7BC, 0xF79C, 0xF79C, 0xF7BD, 0xFFDD, 0xFFFE,
    0xFFFE, 0xD6BA, 0x8C50, 0x5289, 0x4228, 0x4A6A, 0x4A29, 0x4A4A, 0x4A4A, 0x4A4A, 0x4A49, 0x4229,
    0x94B2, 0xFFBD, 0xF75C, 0xF73B, 0xF73A, 0xFF3A, 0xF71A, 0xF71A, 0xF71A, 0xF71A, 0xF71A, 0xF6FA,
    0xF71A, 0xF71A, 0xF6F9, 0xF719, 0xFF3A, 0xF73A, 0xFF7C, 0x9471, 0x41E8, 0x4A6A, 0x4A6A, 0x4A49,
    0x4A69, 0x4207, 0x8C2F, 0xFF7C, 0xF73A, 0xF73A, 0xF73A, 0xF71A, 0xF71A, 0xF71A, 0xF71A, 0xF71A,
    0xF71A, 0xF71A, 0xF6FA, 0xF6FA, 0xF6FA, 0xFF1A, 0xF71A, 0xFF7C, 0xFFDE, 0xAD54, 0x4248, 0x4A69,
    0x4A49, 0x4A49, 0x4A49, 0x4A49, 0x4A49, 0x4208, 0x4228, 0x842F, 0xD6B9, 0xFFFF, 0xFFFE, 0xFFDD,
    0xF79C, 0xF79C, 0xF79C, 0xF79C, 0xF79C, 0xF7BC, 0xF7BB, 0xF7BB, 0xF79C, 0xF79C, 0xF7BC, 0xF7BC,
    0xF7BC, 0xF79C, 0xF7BC, 0xF7BC, 0xF79C, 0xF7BC, 0xF7BC, 0xFFBC, 0xF79C, 0xF7BC, 0xF79C, 0xF79C,
    0xF79C, 0xF7BC, 0xF79C, 0xF79C, 0xF79C, 0xF79C, 0xFFBD, 0xFFDD, 0xFFFE, 0xE71B, 0xA533, 0x5AEB,
    0x4A48, 0x528A, 0x528A, 0x528A, 0x4A69, 0x52AA, 0x4A49, 0x2965, 0x0020, 0x0000, 0x0000, 0x0000,
    0x0000, 0x0000, 0x0000, 0x0000, 0x0000, 0x0000, 0x0000, 0x0000, 0x0000, 0x0000, 0x0000, 0x0000,
    0x0000, 0x0000, 0x0000, 0x0000, 0x0000, 0x0000, 0x0000, 0x0000, 0x0000, 0x0000, 0x0000, 0x0000,
    0x0000, 0x0000, 0x0000, 0x0000, 0x0000, 0x0000, 0x0000, 0x0000, 0x0000, 0x0000, 0x0000, 0x0000,
    0x0000, 0x0000, 0x0000, 0x0000, 0x0000, 0x18E3, 0x4228, 0x4A6A, 0x528A, 0x4A69, 0x528A, 0x4A6A,
    0x528A, 0x4228, 0x5ACA, 0x8430, 0xB595, 0xDED9, 0xF7BD, 0xFFDD, 0xFFBD, 0xF79C, 0xF79C, 0xF79C,
    0xF79C, 0xF79C, 0xFFBC, 0xF7BC, 0xF79C, 0xF79C, 0xF7BC, 0xF79C, 0xF7BC, 0xF7BC, 0xF79C, 0xF79C,
    0xF7BC, 0xF7BC, 0xF7BC, 0xF79C, 0xF79B, 0xF79B, 0xF7BB, 0xF79B, 0xF79C, 0xFFDD, 0xFFFE, 0xF7BD,
    0xE75B, 0xC637, 0x9491, 0x52CA, 0x4A48, 0x528A, 0x528A, 0x4A49, 0x4A49, 0x4A49, 0x4A49, 0x4A4A,
    0x4A6A, 0x4A6A, 0x528A, 0x840F, 0xD658, 0xFF7C, 0xF73A, 0xF719, 0xF719, 0xF71A, 0xF71A, 0xF6F9,
    0xF71A, 0xF6FA, 0xF6FA, 0xF71A, 0xF71A, 0xF71A, 0xF73A, 0xF73A, 0xF73B, 0xE6DA, 0x83AE, 0x41C7,
    0x41E7, 0x4207, 0x41E6, 0x7B8D, 0xE6FA, 0xFF3B, 0xF71A, 0xF73A, 0xF71A, 0xF71A, 0xF71A, 0xF71A,
    0xF71A, 0xF71A, 0xF71A, 0xF71A, 0xF6FA, 0xF6FA, 0xF6F9, 0xF6FA, 0xFF5B, 0xD637, 0x83EF, 0x5289,
    0x4A89, 0x4A6A, 0x4A49, 0x4A69, 0x4A49, 0x4A49, 0x4A69, 0x4A69, 0x4A69, 0x4228, 0x528A, 0x8C91,
    0xBDF6, 0xE73B, 0xFFDE, 0xFFFE, 0xFFDD, 0xF79C, 0xF79C, 0xF79B, 0xF79B, 0xF79B, 0xF79B, 0xF7BC,
    0xF7BC, 0xF79C, 0xFFBC, 0xF7BC, 0xF7BC, 0xF7BC, 0xF7BC, 0xF7BC, 0xF7BC, 0xF7BC, 0xF7BC, 0xF79C,
    0xF79C, 0xF79C, 0xF79C, 0xF79C, 0xF79C, 0xFFDD, 0xFFFD, 0xF79C, 0xE71A, 0xBDD6, 0x9491, 0x630B,
    0x4228, 0x4A89, 0x528A, 0x4A8A, 0x4A69, 0x4A69, 0x52AA, 0x4A49, 0x2104, 0x0000, 0x0000, 0x0000,
    0x0000, 0x0000, 0x0000, 0x0000, 0x0000, 0x0000, 0x0000, 0x0000, 0x0000, 0x0000, 0x0000, 0x0000,
    0x0000, 0x0000, 0x0000, 0x0000, 0x0000, 0x0000, 0x0000, 0x0000, 0x0000, 0x0000, 0x0000, 0x0000,
    0x0000, 0x0000, 0x0000, 0x0000, 0x0000, 0x0000, 0x0000, 0x0000, 0x0000, 0x0000, 0x0000, 0x0000,
    0x0000, 0x0000, 0x0000, 0x0000, 0x0000, 0x0000, 0x0000, 0x0000, 0x1082, 0x39C7, 0x528A, 0x52AB,
    0x4A6A, 0x4A49, 0x528A, 0x528A, 0x4A69, 0x4207, 0x4228, 0x4A48, 0x736C, 0xAD54, 0xD6B9, 0xF7BD,
    0xFFFE, 0xFFDD, 0xFFBD, 0xF7BC, 0xF79C, 0xF79C, 0xF79B, 0xF79B, 0xF79B, 0xF79C, 0xF79C, 0xF79C,
    0xF79C, 0xF79C, 0xF79C, 0xF79C, 0xF79C, 0xF79C, 0xF7BC, 0xF7BC, 0xFFBC, 0xFFFD, 0xF79C, 0xD699,
    0xB575, 0x840F, 0x5ACA, 0x5289, 0x4A48, 0x4A89, 0x528A, 0x4A69, 0x4A69, 0x4A6A, 0x4A6A, 0x4A29,
    0x4A49, 0x4A49, 0x4A6A, 0x528A, 0x528A, 0x4A49, 0x5AAA, 0xA4F2, 0xEF1A, 0xF73B, 0xEEF9, 0xF6F9,
    0xF6F9, 0xF71A, 0xF71A, 0xF6FA, 0xF71A, 0xF71A, 0xF71A, 0xF71A, 0xF73A, 0xF73A, 0xF71A, 0xF71A,
    0xEEDA, 0xA4D2, 0x6B0B, 0x6B0B, 0xA4D1, 0xEEFA, 0xF71A, 0xF71A, 0xF73A, 0xF71A, 0xF71A, 0xF73A,
    0xF71A, 0xF71A, 0xF71A, 0xF71A, 0xF71A, 0xF71A, 0xF71A, 0xEEF9, 0xF73B, 0xE6B9, 0xA4B1, 0x5A69,
    0x4A49, 0x528A, 0x528A, 0x4A4A, 0x4A49, 0x4229, 0x4A49, 0x4A49, 0x4228, 0x4A69, 0x4A69, 0x4A69,
    0x4A69, 0x4A28, 0x4A48, 0x52AA, 0x7C0F, 0xB595, 0xDEB9, 0xF79C, 0xFFDD, 0xFFDD, 0xFFBC, 0xF7BC,
    0xF7BC, 0xF79C, 0xF79C, 0xF79C, 0xF79C, 0xF79C, 0xF79C, 0xF79C, 0xF79C, 0xF79C, 0xF79C, 0xF79C,
    0xF79C, 0xF79C, 0xF7BD, 0xF7BD, 0xFFDD, 0xFFFE, 0xFFBD, 0xDED9, 0xB595, 0x7BCE, 0x5269, 0x4228,
    0x4207, 0x4228, 0x4A89, 0x4A89, 0x4A89, 0x528A, 0x528A, 0x52AA, 0x39E7, 0x0861, 0x0000, 0x0000,
    0x0000, 0x0000, 0x0000, 0x0000, 0x0000, 0x0000, 0x0000, 0x0000, 0x0000, 0x0000, 0x0000, 0x0000,
    0x0000, 0x0000, 0x0000, 0x0000, 0x0000, 0x0000, 0x0000, 0x0000, 0x0000, 0x0000, 0x0000, 0x0000,
    0x0000, 0x0000, 0x0000, 0x0000, 0x0000, 0x0000, 0x0000, 0x0000, 0x0000, 0x0000, 0x0000, 0x0000,
    0x0000, 0x0000, 0x0000, 0x0000, 0x0000, 0x0000, 0x0000, 0x0000, 0x0000, 0x0000, 0x0000, 0x0000,
    0x18E4, 0x4208, 0x52AA, 0x528A, 0x4A6A, 0x4A69, 0x4A69, 0x4A69, 0x4A48, 0x4228, 0x4207, 0x39E7,
    0x5289, 0x738D, 0x9491, 0xBDD6, 0xE71A, 0xF77C, 0xFFBD, 0xFFFE, 0xFFFE, 0xFFFE, 0xFFFE, 0xFFDD,
    0xFFFD, 0xFFDD, 0xFFDD, 0xFFFD, 0xFFFE, 0xFFFE, 0xFFFE, 0xFFDD, 0xF79C, 0xDEFA, 0xC617, 0x94B1,
    0x738D, 0x5289, 0x41E7, 0x4208, 0x4A69, 0x5289, 0x52AA, 0x4A69, 0x4A69, 0x528A, 0x52AA, 0x528A,
    0x39C7, 0x3186, 0x39E8, 0x528A, 0x528A, 0x4A6A, 0x528A, 0x528A, 0x5269, 0x4A08, 0x6B0B, 0xC5B6,
    0xF73B, 0xF6FA, 0xF6F9, 0xF719, 0xF719, 0xF71A, 0xF71A, 0xF71A, 0xF71A, 0xF71B, 0xF71A, 0xFF1A,
    0xF71A, 0xF6F9, 0xF71A, 0xFF3B, 0xEED9, 0xEEF9, 0xFF3B, 0xF6FA, 0xF6F9, 0xF71A, 0xF73A, 0xF71A,
    0xF71A, 0xF71A, 0xF71A, 0xF71A, 0xF71A, 0xF719, 0xF719, 0xF6F9, 0xF71A, 0xF73B, 0xC5D5, 0x6B2B,
    0x41E7, 0x4A49, 0x528A, 0x4A6A, 0x4A6A, 0x528A, 0x528A, 0x39E7, 0x3186, 0x39E7, 0x4A69, 0x4A69,
    0x4A69, 0x4A69, 0x528A, 0x528A, 0x4A69, 0x4A69, 0x4208, 0x39E7, 0x5289, 0x6B6D, 0x9491, 0xBDD6,
    0xDED9, 0xEF5B, 0xF79C, 0xFFFD, 0xFFFE, 0xFFFE, 0xFFFD, 0xFFFE, 0xFFDD, 0xFFDD, 0xFFFE, 0xFFFE,
    0xFFFE, 0xFFFE, 0xFFFE, 0xF7BD, 0xEF7C, 0xDEFA, 0xBDF6, 0x9491, 0x7BCE, 0x5AEA, 0x4228, 0x4208,
    0x4A48, 0x4A49, 0x4A48, 0x4A69, 0x4A49, 0x4A69, 0x4A8A, 0x52AA, 0x3A07, 0x18E3, 0x0000, 0x0000,
    0x0000, 0x0000, 0x0000, 0x0000, 0x0000, 0x0000, 0x0000, 0x0000, 0x0000, 0x0000, 0x0000, 0x0000,
    0x0000, 0x0000, 0x0000, 0x0000, 0x0000, 0x0000, 0x0000, 0x0000, 0x0000, 0x0000, 0x0000, 0x0000,
    0x0000, 0x0000, 0x0000, 0x0000, 0x0000, 0x0000, 0x0000, 0x0000, 0x0000, 0x0000, 0x0000, 0x0000,
    0x0000, 0x0000, 0x0000, 0x0000, 0x0000, 0x0000, 0x0000, 0x0000, 0x0000, 0x0000, 0x0000, 0x0000,
    0x0000, 0x0000, 0x0000, 0x0020, 0x2945, 0x4208, 0x4A6A, 0x4A6A, 0x4A49, 0x4A49, 0x4A49, 0x4A49,
    0x4A49, 0x4A49, 0x4A49, 0x4228, 0x4228, 0x4A48, 0x52AA, 0x738D, 0x8C70, 0xA512, 0xAD74, 0xBDD5,
    0xC617, 0xCE57, 0xD678, 0xCE78, 0xCE58, 0xCE57, 0xC5F6, 0xB5B5, 0xA533, 0x8C70, 0x738D, 0x52AA,
    0x4A48, 0x4207, 0x4208, 0x4229, 0x4A6A, 0x4A4A, 0x4A6A, 0x4A6A, 0x4A6A, 0x528A, 0x528A, 0x528A,
    0x4228, 0x2124, 0x0020, 0x0000, 0x10A2, 0x31A6, 0x4A6A, 0x52AB, 0x4A8A, 0x4A6A, 0x4A6A, 0x5269,
    0x4208, 0x4A08, 0x8C0F, 0xE699, 0xF73B, 0xEF19, 0xF71A, 0xF73A, 0xF73A, 0xF73A, 0xF73A, 0xF71A,
    0xF6FA, 0xFF1A, 0xF6FA, 0xF6FA, 0xF6F9, 0xF6F9, 0xF719, 0xF719, 0xF6F9, 0xF71A, 0xF71A, 0xF71A,
    0xF71A, 0xF71A, 0xF71A, 0xF71A, 0xF71A, 0xF73A, 0xF71A, 0xF6FA, 0xF71A, 0xF73B, 0xE6B9, 0x8C2F,
    0x4A28, 0x4208, 0x4A6A, 0x4A6A, 0x4A6A, 0x4A6A, 0x528A, 0x4A6A, 0x39C7, 0x10A2, 0x0000, 0x0861,
    0x2965, 0x4208, 0x528A, 0x52AA, 0x528A, 0x4A49, 0x4A69, 0x4A49, 0x4A49, 0x4A69, 0x4228, 0x39E7,
    0x3A07, 0x4207, 0x4A48, 0x632B, 0x840F, 0x9CD1, 0xAD74, 0xB5B5, 0xC616, 0xC637, 0xCE57, 0xCE57,
    0xC637, 0xBDD6, 0xB5B5, 0xAD54, 0x9CD2, 0x8450, 0x6B6D, 0x52AA, 0x4A49, 0x4A49, 0x4A48, 0x5289,
    0x528A, 0x4A6A, 0x4A49, 0x4A49, 0x4A49, 0x4A49, 0x4A6A, 0x4A6A, 0x39E7, 0x2124, 0x0020, 0x0000,
    0x0000, 0x0000, 0x0000, 0x0000, 0x0000, 0x0000, 0x0000, 0x0000, 0x0000, 0x0000, 0x0000, 0x0000,
    0x0000, 0x0000, 0x0000, 0x0000, 0x0000, 0x0000, 0x0000, 0x0000, 0x0000, 0x0000, 0x0000, 0x0000,
    0x0000, 0x0000, 0x0000, 0x0000, 0x0000, 0x0000, 0x0000, 0x0000, 0x0000, 0x0000, 0x0000, 0x0000,
    0x0000, 0x0000, 0x0000, 0x0000, 0x0000, 0x0000, 0x0000, 0x0000, 0x0000, 0x0000, 0x0000, 0x0000,
    0x0000, 0x0000, 0x0000, 0x0000, 0x0000, 0x0000, 0x0000, 0x0020, 0x2104, 0x31A7, 0x4228, 0x4A49,
    0x4A49, 0x4249, 0x4229, 0x4A49, 0x4A69, 0x526A, 0x4A6A, 0x4A69, 0x4A69, 0x4A69, 0x4228, 0x4207,
    0x41E7, 0x4207, 0x4A28, 0x4A48, 0x5289, 0x5289, 0x52AA, 0x5289, 0x4A69, 0x4248, 0x4228, 0x4A48,
    0x4A69, 0x4A89, 0x4A89, 0x4A69, 0x4A49, 0x4A6A, 0x4A4A, 0x4A49, 0x4A29, 0x4A6A, 0x528A, 0x528A,
    0x39E8, 0x2945, 0x0020, 0x0000, 0x0000, 0x0000, 0x0000, 0x0000, 0x2104, 0x4249, 0x528A, 0x4A6A,
    0x4A49, 0x4A49, 0x4A6A, 0x4A49, 0x41C7, 0x62CA, 0xBD95, 0xF75C, 0xF75B, 0xF71A, 0xF73A, 0xF73A,
    0xF73A, 0xF71A, 0xF71A, 0xF71A, 0xF71A, 0xF719, 0xF6F9, 0xF6F9, 0xF6F9, 0xF6F9, 0xF71A, 0xF6FA,
    0xF71A, 0xF71A, 0xF719, 0xF71A, 0xF73A, 0xF71A, 0xF71A, 0xF71A, 0xF71A, 0xFF5B, 0xF75B, 0xB574,
    0x62CA, 0x41E7, 0x4A49, 0x4A49, 0x4A49, 0x4249, 0x4A49, 0x4A69, 0x4208, 0x2944, 0x0000, 0x0000,
    0x0000, 0x0000, 0x0000, 0x0020, 0x2945, 0x39E8, 0x4A49, 0x528A, 0x4A49, 0x4A49, 0x4249, 0x4229,
    0x4A49, 0x4A49, 0x4A49, 0x4A69, 0x4A69, 0x4A69, 0x4A48, 0x4228, 0x4228, 0x4A48, 0x4A69, 0x5289,
    0x5289, 0x4A69, 0x4A48, 0x4228, 0x4207, 0x39E7, 0x39E7, 0x4228, 0x4A49, 0x4A69, 0x528A, 0x528A,
    0x528A, 0x4A6A, 0x4A6A, 0x4A49, 0x4A49, 0x4A49, 0x4A49, 0x4229, 0x31A6, 0x2104, 0x0020, 0x0000,
    0x0000, 0x0000, 0x0000, 0x0000, 0x0000, 0x0000, 0x0000, 0x0000, 0x0000, 0x0000, 0x0000, 0x0000,
    0x0000, 0x0000, 0x0000, 0x0000, 0x0000, 0x0000, 0x0000, 0x0000, 0x0000, 0x0000, 0x0000, 0x0000,
    0x0000, 0x0000, 0x0000, 0x0000, 0x0000, 0x0000, 0x0000, 0x0000, 0x0000, 0x0000, 0x0000, 0x0000,
    0x0000, 0x0000, 0x0000, 0x0000, 0x0000, 0x0000, 0x0000, 0x0000, 0x0000, 0x0000, 0x0000, 0x0000,
    0x0000, 0x0000, 0x0000, 0x0000, 0x0000, 0x0000, 0x0000, 0x0000, 0x0000, 0x0000, 0x0000, 0x0000,
    0x10A2, 0x2966, 0x39C8, 0x4229, 0x4A6A, 0x4A6A, 0x528A, 0x4A4A, 0x4A49, 0x4A49, 0x4A69, 0x528A,
    0x4A69, 0x4A69, 0x4A69, 0x4A69, 0x4A49, 0x4A49, 0x4A28, 0x4A49, 0x4A69, 0x528A, 0x528A, 0x52AA,
    0x52AA, 0x528A, 0x4A89, 0x4A8A, 0x4A69, 0x4A49, 0x4A4A, 0x4A49, 0x4A6A, 0x4A6A, 0x4A29, 0x4208,
    0x3186, 0x18E3, 0x0000, 0x0000, 0x0000, 0x0000, 0x0000, 0x0000, 0x0000, 0x0000, 0x0000, 0x0861,
    0x3186, 0x4229, 0x4229, 0x4A49, 0x4229, 0x4A49, 0x4A49, 0x4229, 0x4A28, 0x8C2F, 0xDED9, 0xFF7C,
    0xF75B, 0xF71A, 0xF71A, 0xF71A, 0xF6FA, 0xF71A, 0xF71A, 0xF71A, 0xF719, 0xF719, 0xF719, 0xF71A,
    0xF71A, 0xF71A, 0xF71A, 0xF71A, 0xF71A, 0xF71A, 0xF71A, 0xF71A, 0xF71A, 0xF73B, 0xFF9C, 0xE6B9,
    0x8C0E, 0x4A28, 0x4A29, 0x526A, 0x4A49, 0x4249, 0x4249, 0x4A69, 0x4A49, 0x3186, 0x0861, 0x0000,
    0x0000, 0x0000, 0x0000, 0x0000, 0x0000, 0x0000, 0x0000, 0x0000, 0x18C3, 0x2966, 0x39E7, 0x4229,
    0x4A6A, 0x4249, 0x4A49, 0x4249, 0x4A49, 0x4A49, 0x4A6A, 0x4A6A, 0x528A, 0x528A, 0x52AA, 0x528A,
    0x528A, 0x4A69, 0x4A69, 0x4A69, 0x4A69, 0x4A49, 0x4A49, 0x4A69, 0x4A49, 0x4A69, 0x4A69, 0x4A69,
    0x4A69, 0x4A69, 0x4A6A, 0x4A6A, 0x526A, 0x526A, 0x4A49, 0x39E7, 0x2966, 0x10A2, 0x0000, 0x0000,
    0x0000, 0x0000, 0x0000, 0x0000, 0x0000, 0x0000, 0x0000, 0x0000, 0x0000, 0x0000, 0x0000, 0x0000,
    0x0000, 0x0000, 0x0000, 0x0000, 0x0000, 0x0000, 0x0000, 0x0000, 0x0000, 0x0000, 0x0000, 0x0000,
    0x0000, 0x0000, 0x0000, 0x0000, 0x0000, 0x0000, 0x0000, 0x0000, 0x0000, 0x0000, 0x0000, 0x0000,
    0x0000, 0x0000, 0x0000, 0x0000, 0x0000, 0x0000, 0x0000, 0x0000, 0x0000, 0x0000, 0x0000, 0x0000,
    0x0000, 0x0000, 0x0000, 0x0000, 0x0000, 0x0000, 0x0000, 0x0000, 0x0000, 0x0000, 0x0000, 0x0000,
    0x0000, 0x0000, 0x0000, 0x0000, 0x0020, 0x18E3, 0x2966, 0x4229, 0x4A49, 0x4A6A, 0x528A, 0x528A,
    0x528A, 0x4A69, 0x4A49, 0x4A49, 0x4A49, 0x4A49, 0x4A49, 0x4A69, 0x4A49, 0x4A49, 0x4A49, 0x4A69,
    0x528A, 0x4A8A, 0x4A89, 0x4A8A, 0x4A8A, 0x528A, 0x52AA, 0x528A, 0x4A6A, 0x4A49, 0x4208, 0x2966,
    0x18E4, 0x0841, 0x0000, 0x0000, 0x0000, 0x0000, 0x0000, 0x0000, 0x0000, 0x0000, 0x0000, 0x0000,
    0x0000, 0x0000, 0x0000, 0x18C3, 0x39E8, 0x4A49, 0x4A49, 0x4229, 0x4A49, 0x4A6A, 0x4A6A, 0x4228,
    0x5ACA, 0xB554, 0xEF1B, 0xFF5B, 0xF6F9, 0xF6F9, 0xF6FA, 0xF71A, 0xF71A, 0xF71A, 0xF71A, 0xF71A,
    0xF71A, 0xF71A, 0xF71A, 0xF71A, 0xF71A, 0xF71A, 0xF6FA, 0xF71A, 0xF71A, 0xEEFA, 0xF75C, 0xEF3B,
    0xAD34, 0x62CA, 0x5249, 0x528A, 0x526A, 0x4A6A, 0x4A49, 0x4A6A, 0x4A49, 0x39E7, 0x18E3, 0x0000,
    0x0000, 0x0000, 0x0000, 0x0000, 0x0000, 0x0000, 0x0000, 0x0000, 0x0000, 0x0000, 0x0000, 0x0000,
    0x0841, 0x18E3, 0x2945, 0x4208, 0x4229, 0x4A49, 0x528A, 0x528A, 0x528A, 0x528A, 0x528A, 0x4A6A,
    0x4A6A, 0x4A6A, 0x528A, 0x4A6A, 0x4A49, 0x4A49, 0x4A49, 0x4A49, 0x4229, 0x4A49, 0x4228, 0x4A49,
    0x4A49, 0x4A69, 0x4A6A, 0x528A, 0x528A, 0x4A49, 0x4208, 0x2966, 0x18C3, 0x0841, 0x0000, 0x0000,
    0x0000, 0x0000, 0x0000, 0x0000, 0x0000, 0x0000, 0x0000, 0x0000, 0x0000, 0x0000, 0x0000, 0x0000,
    0x0000, 0x0000, 0x0000, 0x0000, 0x0000, 0x0000, 0x0000, 0x0000, 0x0000, 0x0000, 0x0000, 0x0000,
    0x0000, 0x0000, 0x0000, 0x0000, 0x0000, 0x0000, 0x0000, 0x0000, 0x0000, 0x0000, 0x0000, 0x0000,
    0x0000, 0x0000, 0x0000, 0x0000, 0x0000, 0x0000, 0x0000, 0x0000, 0x0000, 0x0000, 0x0000, 0x0000,
    0x0000, 0x0000, 0x0000, 0x0000, 0x0000, 0x0000, 0x0000, 0x0000, 0x0000, 0x0000, 0x0000, 0x0000,
    0x0000, 0x0000, 0x0000, 0x0000, 0x0000, 0x0000, 0x0000, 0x0000, 0x0000, 0x0861, 0x1082, 0x2104,
    0x3186, 0x39E7, 0x4A49, 0x4A69, 0x4A49, 0x4A6A, 0x4A6A, 0x4A69, 0x4A49, 0x4A49, 0x4A49, 0x4A69,
    0x4A89, 0x528A, 0x52AA, 0x52AA, 0x52AA, 0x52AA, 0x52AA, 0x4A6A, 0x4228, 0x31A6, 0x2125, 0x10A2,
    0x0841, 0x0000, 0x0000, 0x0000, 0x0000, 0x0000, 0x0000, 0x0000, 0x0000, 0x0000, 0x0000, 0x0000,
    0x0000, 0x0000, 0x0000, 0x0000, 0x0000, 0x0000, 0x0841, 0x2124, 0x4208, 0x4A6A, 0x4A69, 0x4A49,
    0x4A49, 0x528A, 0x4A6A, 0x4A29, 0x7B8D, 0xCE17, 0xF73B, 0xF71A, 0xF6FA, 0xF6FA, 0xF71A, 0xF71A,
    0xF71A, 0xF71A, 0xF71A, 0xF71A, 0xF71A, 0xF71A, 0xF71A, 0xF719, 0xF71A, 0xEEF9, 0xEF1A, 0xF73B,
    0xCE37, 0x738D, 0x4A49, 0x5289, 0x52AA, 0x528A, 0x4A6A, 0x4A6A, 0x526A, 0x4229, 0x2124, 0x0841,
    0x0000, 0x0000, 0x0000, 0x0000, 0x0000, 0x0000, 0x0000, 0x0000, 0x0000, 0x0000, 0x0000, 0x0000,
    0x0000, 0x0000, 0x0000, 0x0000, 0x0000, 0x0861, 0x1082, 0x2104, 0x3186, 0x4208, 0x528A, 0x528A,
    0x52AA, 0x528A, 0x52AA, 0x52AA, 0x528A, 0x528A, 0x4A69, 0x4A69, 0x4A69, 0x4A49, 0x4A69, 0x4A69,
    0x4A49, 0x4A49, 0x4A49, 0x4A49, 0x4208, 0x31A6, 0x2124, 0x1082, 0x0841, 0x0000, 0x0000, 0x0000,
    0x0000, 0x0000, 0x0000, 0x0000, 0x0000, 0x0000, 0x0000, 0x0000, 0x0000, 0x0000, 0x0000, 0x0000,
    0x0000, 0x0000, 0x0000, 0x0000, 0x0000, 0x0000, 0x0000, 0x0000, 0x0000, 0x0000, 0x0000, 0x0000,
    0x0000, 0x0000, 0x0000, 0x0000, 0x0000, 0x0000, 0x0000, 0x0000, 0x0000, 0x0000, 0x0000, 0x0000,
    0x0000, 0x0000, 0x0000, 0x0000, 0x0000, 0x0000, 0x0000, 0x0000, 0x0000, 0x0000, 0x0000, 0x0000,
    0x0000, 0x0000, 0x0000, 0x0000, 0x0000, 0x0000, 0x0000, 0x0000, 0x0000, 0x0000, 0x0000, 0x0000,
    0x0000, 0x0000, 0x0000, 0x0000, 0x0000, 0x0000, 0x0000, 0x0000, 0x0000, 0x0000, 0x0000, 0x0000,
    0x0000, 0x0000, 0x0000, 0x0000, 0x0841, 0x10A2, 0x18C3, 0x2104, 0x2124, 0x2965, 0x3186, 0x31A6,
    0x39C7, 0x39C7, 0x39C7, 0x31C6, 0x31A6, 0x2985, 0x2945, 0x2104, 0x18E3, 0x1082, 0x0000, 0x0000,
    0x0000, 0x0000, 0x0000, 0x0000, 0x0000, 0x0000, 0x0000, 0x0000, 0x0000, 0x0000, 0x0000, 0x0000,
    0x0000, 0x0000, 0x0000, 0x0000, 0x0000, 0x0000, 0x0000, 0x0000, 0x0000, 0x0000, 0x0862, 0x31A6,
    0x528A, 0x528A, 0x4A49, 0x4A4A, 0x526A, 0x526A, 0x4A28, 0x4A28, 0x942F, 0xE699, 0xF71A, 0xF6F9,
    0xF6F9, 0xF71A, 0xF71A, 0xF71A, 0xF71A, 0xF71A, 0xF71A, 0xF71A, 0xF73A, 0xF6F9, 0xF6F9, 0xF73A,
    0xE6B9, 0x9450, 0x5248, 0x4A28, 0x52AA, 0x4A8A, 0x4A8A, 0x4A8A, 0x52AA, 0x52AA, 0x31A6, 0x1062,
    0x0000, 0x0000, 0x0000, 0x0000, 0x0000, 0x0000, 0x0000, 0x0000, 0x0000, 0x0000, 0x0000, 0x0000,
    0x0000, 0x0000, 0x0000, 0x0000, 0x0000, 0x0000, 0x0000, 0x0000, 0x0000, 0x0000, 0x0000, 0x0000,
    0x0861, 0x18C3, 0x2104, 0x2124, 0x2965, 0x3186, 0x31A6, 0x39C7, 0x39C7, 0x39C7, 0x31A6, 0x31A6,
    0x2986, 0x2945, 0x2104, 0x18C3, 0x18C3, 0x0861, 0x0000, 0x0000, 0x0000, 0x0000, 0x0000, 0x0000,
    0x0000, 0x0000, 0x0000, 0x0000, 0x0000, 0x0000, 0x0000, 0x0000, 0x0000, 0x0000, 0x0000, 0x0000,
    0x0000, 0x0000, 0x0000, 0x0000, 0x0000, 0x0000, 0x0000, 0x0000, 0x0000, 0x0000, 0x0000, 0x0000,
    0x0000, 0x0000, 0x0000, 0x0000, 0x0000, 0x0000, 0x0000, 0x0000, 0x0000, 0x0000, 0x0000, 0x0000,
    0x0000, 0x0000, 0x0000, 0x0000, 0x0000, 0x0000, 0x0000, 0x0000, 0x0000, 0x0000, 0x0000, 0x0000,
    0x0000, 0x0000, 0x0000, 0x0000, 0x0000, 0x0000, 0x0000, 0x0000, 0x0000, 0x0000, 0x0000, 0x0000,
    0x0000, 0x0000, 0x0000, 0x0000, 0x0000, 0x0000, 0x0000, 0x0000, 0x0000, 0x0000, 0x0000, 0x0000,
    0x0000, 0x0000, 0x0000, 0x0000, 0x0000, 0x0000, 0x0000, 0x0000, 0x0000, 0x0000, 0x0000, 0x0000,
    0x0000, 0x0000, 0x0020, 0x0020, 0x0000, 0x0000, 0x0000, 0x0000, 0x0000, 0x0000, 0x0000, 0x0000,
    0x0000, 0x0000, 0x0000, 0x0000, 0x0000, 0x0000, 0x0000, 0x0000, 0x0000, 0x0000, 0x0000, 0x0000,
    0x0000, 0x0000, 0x0000, 0x0000, 0x0000, 0x0000, 0x0000, 0x0000, 0x0000, 0x0000, 0x0000, 0x0000,
    0x0000, 0x0000, 0x20E4, 0x4228, 0x52AA, 0x528A, 0x4A6A, 0x4A6A, 0x4A49, 0x4A29, 0x41E7, 0x5ACB,
    0xC5D6, 0xF73B, 0xF71A, 0xF6FA, 0xFF3A, 0xF71A, 0xFF1A, 0xF71A, 0xF71A, 0xF71A, 0xEEF9, 0xF71A,
    0xF73B, 0xC5F6, 0x62CA, 0x41E7, 0x4A49, 0x4A6A, 0x4A49, 0x4A6A, 0x528A, 0x52AB, 0x4228, 0x2104,
    0x0000, 0x0000, 0x0000, 0x0000, 0x0000, 0x0000, 0x0000, 0x0000, 0x0000, 0x0000, 0x0000, 0x0000,
    0x0000, 0x0000, 0x0000, 0x0000, 0x0000, 0x0000, 0x0000, 0x0000, 0x0000, 0x0000, 0x0000, 0x0000,
    0x0000, 0x0000, 0x0000, 0x0000, 0x0000, 0x0000, 0x0000, 0x0000, 0x0000, 0x0000, 0x0000, 0x0020,
    0x0000, 0x0000, 0x0000, 0x0000, 0x0000, 0x0000, 0x0000, 0x0000, 0x0000, 0x0000, 0x0000, 0x0000,
    0x0000, 0x0000, 0x0000, 0x0000, 0x0000, 0x0000, 0x0000, 0x0000, 0x0000, 0x0000, 0x0000, 0x0000,
    0x0000, 0x0000, 0x0000, 0x0000, 0x0000, 0x0000, 0x0000, 0x0000, 0x0000, 0x0000, 0x0000, 0x0000,
    0x0000, 0x0000, 0x0000, 0x0000, 0x0000, 0x0000, 0x0000, 0x0000, 0x0000, 0x0000, 0x0000, 0x0000,
    0x0000, 0x0000, 0x0000, 0x0000, 0x0000, 0x0000, 0x0000, 0x0000, 0x0000, 0x0000, 0x0000, 0x0000,
    0x0000, 0x0000, 0x0000, 0x0000, 0x0000, 0x0000, 0x0000, 0x0000, 0x0000, 0x0000, 0x0000, 0x0000,
    0x0000, 0x0000, 0x0000, 0x0000, 0x0000, 0x0000, 0x0000, 0x0000, 0x0000, 0x0000, 0x0000, 0x0000,
    0x0000, 0x0000, 0x0000, 0x0000, 0x0000, 0x0000, 0x0000, 0x0000, 0x0000, 0x0000, 0x0000, 0x0000,
    0x0000, 0x0000, 0x0000, 0x0000, 0x0000, 0x0000, 0x0000, 0x0000, 0x0000, 0x0000, 0x0000, 0x0000,
    0x0000, 0x0000, 0x0000, 0x0000, 0x0000, 0x0000, 0x0000, 0x0000, 0x0000, 0x0000, 0x0000, 0x0000,
    0x0000, 0x0000, 0x0000, 0x0000, 0x0000, 0x0000, 0x0000, 0x0000, 0x0000, 0x0000, 0x0000, 0x0000,
    0x0000, 0x0000, 0x0000, 0x0000, 0x0000, 0x0841, 0x3186, 0x4A6A, 0x528A, 0x4A49, 0x4A69, 0x4A6A,
    0x4A6A, 0x4229, 0x4A48, 0x9450, 0xE6DA, 0xFF9C, 0xF73A, 0xF71A, 0xFF3A, 0xFF3A, 0xF71A, 0xF71A,
    0xFF7C, 0xEF1B, 0x9CB1, 0x5269, 0x41E7, 0x4A49, 0x4A4A, 0x4A49, 0x4A6A, 0x4A6A, 0x4A69, 0x3186,
    0x0841, 0x0000, 0x0000, 0x0000, 0x0000, 0x0000, 0x0000, 0x0000, 0x0000, 0x0000, 0x0000, 0x0000,
    0x0000, 0x0000, 0x0000, 0x0000, 0x0000, 0x0000, 0x0000, 0x0000, 0x0000, 0x0000, 0x0000, 0x0000,
    0x0000, 0x0000, 0x0000, 0x0000, 0x0000, 0x0000, 0x0000, 0x0000, 0x0000, 0x0000, 0x0000, 0x0000,
    0x0000, 0x0000, 0x0000, 0x0000, 0x0000, 0x0000, 0x0000, 0x0000, 0x0000, 0x0000, 0x0000, 0x0000,
    0x0000, 0x0000, 0x0000, 0x0000, 0x0000, 0x0000, 0x0000, 0x0000, 0x0000, 0x0000, 0x0000, 0x0000,
    0x0000, 0x0000, 0x0000, 0x0000, 0x0000, 0x0000, 0x0000, 0x0000, 0x0000, 0x0000, 0x0000, 0x0000,
    0x0000, 0x0000, 0x0000, 0x0000, 0x0000, 0x0000, 0x0000, 0x0000, 0x0000, 0x0000, 0x0000, 0x0000,
    0x0000, 0x0000, 0x0000, 0x0000, 0x0000, 0x0000, 0x0000, 0x0000, 0x0000, 0x0000, 0x0000, 0x0000,
    0x0000, 0x0000, 0x0000, 0x0000, 0x0000, 0x0000, 0x0000, 0x0000, 0x0000, 0x0000, 0x0000, 0x0000,
    0x0000, 0x0000, 0x0000, 0x0000, 0x0000, 0x0000, 0x0000, 0x0000, 0x0000, 0x0000, 0x0000, 0x0000,
    0x0000, 0x0000, 0x0000, 0x0000, 0x0000, 0x0000, 0x0000, 0x0000, 0x0000, 0x0000, 0x0000, 0x0000,
    0x0000, 0x0000, 0x0000, 0x0000, 0x0000, 0x0000, 0x0000, 0x0000, 0x0000, 0x0000, 0x0000, 0x0000,
    0x0000, 0x0000, 0x0000, 0x0000, 0x0000, 0x0000, 0x0000, 0x0000, 0x0000, 0x0000, 0x0000, 0x0000,
    0x0000, 0x0000, 0x0000, 0x0000, 0x0000, 0x0000, 0x0000, 0x0000, 0x0000, 0x0000, 0x0000, 0x0000,
    0x0000, 0x0000, 0x0000, 0x0000, 0x0000, 0x0000, 0x0000, 0x0000, 0x0000, 0x10A2, 0x39C7, 0x4A69,
    0x4A49, 0x4A49, 0x4A6A, 0x4A6A, 0x4A69, 0x4A27, 0x6B2B, 0xC5D5, 0xFF7C, 0xFF7C, 0xF71A, 0xEEDA,
    0xFF5C, 0xF75C, 0xC5D6, 0x736D, 0x4A08, 0x4A28, 0x4A69, 0x4A49, 0x4A29, 0x4A49, 0x4249, 0x39C7,
    0x10A2, 0x0000, 0x0000, 0x0000, 0x0000, 0x0000, 0x0000, 0x0000, 0x0000, 0x0000, 0x0000, 0x0000,
    0x0000, 0x0000, 0x0000, 0x0000, 0x0000, 0x0000, 0x0000, 0x0000, 0x0000, 0x0000, 0x0000, 0x0000,
    0x0000, 0x0000, 0x0000, 0x0000, 0x0000, 0x0000, 0x0000, 0x0000, 0x0000, 0x0000, 0x0000, 0x0000,
    0x0000, 0x0000, 0x0000, 0x0000, 0x0000, 0x0000, 0x0000, 0x0000, 0x0000, 0x0000, 0x0000, 0x0000,
    0x0000, 0x0000, 0x0000, 0x0000, 0x0000, 0x0000, 0x0000, 0x0000, 0x0000, 0x0000, 0x0000, 0x0000,
    0x0000, 0x0000, 0x0000, 0x0000, 0x0000, 0x0000, 0x0000, 0x0000, 0x0000, 0x0000, 0x0000, 0x0000,
    0x0000, 0x0000, 0x0000, 0x0000, 0x0000, 0x0000, 0x0000, 0x0000, 0x0000, 0x0000, 0x0000, 0x0000,
    0x0000, 0x0000, 0x0000, 0x0000, 0x0000, 0x0000, 0x0000, 0x0000, 0x0000, 0x0000, 0x0000, 0x0000,
    0x0000, 0x0000, 0x0000, 0x0000, 0x0000, 0x0000, 0x0000, 0x0000, 0x0000, 0x0000, 0x0000, 0x0000,
    0x0000, 0x0000, 0x0000, 0x0000, 0x0000, 0x0000, 0x0000, 0x0000, 0x0000, 0x0000, 0x0000, 0x0000,
    0x0000, 0x0000, 0x0000, 0x0000, 0x0000, 0x0000, 0x0000, 0x0000, 0x0000, 0x0000, 0x0000, 0x0000,
    0x0000, 0x0000, 0x0000, 0x0000, 0x0000, 0x0000, 0x0000, 0x0000, 0x0000, 0x0000, 0x0000, 0x0000,
    0x0000, 0x0000, 0x0000, 0x0000, 0x0000, 0x0000, 0x0000, 0x0000, 0x0000, 0x0000, 0x0000, 0x0000,
    0x0000, 0x0000, 0x0000, 0x0000, 0x0000, 0x0000, 0x0000, 0x0000, 0x0000, 0x0000, 0x0000, 0x0000,
    0x0000, 0x0000, 0x0000, 0x0000, 0x0000, 0x0000, 0x0000, 0x0000, 0x0000, 0x0000, 0x0000, 0x0000,
    0x0020, 0x2104, 0x39E8, 0x4A69, 0x4A49, 0x4A69, 0x4A69, 0x5289, 0x5269, 0x5269, 0x83EF, 0xCE37,
    0xEF3B, 0xEF1B, 0xCE17, 0x8C0F, 0x5269, 0x5269, 0x528A, 0x5269, 0x4A49, 0x4A29, 0x4A49, 0x39E7,
    0x2104, 0x0841, 0x0000, 0x0000, 0x0000, 0x0000, 0x0000, 0x0000, 0x0000, 0x0000, 0x0000, 0x0000,
    0x0000, 0x0000, 0x0000, 0x0000, 0x0000, 0x0000, 0x0000, 0x0000, 0x0000, 0x0000, 0x0000, 0x0000,
    0x0000, 0x0000, 0x0000, 0x0000, 0x0000, 0x0000, 0x0000, 0x0000, 0x0000, 0x0000, 0x0000, 0x0000,
    0x0000, 0x0000, 0x0000, 0x0000, 0x0000, 0x0000, 0x0000, 0x0000, 0x0000, 0x0000, 0x0000, 0x0000,
    0x0000, 0x0000, 0x0000, 0x0000, 0x0000, 0x0000, 0x0000, 0x0000, 0x0000, 0x0000, 0x0000, 0x0000,
    0x0000, 0x0000, 0x0000, 0x0000, 0x0000, 0x0000, 0x0000, 0x0000, 0x0000, 0x0000, 0x0000, 0x0000,
    0x0000, 0x0000, 0x0000, 0x0000, 0x0000, 0x0000, 0x0000, 0x0000, 0x0000, 0x0000, 0x0000, 0x0000,
    0x0000, 0x0000, 0x0000, 0x0000, 0x0000, 0x0000, 0x0000, 0x0000, 0x0000, 0x0000, 0x0000, 0x0000,
    0x0000, 0x0000, 0x0000, 0x0000, 0x0000, 0x0000, 0x0000, 0x0000, 0x0000, 0x0000, 0x0000, 0x0000,
    0x0000, 0x0000, 0x0000, 0x0000, 0x0000, 0x0000, 0x0000, 0x0000, 0x0000, 0x0000, 0x0000, 0x0000,
    0x0000, 0x0000, 0x0000, 0x0000, 0x0000, 0x0000, 0x0000, 0x0000, 0x0000, 0x0000, 0x0000, 0x0000,
    0x0000, 0x0000, 0x0000, 0x0000, 0x0000, 0x0000, 0x0000, 0x0000, 0x0000, 0x0000, 0x0000, 0x0000,
    0x0000, 0x0000, 0x0000, 0x0000, 0x0000, 0x0000, 0x0000, 0x0000, 0x0000, 0x0000, 0x0000, 0x0000,
    0x0000, 0x0000, 0x0000, 0x0000, 0x0000, 0x0000, 0x0000, 0x0000, 0x0000, 0x0000, 0x0000, 0x0000,
    0x0000, 0x0000, 0x0000, 0x0000, 0x0000, 0x0000, 0x0000, 0x0000, 0x0000, 0x0000, 0x0000, 0x0000,
    0x0000, 0x0000, 0x0000, 0x0000, 0x1082, 0x2966, 0x4A49, 0x4A49, 0x4A8A, 0x4A6A, 0x528A, 0x528A,
    0x4A49, 0x5269, 0x7BCE, 0x840F, 0x5269, 0x4A28, 0x528A, 0x528A, 0x526A, 0x4A49, 0x4A4A, 0x4229,
    0x2966, 0x0861, 0x0000, 0x0000, 0x0000, 0x0000, 0x0000, 0x0000, 0x0000, 0x0000, 0x0000, 0x0000,
    0x0000, 0x0000, 0x0000, 0x0000, 0x0000, 0x0000, 0x0000, 0x0000, 0x0000, 0x0000, 0x0000, 0x0000,
    0x0000, 0x0000, 0x0000, 0x0000, 0x0000, 0x0000, 0x0000, 0x0000, 0x0000, 0x0000, 0x0000, 0x0000,
    0x0000, 0x0000, 0x0000, 0x0000, 0x0000, 0x0000, 0x0000, 0x0000, 0x0000, 0x0000, 0x0000, 0x0000,
    0x0000, 0x0000, 0x0000, 0x0000, 0x0000, 0x0000, 0x0000, 0x0000, 0x0000, 0x0000, 0x0000, 0x0000,
    0x0000, 0x0000, 0x0000, 0x0000, 0x0000, 0x0000, 0x0000, 0x0000, 0x0000, 0x0000, 0x0000, 0x0000,
    0x0000, 0x0000, 0x0000, 0x0000, 0x0000, 0x0000, 0x0000, 0x0000, 0x0000, 0x0000, 0x0000, 0x0000,
    0x0000, 0x0000, 0x0000, 0x0000, 0x0000, 0x0000, 0x0000, 0x0000, 0x0000, 0x0000, 0x0000, 0x0000,
    0x0000, 0x0000, 0x0000, 0x0000, 0x0000, 0x0000, 0x0000, 0x0000, 0x0000, 0x0000, 0x0000, 0x0000,
    0x0000, 0x0000, 0x0000, 0x0000, 0x0000, 0x0000, 0x0000, 0x0000, 0x0000, 0x0000, 0x0000, 0x0000,
    0x0000, 0x0000, 0x0000, 0x0000, 0x0000, 0x0000, 0x0000, 0x0000, 0x0000, 0x0000, 0x0000, 0x0000,
    0x0000, 0x0000, 0x0000, 0x0000, 0x0000, 0x0000, 0x0000, 0x0000, 0x0000, 0x0000, 0x0000, 0x0000,
    0x0000, 0x0000, 0x0000, 0x0000, 0x0000, 0x0000, 0x0000, 0x0000, 0x0000, 0x0000, 0x0000, 0x0000,
    0x0000, 0x0000, 0x0000, 0x0000, 0x0000, 0x0000, 0x0000, 0x0000, 0x0000, 0x0000, 0x0000, 0x0000,
    0x0000, 0x0000, 0x0000, 0x0000, 0x0000, 0x0000, 0x0000, 0x0000, 0x0000, 0x0000, 0x0000, 0x0000,
    0x0000, 0x0000, 0x0000, 0x0000, 0x0000, 0x0000, 0x0000, 0x0000, 0x2104, 0x4A49, 0x528A, 0x528A,
    0x4A6A, 0x528A, 0x4A6A, 0x4A49, 0x4208, 0x4208, 0x4A49, 0x4A6A, 0x528A, 0x4A6A, 0x528A, 0x52AB,
    0x4A69, 0x2104, 0x0000, 0x0000, 0x0000, 0x0000, 0x0000, 0x0000, 0x0000, 0x0000, 0x0000, 0x0000,
    0x0000, 0x0000, 0x0000, 0x0000, 0x0000, 0x0000, 0x0000, 0x0000, 0x0000, 0x0000, 0x0000, 0x0000,
    0x0000, 0x0000, 0x0000, 0x0000, 0x0000, 0x0000, 0x0000, 0x0000, 0x0000, 0x0000, 0x0000, 0x0000,
    0x0000, 0x0000, 0x0000, 0x0000, 0x0000, 0x0000, 0x0000, 0x0000, 0x0000, 0x0000, 0x0000, 0x0000,
    0x0000, 0x0000, 0x0000, 0x0000, 0x0000, 0x0000, 0x0000, 0x0000, 0x0000, 0x0000, 0x0000, 0x0000,
    0x0000, 0x0000, 0x0000, 0x0000, 0x0000, 0x0000, 0x0000, 0x0000, 0x0000, 0x0000, 0x0000, 0x0000,
    0x0000, 0x0000, 0x0000, 0x0000, 0x0000, 0x0000, 0x0000, 0x0000, 0x0000, 0x0000, 0x0000, 0x0000,
    0x0000, 0x0000, 0x0000, 0x0000, 0x0000, 0x0000, 0x0000, 0x0000, 0x0000, 0x0000, 0x0000, 0x0000,
    0x0000, 0x0000, 0x0000, 0x0000, 0x0000, 0x0000, 0x0000, 0x0000, 0x0000, 0x0000, 0x0000, 0x0000,
    0x0000, 0x0000, 0x0000, 0x0000, 0x0000, 0x0000, 0x0000, 0x0000, 0x0000, 0x0000, 0x0000, 0x0000,
    0x0000, 0x0000, 0x0000, 0x0000, 0x0000, 0x0000, 0x0000, 0x0000, 0x0000, 0x0000, 0x0000, 0x0000,
    0x0000, 0x0000, 0x0000, 0x0000, 0x0000, 0x0000, 0x0000, 0x0000, 0x0000, 0x0000, 0x0000, 0x0000,
    0x0000, 0x0000, 0x0000, 0x0000, 0x0000, 0x0000, 0x0000, 0x0000, 0x0000, 0x0000, 0x0000, 0x0000,
    0x0000, 0x0000, 0x0000, 0x0000, 0x0000, 0x0000, 0x0000, 0x0000, 0x0000, 0x0000, 0x0000, 0x0000,
    0x0000, 0x0000, 0x0000, 0x0000, 0x0000, 0x0000, 0x0000, 0x0000, 0x0000, 0x0000, 0x0000, 0x0000,
    0x0000, 0x0000, 0x0000, 0x0000, 0x0000, 0x0000, 0x0000, 0x0000, 0x0000, 0x0000, 0x0000, 0x0841,
    0x2986, 0x4A6A, 0x52AB, 0x4A6A, 0x4A49, 0x4A49, 0x4A4A, 0x4A4A, 0x4229, 0x4A6A, 0x4A6A, 0x52AB,
    0x528A, 0x2965, 0x0841, 0x0000, 0x0000, 0x0000, 0x0000, 0x0000, 0x0000, 0x0000, 0x0000, 0x0000,
    0x0000, 0x0000, 0x0000, 0x0000, 0x0000, 0x0000, 0x0000, 0x0000, 0x0000, 0x0000, 0x0000, 0x0000,
    0x0000, 0x0000, 0x0000, 0x0000, 0x0000, 0x0000, 0x0000, 0x0000, 0x0000, 0x0000, 0x0000, 0x0000,
    0x0000, 0x0000, 0x0000, 0x0000, 0x0000, 0x0000, 0x0000, 0x0000, 0x0000, 0x0000, 0x0000, 0x0000,
    0x0000, 0x0000, 0x0000, 0x0000, 0x0000, 0x0000, 0x0000, 0x0000, 0x0000, 0x0000, 0x0000, 0x0000,
    0x0000, 0x0000, 0x0000, 0x0000, 0x0000, 0x0000, 0x0000, 0x0000, 0x0000, 0x0000, 0x0000, 0x0000,
    0x0000, 0x0000, 0x0000, 0x0000, 0x0000, 0x0000, 0x0000, 0x0000, 0x0000, 0x0000, 0x0000, 0x0000,
    0x0000, 0x0000, 0x0000, 0x0000, 0x0000, 0x0000, 0x0000, 0x0000, 0x0000, 0x0000, 0x0000, 0x0000,
    0x0000, 0x0000, 0x0000, 0x0000, 0x0000, 0x0000, 0x0000, 0x0000, 0x0000, 0x0000, 0x0000, 0x0000,
    0x0000, 0x0000, 0x0000, 0x0000, 0x0000, 0x0000, 0x0000, 0x0000, 0x0000, 0x0000, 0x0000, 0x0000,
    0x0000, 0x0000, 0x0000, 0x0000, 0x0000, 0x0000, 0x0000, 0x0000, 0x0000, 0x0000, 0x0000, 0x0000,
    0x0000, 0x0000, 0x0000, 0x0000, 0x0000, 0x0000, 0x0000, 0x0000, 0x0000, 0x0000, 0x0000, 0x0000,
    0x0000, 0x0000, 0x0000, 0x0000, 0x0000, 0x0000, 0x0000, 0x0000, 0x0000, 0x0000, 0x0000, 0x0000,
    0x0000, 0x0000, 0x0000, 0x0000, 0x0000, 0x0000, 0x0000, 0x0000, 0x0000, 0x0000, 0x0000, 0x0000,
    0x0000, 0x0000, 0x0000, 0x0000, 0x0000, 0x0000, 0x0000, 0x0000, 0x0000, 0x0000, 0x0000, 0x0000,
    0x0000, 0x0000, 0x0000, 0x0000, 0x0000, 0x0000, 0x0000, 0x0000, 0x0000, 0x0000, 0x0000, 0x0000,
    0x0000, 0x0000, 0x0000, 0x1082, 0x39C7, 0x528A, 0x4A6A, 0x4A4A, 0x4A49, 0x4A49, 0x4A49, 0x528A,
    0x4A8A, 0x31A7, 0x10A2, 0x0000, 0x0000, 0x0000, 0x0000, 0x0000, 0x0000, 0x0000, 0x0000, 0x0000,
    0x0000, 0x0000, 0x0000, 0x0000, 0x0000, 0x0000, 0x0000, 0x0000, 0x0000, 0x0000, 0x0000, 0x0000,
    0x0000, 0x0000, 0x0000, 0x0000, 0x0000, 0x0000, 0x0000, 0x0000, 0x0000, 0x0000, 0x0000, 0x0000,
    0x0000, 0x0000, 0x0000, 0x0000, 0x0000, 0x0000, 0x0000, 0x0000, 0x0000, 0x0000, 0x0000, 0x0000,
    0x0000, 0x0000, 0x0000, 0x0000, 0x0000, 0x0000, 0x0000, 0x0000, 0x0000, 0x0000, 0x0000, 0x0000,
    0x0000, 0x0000, 0x0000, 0x0000, 0x0000, 0x0000, 0x0000, 0x0000, 0x0000, 0x0000, 0x0000, 0x0000,
    0x0000, 0x0000, 0x0000, 0x0000, 0x0000, 0x0000, 0x0000, 0x0000, 0x0000, 0x0000, 0x0000, 0x0000,
    0x0000, 0x0000, 0x0000, 0x0000, 0x0000, 0x0000, 0x0000, 0x0000, 0x0000, 0x0000, 0x0000, 0x0000,
    0x0000, 0x0000, 0x0000, 0x0000, 0x0000, 0x0000, 0x0000, 0x0000, 0x0000, 0x0000, 0x0000, 0x0000,
    0x0000, 0x0000, 0x0000, 0x0000, 0x0000, 0x0000, 0x0000, 0x0000, 0x0000, 0x0000, 0x0000, 0x0000,
    0x0000, 0x0000, 0x0000, 0x0000, 0x0000, 0x0000, 0x0000, 0x0000, 0x0000, 0x0000, 0x0000, 0x0000,
    0x0000, 0x0000, 0x0000, 0x0000, 0x0000, 0x0000, 0x0000, 0x0000, 0x0000, 0x0000, 0x0000, 0x0000,
    0x0000, 0x0000, 0x0000, 0x0000, 0x0000, 0x0000, 0x0000, 0x0000, 0x0000, 0x0000, 0x0000, 0x0000,
    0x0000, 0x0000, 0x0000, 0x0000, 0x0000, 0x0000, 0x0000, 0x0000, 0x0000, 0x0000, 0x0000, 0x0000,
    0x0000, 0x0000, 0x0000, 0x0000, 0x0000, 0x0000, 0x0000, 0x0000, 0x0000, 0x0000, 0x0000, 0x0000,
    0x0000, 0x0000, 0x0000, 0x0000, 0x0000, 0x0000, 0x0000, 0x0000, 0x0000, 0x0000, 0x0000, 0x0000,
    0x0000, 0x0000, 0x0000, 0x0000, 0x0000, 0x0000, 0x0000, 0x2104, 0x2965, 0x4228, 0x4A49, 0x4228,
    0x4229, 0x3186, 0x18E3, 0x0000, 0x0000, 0x0000, 0x0000, 0x0000, 0x0000, 0x0000, 0x0000, 0x0000,
    0x0000, 0x0000, 0x0000, 0x0000, 0x0000, 0x0000, 0x0000, 0x0000, 0x0000, 0x0000, 0x0000, 0x0000,
    0x0000, 0x0000, 0x0000, 0x0000, 0x0000, 0x0000, 0x0000, 0x0000, 0x0000, 0x0000, 0x0000, 0x0000,
    0x0000, 0x0000, 0x0000, 0x0000, 0x0000, 0x0000, 0x0000, 0x0000, 0x0000, 0x0000, 0x0000, 0x0000,
    0x0000, 0x0000, 0x0000, 0x0000, 0x0000, 0x0000, 0x0000, 0x0000, 0x0000, 0x0000, 0x0000, 0x0000,
    0x0000, 0x0000, 0x0000, 0x0000, 0x0000, 0x0000, 0x0000, 0x0000, 0x0000, 0x0000, 0x0000, 0x0000,
    0x0000, 0x0000, 0x0000, 0x0000, 0x0000, 0x0000, 0x0000, 0x0000, 0x0000, 0x0000, 0x0000, 0x0000,
    0x0000, 0x0000, 0x0000, 0x0000, 0x0000, 0x0000, 0x0000, 0x0000, 0x0000, 0x0000, 0x0000, 0x0000,
    0x0000, 0x0000, 0x0000, 0x0000, 0x0000, 0x0000, 0x0000, 0x0000, 0x0000, 0x0000, 0x0000, 0x0000,
    0x0000, 0x0000, 0x0000, 0x0000, 0x0000, 0x0000, 0x0000, 0x0000, 0x0000, 0x0000, 0x0000, 0x0000,
    0x0000, 0x0000, 0x0000, 0x0000, 0x0000, 0x0000, 0x0000, 0x0000, 0x0000, 0x0000, 0x0000, 0x0000,
    0x0000, 0x0000, 0x0000, 0x0000, 0x0000, 0x0000, 0x0000, 0x0000, 0x0000, 0x0000, 0x0000, 0x0000,
    0x0000, 0x0000, 0x0000, 0x0000, 0x0000, 0x0000, 0x0000, 0x0000, 0x0000, 0x0000, 0x0000, 0x0000,
    0x0000, 0x0000, 0x0000, 0x0000, 0x0000, 0x0000, 0x0000, 0x0000, 0x0000, 0x0000, 0x0000, 0x0000,
    0x0000, 0x0000, 0x0000, 0x0000, 0x0000, 0x0000, 0x0000, 0x0000, 0x0000, 0x0000, 0x0000, 0x0000,
    0x0000, 0x0000, 0x0000, 0x0000, 0x0000, 0x0000, 0x0000, 0x0000, 0x0000, 0x0000, 0x0000, 0x0000,
    0x0000, 0x0000, 0x0000, 0x0000, 0x0000, 0x0000, 0x0000, 0x0000, 0x0000, 0x0000, 0x0000, 0x1082,
    0x10A3, 0x18C3, 0x1082, 0x0000, 0x0000, 0x0000, 0x0000, 0x0000, 0x0000, 0x0000, 0x0000, 0x0000,
    0x0000, 0x0000, 0x0000, 0x0000, 0x0000, 0x0000, 0x0000, 0x0000, 0x0000, 0x0000, 0x0000, 0x0000,
    0x0000, 0x0000, 0x0000, 0x0000, 0x0000, 0x0000, 0x0000, 0x0000, 0x0000, 0x0000, 0x0000, 0x0000,
    0x0000, 0x0000, 0x0000, 0x0000, 0x0000, 0x0000, 0x0000, 0x0000, 0x0000, 0x0000, 0x0000, 0x0000,
    0x0000, 0x0000, 0x0000, 0x0000, 0x0000, 0x0000, 0x0000, 0x0000, 0x0000, 0x0000, 0x0000, 0x0000,
    0x0000, 0x0000, 0x0000, 0x0000, 0x0000, 0x0000, 0x0000, 0x0000, 0x0000, 0x0000, 0x0000, 0x0000,
    0x0000, 0x0000, 0x0000, 0x0000, 0x0000, 0x0000, 0x0000, 0x0000, 0x0000, 0x0000, 0x0000, 0x0000,
    0x0000, 0x0000, 0x0000, 0x0000, 0x0000, 0x0000, 0x0000, 0x0000, 0x0000, 0x0000, 0x0000, 0x0000,
    0x0000, 0x0000, 0x0000, 0x0000, 0x0000, 0x0000, 0x0000, 0x0000,
};
